[19:38:44] [main/INFO] (FabricLoader/GameProvider) Loading Minecraft 1.21.11 with Fabric Loader 0.19.2
[19:38:45] [main/WARN] (FabricLoader/Resolution) Warnings were found!
 - Mod 'Dynamic Lights' (dynamiclights) 1.9.3+mod recommends any version of midnightlib, which is missing!
	 - You should install any version of midnightlib for the optimal experience.
[19:38:45] [main/INFO] (FabricLoader) Loading 73 mods:
	- ali 1.12.0
	- betterf3 17.0.0
	- cloth-config 21.11.153
	   \-- cloth-basic-math 0.6.1
	- continuity 3.0.1-beta.1+1.21.11
	- djs-fixed-progression 1.0.0
	- dynamiclights 1.9.3+mod
	- entityculling 1.10.5
	   |-- transition 1.0.21
	   \-- trender 1.0.15
	- fabric-api 0.141.4+1.21.11
	- fabric-api-base 1.0.5+4ebb5c083e
	- fabric-api-lookup-api-v1 1.6.114+20dc27073e
	- fabric-biome-api-v1 17.1.1+4fc5413f3e
	- fabric-block-api-v1 1.1.10+4ebb5c083e
	- fabric-block-view-api-v2 1.0.39+4ebb5c083e
	- fabric-client-gametest-api-v1 4.3.5+bfe9fcf43e
	- fabric-command-api-v2 2.4.7+6b42a6003e
	- fabric-content-registries-v0 10.2.14+4fc5413f3e
	- fabric-convention-tags-v1 2.1.55+7f945d5b3e
	- fabric-convention-tags-v2 2.17.3+8ef948ba3e
	- fabric-crash-report-info-v1 0.3.23+4ebb5c083e
	- fabric-data-attachment-api-v1 1.8.47+eed0806f3e
	- fabric-data-generation-api-v1 23.4.0+69974c4e3e
	- fabric-dimensions-v1 4.0.28+4fc5413f3e
	- fabric-entity-events-v1 3.1.1+1d0ab4303e
	- fabric-events-interaction-v0 4.1.0+3b89ecf63e
	- fabric-game-rule-api-v1 2.0.3+4fc5413f3e
	- fabric-gametest-api-v1 3.1.27+4fc5413f3e
	- fabric-item-api-v1 11.5.20+d0c46b9e3e
	- fabric-item-group-api-v1 4.2.36+4fc5413f3e
	- fabric-key-binding-api-v1 1.1.7+4fc5413f3e
	- fabric-lifecycle-events-v1 2.6.15+4ebb5c083e
	- fabric-loot-api-v2 3.0.73+3f89f5a53e
	- fabric-loot-api-v3 2.0.20+78c8b4663e
	- fabric-message-api-v1 6.1.12+4ebb5c083e
	- fabric-model-loading-api-v1 6.0.15+4fc5413f3e
	- fabric-networking-api-v1 5.1.5+ae1e07683e
	- fabric-object-builder-api-v1 21.1.39+4fc5413f3e
	- fabric-particles-v1 4.2.11+4fc5413f3e
	- fabric-recipe-api-v1 8.2.3+4ebb5c083e
	- fabric-registry-sync-v0 6.2.5+1718722b3e
	- fabric-renderer-api-v1 8.0.3+f4ffd2e53e
	- fabric-renderer-indigo 5.0.3+f4ffd2e53e
	- fabric-rendering-fluids-v1 3.1.43+4ebb5c083e
	- fabric-rendering-v1 16.2.10+0290ad933e
	- fabric-resource-conditions-api-v1 5.0.35+4fc5413f3e
	- fabric-resource-loader-v0 3.3.4+4fc5413f3e
	- fabric-resource-loader-v1 1.0.10+78c8b4663e
	- fabric-screen-api-v1 3.1.7+4ebb5c083e
	- fabric-screen-handler-api-v1 1.3.161+4fc5413f3e
	- fabric-serialization-api-v1 1.0.5+4ebb5c083e
	- fabric-sound-api-v1 1.0.51+4fc5413f3e
	- fabric-tag-api-v1 1.2.20+4fc5413f3e
	- fabric-transfer-api-v1 6.0.25+4fc5413f3e
	- fabric-transitive-access-wideners-v1 7.1.0+014c8cec3e
	- fabricloader 0.19.2
	- ferritecore 8.2.0
	- jade 21.1.6+fabric
	- java 21
	- jei 27.4.0.24
	- lithium 0.21.4+mc1.21.11
	- minecraft 1.21.11
	- mixinextras 0.5.4
	- modmenu 17.0.0
	- moreculling 1.6.2
	   |-- conditional-mixin 0.6.3
	   \-- mixinsquared 0.2.0
	- mousetweaks 2.30
	- placeholder-api 2.8.2+1.21.10
	- reeses-sodium-options 2.2.0+mc1.21.11
	- sodium 0.8.13-beta.2+mc1.21.11
	- sodium-extra 0.8.3+mc1.21.11
[19:38:55] [main/WARN] (FabricLoader/ModRemap) Cannot remap this$0 because it does not exist in any of the targets [net/minecraft/class_327$class_5232] or their parents.
[19:38:55] [pool-2-thread-2/WARN] (FabricLoader/ModRemap) Cannot remap lambda$addCloudsPass$3 because it does not exist in any of the targets [net/minecraft/class_761]
[19:38:55] [pool-2-thread-6/WARN] (FabricLoader/ModRemap) Cannot remap lambda$updateBlockEntityTicker$9 because it does not exist in any of the targets [net/minecraft/class_2818]
[19:38:55] [pool-2-thread-6/WARN] (FabricLoader/ModRemap) Cannot remap lambda$updateBlockEntityTicker$9 because it does not exist in any of the targets [net/minecraft/class_2818]
[19:38:55] [pool-2-thread-5/WARN] (FabricLoader/ModRemap) Cannot remap renderSingleBlock because it does not exist in any of the targets [net/minecraft/class_776]
[19:38:55] [pool-2-thread-9/WARN] (FabricLoader/ModRemap) Cannot remap lambda$loadBlockModels$6 because it does not exist in any of the targets [net/minecraft/class_1092]
[19:38:56] [pool-2-thread-14/WARN] (FabricLoader/ModRemap) Cannot remap lambda$create$5 because it does not exist in any of the targets [net/minecraft/class_4246]
[19:38:56] [pool-2-thread-14/WARN] (FabricLoader/ModRemap) Cannot remap lambda$create$8 because it does not exist in any of the targets [net/minecraft/class_4246]
[19:38:56] [pool-2-thread-14/WARN] (FabricLoader/ModRemap) Cannot remap iterateVisibleBlockEntities because it does not exist in any of the targets [net/minecraft/class_761]
[19:38:56] [pool-2-thread-14/WARN] (FabricLoader/ModRemap) Cannot remap lambda$addMainPass$1 because it does not exist in any of the targets [net/minecraft/class_761]
[19:38:56] [pool-2-thread-6/WARN] (FabricLoader/ModRemap) Cannot remap lambda$create$6 because it does not exist in any of the targets [net/minecraft/class_4096]
[19:38:56] [pool-2-thread-6/WARN] (FabricLoader/ModRemap) Cannot remap lambda$create$8 because it does not exist in any of the targets [net/minecraft/class_4096]
[19:38:56] [pool-2-thread-6/WARN] (FabricLoader/ModRemap) Cannot remap lambda$create$8 because it does not exist in any of the targets [net/minecraft/class_4096]
[19:38:56] [pool-2-thread-11/WARN] (FabricLoader/ModRemap) Cannot remap getHeldItem because it does not exist in any of the targets [net/minecraft/class_3727]
[19:38:56] [pool-2-thread-3/WARN] (FabricLoader/ModRemap) Cannot remap lambda$getTicker$0 because it does not exist in any of the targets [net/minecraft/class_8236]
[19:38:56] [pool-2-thread-10/WARN] (FabricLoader/ModRemap) Cannot remap lambda$getTicker$2 because it does not exist in any of the targets [net/minecraft/class_7268]
[19:38:56] [pool-2-thread-10/WARN] (FabricLoader/ModRemap) Cannot remap lambda$init$2 because it does not exist in any of the targets [net/minecraft/class_429]
[19:38:56] [pool-2-thread-10/WARN] (FabricLoader/ModRemap) Cannot remap lambda$getTicker$1 because it does not exist in any of the targets [net/minecraft/class_5703]
[19:39:10] [main/INFO] (FabricLoader/Mixin) SpongePowered MIXIN Subsystem Version=0.8.7 Source=file:/C:/Users/RK/.gradle/caches/modules-2/files-2.1/net.fabricmc/sponge-mixin/0.17.2+mixin.0.8.7/edf98d1d98229e46e36c61774ae2b54dcd852981/sponge-mixin-0.17.2+mixin.0.8.7.jar Service=Knot/Fabric Env=CLIENT
[19:39:10] [main/INFO] (FabricLoader/Mixin) Loaded Fabric development mappings for mixin remapper!
[19:39:11] [main/INFO] (FabricLoader/Mixin) Compatibility level set to JAVA_21
[19:39:12] [main/INFO] (Sodium) Loaded configuration file for Sodium: 36 options available, 0 override(s) found
[19:39:12] [main/INFO] (Lithium) Loaded configuration file for Lithium: 171 options available, 0 override(s) found.
[19:39:12] [main/WARN] (FabricLoader/Mixin) Reference map 'moreculling.refmap.json' for moreculling.mixins.json could not be read. If this is a development environment you can ignore this message
[19:39:12] [main/WARN] (FabricLoader/Mixin) Reference map 'moreculling.refmap.json' for moreculling.fabric.mixins.json could not be read. If this is a development environment you can ignore this message
[19:39:12] [main/INFO] (Sodium Extra Config) Loaded configuration file for Sodium Extra: 26 options available, 0 override(s) found
[19:39:12] [main/WARN] (FabricLoader/Mixin) Reference map 'sodium-extra.refmap.json' for sodium-extra.mixins.json could not be read. If this is a development environment you can ignore this message
[19:39:16] [main/WARN] (FabricLoader/Mixin) Error loading class: net/caffeinemc/mods/sodium/client/render/chunk/compile/pipeline/BlockOcclusionCache (java.lang.ClassNotFoundException: net/caffeinemc/mods/sodium/client/render/chunk/compile/pipeline/BlockOcclusionCache)
[19:39:17] [main/INFO] (Sodium-GraphicsAdapterProbe) Searching for graphics cards...
[19:39:17] [main/INFO] (Sodium-GraphicsAdapterProbe) Found graphics adapter: AdapterInfo{vendor=NVIDIA, description='NVIDIA GeForce RTX 3050 Laptop GPU', adapterType=0x00002313, openglIcdFilePath='C:\WINDOWS\System32\DriverStore\FileRepository\nvami.inf_amd64_88ddf34dcee55c5c\nvoglv64.dll', openglIcdVersion=32.0.15.9571}
[19:39:17] [main/INFO] (Sodium-GraphicsAdapterProbe) Found graphics adapter: AdapterInfo{vendor=AMD, description='AMD Radeon(TM) Graphics', adapterType=0x0000232B, openglIcdFilePath='C:\WINDOWS\System32\DriverStore\FileRepository\u0407052.inf_amd64_84d15514ad17ffa0\B406619\atig6pxx.dll', openglIcdVersion=31.0.21921.1000}
[19:39:17] [main/WARN] (Sodium-Workarounds) Sodium has applied one or more workarounds to prevent crashes or other issues on your system: [NVIDIA_THREADED_OPTIMIZATIONS_BROKEN, AMD_GAME_OPTIMIZATION_BROKEN]
[19:39:17] [main/WARN] (Sodium-Workarounds) This is not necessarily an issue, but it may result in certain features or optimizations being disabled. You can sometimes fix these issues by upgrading your graphics driver.
[19:39:17] [main/INFO] (FabricLoader/MixinExtras|Service) Initializing MixinExtras via com.llamalad7.mixinextras.service.MixinExtrasServiceImpl(version=0.5.4).
[19:39:21] [Datafixer Bootstrap/INFO] (Minecraft) 287 Datafixer optimizations took 1351 milliseconds
[19:39:21] [main/WARN] (PerfmonDisabled) Invalid registry value type detected for PerfOS counters. Should be REG_DWORD. Ignoring: HKEY_LOCAL_MACHINE\SYSTEM\CurrentControlSet\Services\PerfOS\Performance\Disable Performance Counters.
[19:39:33] [Render thread/INFO] (Minecraft) Environment: Environment[sessionHost=https://sessionserver.mojang.com, servicesHost=https://api.minecraftservices.com, profilesHost=https://api.mojang.com, name=PROD]
[19:39:33] [Render thread/INFO] (Minecraft) Setting user: Player548
[19:39:34] [Render thread/INFO] (djs-fixed-progression) Initializing DJ's Fixed Progression.
[19:39:34] [Download-2/ERROR] (Minecraft) Failed to fetch user properties
com.mojang.authlib.exceptions.InvalidCredentialsException: Status: 401
	at knot//com.mojang.authlib.exceptions.MinecraftClientHttpException.toAuthenticationException(MinecraftClientHttpException.java:59)
	at knot//com.mojang.authlib.yggdrasil.YggdrasilUserApiService.fetchProperties(YggdrasilUserApiService.java:150)
	at knot//net.minecraft.client.Minecraft.method_55608(Minecraft.java:450)
	at java.base/java.util.concurrent.CompletableFuture$AsyncSupply.run(CompletableFuture.java:1768)
	at java.base/java.util.concurrent.ThreadPoolExecutor.runWorker(ThreadPoolExecutor.java:1144)
	at java.base/java.util.concurrent.ThreadPoolExecutor$Worker.run(ThreadPoolExecutor.java:642)
	at java.base/java.lang.Thread.run(Thread.java:1583)
Caused by: com.mojang.authlib.exceptions.MinecraftClientHttpException: Status: 401
	at knot//com.mojang.authlib.minecraft.client.MinecraftClient.readInputStream(MinecraftClient.java:103)
	at knot//com.mojang.authlib.minecraft.client.MinecraftClient.get(MinecraftClient.java:56)
	at knot//com.mojang.authlib.yggdrasil.YggdrasilUserApiService.fetchProperties(YggdrasilUserApiService.java:121)
	... 5 more
[19:39:34] [Render thread/INFO] (FabricPlatformHelper) Registered ALI plugin [ali] com.yanny.ali.plugin.Plugin
[19:39:34] [Render thread/INFO] (FabricPlatformHelper) Found 1 plugin(s)
[19:39:34] [Render thread/INFO] (CorePluginManager) Registering common plugin data...
[19:39:34] [Render thread/INFO] (ConfigUtils) Loading configuration file C:\Users\RK\Documents\Minecraft Modding\djs-fixed-progression-template-1.21.11\run_client_2\config\ali\ali_common.json
[19:39:34] [Render thread/INFO] (ManagedRegistry) Registered 1 entity variants
[19:39:34] [Render thread/INFO] (CorePluginManager) Registering common plugin data finished
[19:39:34] [Render thread/INFO] (dynamiclights) [Dynamic Lights] Loaded Dynamic Lights by Tschipcraft successfully!
[19:39:35] [Render thread/INFO] (PluginCaller) Sending ConfigManager...
[19:39:35] [Render thread/INFO] (PluginCaller) Sending ConfigManager took 3.035 milliseconds
[19:39:35] [Render thread/INFO] (betterf3) [BetterF3] Loading...
[19:39:35] [Render thread/INFO] (betterf3) [BetterF3] All done!
[19:39:35] [Render thread/INFO] (Minecraft) [STDOUT]: [TRender] Initializing Client...
[19:39:35] [Render thread/INFO] (CorePluginManager) Registering client plugin data...
[19:39:35] [Render thread/INFO] (ManagedRegistry) Registered 17 node widgets
[19:39:35] [Render thread/INFO] (ManagedRegistry) Registered 17 data node factories
[19:39:35] [Render thread/INFO] (CorePluginManager) Registering client plugin data finished
[19:39:35] [Render thread/INFO] (Mod Menu/Update Checker) Checking mod updates...
[19:39:35] [Render thread/INFO] (Indigo) [Indigo] Different rendering plugin detected; not applying Indigo.
[19:39:35] [Render thread/INFO] (Minecraft) [STDOUT]: [Mouse Tweaks] Main.initialize()
[19:39:35] [Render thread/INFO] (Minecraft) [STDOUT]: [Mouse Tweaks] Initialized.
[19:39:36] [ModMenu/Update Checker/Fabric Loader/INFO] (Mod Menu/Update Checker) Update available for 'fabricloader@0.19.2'
[19:39:36] [Worker-Main-1/INFO] (Mod Menu/Update Checker) Update available for 'sodium@0.8.13-beta.2+mc1.21.11', (-> mc1.21.11-0.8.13-fabric)
[19:39:36] [Worker-Main-1/INFO] (Mod Menu/Update Checker) Update available for 'reeses-sodium-options@2.2.0+mc1.21.11', (-> mc1.21.11-2.2.3+fabric)
[19:39:36] [Worker-Main-1/INFO] (Mod Menu/Update Checker) Update available for 'sodium-extra@0.8.3+mc1.21.11', (-> mc1.21.11-0.9.3+fabric)
[19:39:36] [Render thread/INFO] (Minecraft) Backend library: LWJGL version 3.3.3-snapshot
[19:39:36] [Render thread/INFO] (Sodium-NvidiaWorkarounds) Modifying process environment to apply workarounds for the NVIDIA graphics driver...
[19:39:38] [Render thread/INFO] (Minecraft) OpenGL Vendor: NVIDIA Corporation
[19:39:38] [Render thread/INFO] (Minecraft) OpenGL Renderer: NVIDIA GeForce RTX 3050 Laptop GPU/PCIe/SSE2
[19:39:38] [Render thread/INFO] (Minecraft) OpenGL Version: 3.3.0 NVIDIA 595.71
[19:39:38] [Render thread/INFO] (Sodium-NvidiaWorkarounds) Modifying OpenGL context to apply workarounds for the NVIDIA graphics driver...
[19:39:38] [Render thread/INFO] (Sodium-NvidiaWorkarounds) Enabling GL_DEBUG_OUTPUT_SYNCHRONOUS to force the NVIDIA driver to disable threaded command submission
[19:39:38] [Render thread/INFO] (Minecraft) Using optional rendering extensions: GL_ARB_buffer_storage, GL_KHR_debug, GL_ARB_vertex_attrib_binding, GL_ARB_direct_state_access, GL_EXT_texture_filter_anisotropic
[19:39:40] [Download-1/INFO] (Minecraft) Could not authorize you against Realms server: java.lang.RuntimeException: Failed to parse into SignedJWT: FabricMC
[19:39:40] [Download-1/ERROR] (Minecraft) Failed to fetch Realms feature flags
com.mojang.realmsclient.exception.RealmsServiceException: Realms authentication error with message 'java.lang.RuntimeException: Failed to parse into SignedJWT: FabricMC'
	at knot//com.mojang.realmsclient.client.RealmsClient.execute(RealmsClient.java:505)
	at knot//com.mojang.realmsclient.client.RealmsClient.fetchFeatureFlags(RealmsClient.java:160)
	at java.base/java.util.concurrent.CompletableFuture$AsyncSupply.run(CompletableFuture.java:1768)
	at java.base/java.util.concurrent.ThreadPoolExecutor.runWorker(ThreadPoolExecutor.java:1144)
	at java.base/java.util.concurrent.ThreadPoolExecutor$Worker.run(ThreadPoolExecutor.java:642)
	at java.base/java.lang.Thread.run(Thread.java:1583)
[19:39:40] [Render thread/INFO] (Minecraft) Reloading ResourceManager: vanilla, ali, betterf3, cloth-config, conditional-mixin, continuity, djs-fixed-progression, dynamiclights, entityculling, fabric-api, fabric-api-base, fabric-api-lookup-api-v1, fabric-biome-api-v1, fabric-block-api-v1, fabric-block-view-api-v2, fabric-client-gametest-api-v1, fabric-command-api-v2, fabric-content-registries-v0, fabric-convention-tags-v1, fabric-convention-tags-v2, fabric-crash-report-info-v1, fabric-data-attachment-api-v1, fabric-data-generation-api-v1, fabric-dimensions-v1, fabric-entity-events-v1, fabric-events-interaction-v0, fabric-game-rule-api-v1, fabric-gametest-api-v1, fabric-item-api-v1, fabric-item-group-api-v1, fabric-key-binding-api-v1, fabric-lifecycle-events-v1, fabric-loot-api-v2, fabric-loot-api-v3, fabric-message-api-v1, fabric-model-loading-api-v1, fabric-networking-api-v1, fabric-object-builder-api-v1, fabric-particles-v1, fabric-recipe-api-v1, fabric-registry-sync-v0, fabric-renderer-api-v1, fabric-renderer-indigo, fabric-rendering-fluids-v1, fabric-rendering-v1, fabric-resource-conditions-api-v1, fabric-resource-loader-v0, fabric-resource-loader-v1, fabric-screen-api-v1, fabric-screen-handler-api-v1, fabric-serialization-api-v1, fabric-sound-api-v1, fabric-tag-api-v1, fabric-transfer-api-v1, fabric-transitive-access-wideners-v1, fabricloader, jade, jei, lithium, modmenu, moreculling, placeholder-api, reeses-sodium-options, sodium, sodium-extra, trender
[19:39:40] [Render thread/WARN] (ResourceLoaderImpl) The resource reloader at net.minecraft.client.Minecraft$$Lambda/0x000001fc2d14ca58 does not use identifiable registration making ordering support more difficult for other modders.
[19:39:40] [Render thread/WARN] (ResourceLoaderImpl) The resource reloader at mezz.jei.common.gui.textures.JeiAtlasManager does not use identifiable registration making ordering support more difficult for other modders.
[19:39:40] [Render thread/INFO] (moreculling) Cached all modded block culling states
[19:39:40] [Render thread/INFO] (Jade) Start loading plugin from Jade: snownee.jade.addon.core.CorePlugin
[19:39:40] [Render thread/INFO] (Jade) snownee.jade.addon.core.CorePlugin loaded: 125.8 ms
[19:39:40] [Render thread/INFO] (Jade) Start loading plugin from Jade: snownee.jade.addon.vanilla.VanillaPlugin
[19:39:41] [Worker-Main-16/INFO] (Minecraft) Found unifont_all_no_pua-17.0.01.hex, loading
[19:39:41] [Render thread/INFO] (Jade) snownee.jade.addon.vanilla.VanillaPlugin loaded: 910.8 ms
[19:39:42] [Render thread/INFO] (Jade) Start loading plugin from Jade: snownee.jade.addon.universal.UniversalPlugin
[19:39:42] [Render thread/INFO] (Jade) snownee.jade.addon.universal.UniversalPlugin loaded: 75.50 ms
[19:39:42] [Render thread/INFO] (Jade) Start loading plugin from Jade: snownee.jade.addon.access.AccessibilityPlugin
[19:39:42] [Render thread/INFO] (Jade) snownee.jade.addon.access.AccessibilityPlugin loaded: 34.08 ms
[19:39:42] [Render thread/INFO] (Jade) Start loading plugin from Jade: snownee.jade.addon.debug.DebugPlugin
[19:39:42] [Render thread/INFO] (Jade) snownee.jade.addon.debug.DebugPlugin loaded: 7.856 ms
[19:39:42] [Worker-Main-16/INFO] (Minecraft) Found unifont_jp_patch-17.0.01.hex, loading
[19:39:42] [Worker-Main-16/INFO] (Minecraft) Found unifont_pua-17.0.01.hex, loading
[19:39:47] [Render thread/INFO] (Minecraft) OpenAL initialized on device OpenAL Soft on Speakers (BOOM 3)
[19:39:47] [Render thread/INFO] (Minecraft) Sound engine started
[19:39:47] [Render thread/INFO] (Minecraft) Created: 512x256x0 minecraft:textures/atlas/particles.png-atlas
[19:39:47] [Render thread/INFO] (Minecraft) Created: 128x128x0 minecraft:textures/atlas/decorated_pot.png-atlas
[19:39:47] [Render thread/INFO] (Minecraft) Created: 2048x1024x0 minecraft:textures/atlas/armor_trims.png-atlas
[19:39:47] [Render thread/INFO] (Minecraft) Created: 512x256x0 minecraft:textures/atlas/paintings.png-atlas
[19:39:47] [Render thread/INFO] (Minecraft) Created: 1024x512x0 minecraft:textures/atlas/shield_patterns.png-atlas
[19:39:47] [Render thread/INFO] (Minecraft) Created: 2048x2048x4 minecraft:textures/atlas/blocks.png-atlas
[19:39:47] [Render thread/INFO] (Minecraft) Created: 512x512x0 minecraft:textures/atlas/chest.png-atlas
[19:39:47] [Render thread/INFO] (Minecraft) Created: 256x128x0 minecraft:textures/atlas/celestials.png-atlas
[19:39:47] [Render thread/INFO] (Minecraft) Created: 1024x512x0 minecraft:textures/atlas/banner_patterns.png-atlas
[19:39:47] [Render thread/INFO] (Minecraft) Created: 512x512x0 minecraft:textures/atlas/beds.png-atlas
[19:39:47] [Render thread/INFO] (Minecraft) Created: 1024x512x0 minecraft:textures/atlas/items.png-atlas
[19:39:47] [Render thread/INFO] (Minecraft) Created: 1024x1024x0 minecraft:textures/atlas/gui.png-atlas
[19:39:47] [Render thread/INFO] (Minecraft) Created: 128x64x0 minecraft:textures/atlas/map_decorations.png-atlas
[19:39:47] [Render thread/INFO] (Minecraft) Created: 512x256x0 minecraft:textures/atlas/signs.png-atlas
[19:39:47] [Render thread/INFO] (Minecraft) Created: 512x512x0 minecraft:textures/atlas/shulker_boxes.png-atlas
[19:39:48] [Render thread/INFO] (moreculling) 32484 cache(s) were cleared!
[19:39:48] [Render thread/INFO] (Minecraft) Created: 256x256x0 jei:textures/atlas/gui.png-atlas
[19:39:48] [IO-Worker-1/INFO] (Minecraft) Could not authorize you against Realms server: java.lang.RuntimeException: Failed to parse into SignedJWT: FabricMC
[19:39:48] [IO-Worker-1/ERROR] (Minecraft) Couldn't connect to realms
com.mojang.realmsclient.exception.RealmsServiceException: Realms authentication error with message 'java.lang.RuntimeException: Failed to parse into SignedJWT: FabricMC'
	at knot//com.mojang.realmsclient.client.RealmsClient.execute(RealmsClient.java:505)
	at knot//com.mojang.realmsclient.client.RealmsClient.clientCompatible(RealmsClient.java:283)
	at knot//com.mojang.realmsclient.RealmsAvailability.method_52627(RealmsAvailability.java:51)
	at java.base/java.util.concurrent.CompletableFuture$AsyncSupply.run(CompletableFuture.java:1768)
	at java.base/java.util.concurrent.ThreadPoolExecutor.runWorker(ThreadPoolExecutor.java:1144)
	at java.base/java.util.concurrent.ThreadPoolExecutor$Worker.run(ThreadPoolExecutor.java:642)
	at java.base/java.lang.Thread.run(Thread.java:1583)
[19:40:47] [Render thread/INFO] (ClientLifecycleHandler) Stopping JEI
[19:40:47] [Render thread/INFO] (JeiStarter) Stopping JEI
[19:40:47] [Render thread/INFO] (PluginCaller) Sending Runtime Unavailable...
[19:40:47] [Render thread/INFO] (FabricGuiPlugin) Stopping JEI GUI
[19:40:47] [Render thread/INFO] (PluginCaller) Sending Runtime Unavailable took 991.6 microseconds
[19:40:47] [Render thread/INFO] (Minecraft) Connecting to localhost, 25565
[19:40:47] [Download-1/ERROR] (Minecraft) Failed to retrieve profile key pair
com.mojang.authlib.exceptions.MinecraftClientHttpException: Status: 401
	at knot//com.mojang.authlib.minecraft.client.MinecraftClient.readInputStream(MinecraftClient.java:103)
	at knot//com.mojang.authlib.minecraft.client.MinecraftClient.post(MinecraftClient.java:64)
	at knot//com.mojang.authlib.yggdrasil.YggdrasilUserApiService.getKeyPair(YggdrasilUserApiService.java:61)
	at knot//net.minecraft.client.multiplayer.AccountProfileKeyPairManager.fetchProfileKeyPair(AccountProfileKeyPairManager.java:145)
	at knot//net.minecraft.client.multiplayer.AccountProfileKeyPairManager.method_44291(AccountProfileKeyPairManager.java:76)
	at java.base/java.util.concurrent.CompletableFuture$AsyncSupply.run(CompletableFuture.java:1768)
	at java.base/java.util.concurrent.ThreadPoolExecutor.runWorker(ThreadPoolExecutor.java:1144)
	at java.base/java.util.concurrent.ThreadPoolExecutor$Worker.run(ThreadPoolExecutor.java:642)
	at java.base/java.lang.Thread.run(Thread.java:1583)
[19:40:50] [Render thread/INFO] (ChunkBuilder) Started 10 worker threads
[19:40:51] [Render thread/INFO] (AliClientRegistry) Player login received
[19:40:51] [Render thread/INFO] (LoggedTimer) Starting JEI...
[19:40:51] [Render thread/INFO] (PluginCaller) Registering item subtypes...
[19:40:51] [Render thread/INFO] (PluginCaller) Registering item subtypes took 7.054 milliseconds
[19:40:51] [Render thread/INFO] (PluginCaller) Registering fluid subtypes...
[19:40:51] [Render thread/INFO] (PluginCaller) Registering fluid subtypes took 2.288 milliseconds
[19:40:51] [Render thread/INFO] (PluginCaller) Registering ingredients...
[19:40:51] [Render thread/INFO] (PluginCallerTimerRunnable) Registering ingredients: jei:minecraft took 550.5 milliseconds
[19:40:51] [Render thread/INFO] (PluginCaller) Registering ingredients took 553.2 milliseconds
[19:40:51] [Render thread/INFO] (PluginCaller) Registering extra ingredients...
[19:40:51] [Render thread/INFO] (PluginCaller) Registering extra ingredients took 666.9 microseconds
[19:40:51] [Render thread/INFO] (PluginCaller) Registering search ingredient aliases...
[19:40:51] [Render thread/INFO] (PluginCaller) Registering search ingredient aliases took 1.303 milliseconds
[19:40:51] [Render thread/INFO] (PluginCaller) Registering Mod Info...
[19:40:51] [Render thread/INFO] (PluginCaller) Registering Mod Info took 33.99 milliseconds
[19:40:51] [Render thread/INFO] (PluginCaller) Registering categories...
[19:40:51] [Render thread/INFO] (PluginCallerTimerRunnable) Registering categories: jei:minecraft took 51.07 milliseconds
[19:40:52] [Render thread/INFO] (PluginCallerTimerRunnable) Registering categories: ali:jei_plugin took 59.14 milliseconds
[19:40:52] [Render thread/INFO] (PluginCaller) Registering categories took 120.0 milliseconds
[19:40:52] [Render thread/INFO] (PluginCaller) Registering vanilla category extensions...
[19:40:52] [Render thread/INFO] (PluginCaller) Registering vanilla category extensions took 7.301 milliseconds
[19:40:52] [Render thread/INFO] (PluginCaller) Registering recipe catalysts...
[19:40:52] [Render thread/INFO] (PluginCaller) Registering recipe catalysts took 5.740 milliseconds
[19:40:52] [Render thread/INFO] (LoggedTimer) Building recipe registry...
[19:40:52] [Render thread/INFO] (LoggedTimer) Building recipe registry took 437.5 milliseconds
[19:40:52] [Render thread/INFO] (PluginCaller) Registering advanced plugins...
[19:40:52] [Render thread/INFO] (PluginCaller) Registering advanced plugins took 646.7 microseconds
[19:40:52] [Render thread/INFO] (PluginCaller) Registering recipes...
[19:40:53] [Render thread/INFO] (PluginCallerTimerRunnable) Registering recipes: jei:minecraft took 1.226 seconds
[19:40:53] [Render thread/INFO] (GenericUtils) Starting data registration...
[19:40:53] [Render thread/INFO] (GenericUtils) Data not ready. Requesting data from server (Attempt 1/3)
[19:40:53] [Netty NIO IO #0/INFO] (AliClientRegistry) Started receiving loot data
[19:40:53] [Render thread/INFO] (JeiCompatibility) Adding loot information to JEI
[19:40:53] [Netty NIO IO #0/INFO] (AliClientRegistry) Received last 2 chunk(s). Done receiving data.
[19:40:53] [Netty NIO IO #0/INFO] (AliClientRegistry) Finished receiving loot data
[19:40:54] [Render thread/ERROR] (IngredientSupplierHelper) Found a broken recipe, failed to setRecipe with RecipeLayoutBuilder:
Recipe is from Mod: <unknown>
Recipe Id: null
Recipe Class: class com.yanny.ali.jei.compatibility.jei.RecipeHolder
Recipe Type: ali:trade_loot
java.lang.NullPointerException: Cannot invoke "com.yanny.aci.manager.CoreServerRegistry.getTooltipCache()" because "com.yanny.aci.manager.CorePluginManager.INSTANCE.serverRegistry" is null
	at knot//com.yanny.aci.tooltip.TooltipNode.empty(TooltipNode.java:311)
	at knot//com.yanny.ali.plugin.common.trades.TradeNode.getTooltip(TradeNode.java:52)
	at knot//com.yanny.ali.plugin.client.WidgetUtils.getAllWidget(WidgetUtils.java:34)
	at knot//com.yanny.ali.plugin.client.widget.trades.TradeWidget.getLootGroupWidget(TradeWidget.java:19)
	at knot//com.yanny.ali.api.ListWidget.<init>(ListWidget.java:36)
	at knot//com.yanny.ali.api.ListWidget.<init>(ListWidget.java:32)
	at knot//com.yanny.ali.plugin.client.widget.trades.TradeWidget.<init>(TradeWidget.java:13)
	at knot//com.yanny.ali.jei.compatibility.jei.JeiTradeLoot.getRootWidget(JeiTradeLoot.java:114)
	at knot//com.yanny.ali.jei.compatibility.jei.JeiBaseLoot.setRecipe(JeiBaseLoot.java:91)
	at knot//com.yanny.ali.jei.compatibility.jei.JeiTradeLoot.setRecipe(JeiTradeLoot.java:43)
	at knot//com.yanny.ali.jei.compatibility.jei.JeiTradeLoot.setRecipe(JeiTradeLoot.java:36)
	at knot//mezz.jei.library.util.IngredientSupplierHelper.getIngredientSupplier(IngredientSupplierHelper.java:24)
	at knot//mezz.jei.library.recipes.RecipeManagerInternal.addRecipe(RecipeManagerInternal.java:140)
	at knot//mezz.jei.library.recipes.RecipeManagerInternal.addRecipes(RecipeManagerInternal.java:113)
	at knot//mezz.jei.library.load.registration.RecipeRegistration.addRecipes(RecipeRegistration.java:52)
	at knot//com.yanny.ali.jei.compatibility.JeiCompatibility.registerRecipes(JeiCompatibility.java:151)
	at knot//com.yanny.ali.jei.compatibility.JeiCompatibility.registerData(JeiCompatibility.java:120)
	at knot//com.yanny.ali.compatibility.common.GenericUtils.register(GenericUtils.java:296)
	at knot//com.yanny.ali.jei.compatibility.JeiCompatibility.registerRecipes(JeiCompatibility.java:84)
	at knot//mezz.jei.library.load.PluginLoader.lambda$createRecipeManager$15(PluginLoader.java:213)
	at knot//mezz.jei.library.load.PluginCaller.callOnPlugins(PluginCaller.java:26)
	at knot//mezz.jei.library.load.PluginLoader.createRecipeManager(PluginLoader.java:213)
	at knot//mezz.jei.library.startup.JeiStarter.start(JeiStarter.java:148)
	at knot//mezz.jei.fabric.startup.ClientLifecycleHandler.startJei(ClientLifecycleHandler.java:91)
	at knot//mezz.jei.fabric.startup.ClientLifecycleHandler.lambda$registerEvents$0(ClientLifecycleHandler.java:52)
	at knot//mezz.jei.fabric.events.JeiLifecycleEvents.lambda$static$4(JeiLifecycleEvents.java:28)
	at knot//mezz.jei.fabric.JustEnoughItemsClient.lambda$onInitializeClient$0(JustEnoughItemsClient.java:30)
	at knot//net.fabricmc.fabric.api.client.recipe.v1.sync.ClientRecipeSynchronizedEvent.lambda$static$0(ClientRecipeSynchronizedEvent.java:34)
	at knot//net.fabricmc.fabric.impl.recipe.sync.client.RecipeSyncImplClient.onRecipeSyncPacket(RecipeSyncImplClient.java:55)
	at knot//net.fabricmc.fabric.impl.networking.client.ClientPlayNetworkAddon.receive(ClientPlayNetworkAddon.java:77)
	at knot//net.fabricmc.fabric.impl.networking.client.ClientPlayNetworkAddon.receive(ClientPlayNetworkAddon.java:39)
	at knot//net.fabricmc.fabric.impl.networking.AbstractChanneledNetworkAddon.handle(AbstractChanneledNetworkAddon.java:102)
	at knot//net.minecraft.client.multiplayer.ClientCommonPacketListenerImpl.handler$cfk000$fabric-networking-api-v1$onCustomPayload(ClientCommonPacketListenerImpl.java:1050)
	at knot//net.minecraft.client.multiplayer.ClientCommonPacketListenerImpl.handleCustomPayload(ClientCommonPacketListenerImpl.java)
	at knot//net.minecraft.network.protocol.common.ClientboundCustomPayloadPacket.handle(ClientboundCustomPayloadPacket.java:38)
	at knot//net.minecraft.network.protocol.common.ClientboundCustomPayloadPacket.handle(ClientboundCustomPayloadPacket.java)
	at knot//net.minecraft.network.PacketProcessor$ListenerAndPacket.handle(PacketProcessor.java:50)
	at knot//net.minecraft.network.PacketProcessor.processQueuedPackets(PacketProcessor.java:37)
	at knot//net.minecraft.client.Minecraft.runTick(Minecraft.java:1291)
	at knot//net.minecraft.client.Minecraft.run(Minecraft.java:925)
	at knot//net.minecraft.client.main.Main.main(Main.java:222)
	at net.fabricmc.loader.impl.game.minecraft.MinecraftGameProvider.launch(MinecraftGameProvider.java:514)
	at net.fabricmc.loader.impl.launch.knot.Knot.launch(Knot.java:72)
	at net.fabricmc.loader.impl.launch.knot.KnotClient.main(KnotClient.java:23)
	at net.fabricmc.devlaunchinjector.Main.main(Main.java:86)
[19:40:54] [Render thread/ERROR] (IngredientSupplierHelper) Found a broken recipe, failed to setRecipe with RecipeLayoutBuilder:
Recipe is from Mod: <unknown>
Recipe Id: null
Recipe Class: class com.yanny.ali.jei.compatibility.jei.RecipeHolder
Recipe Type: ali:trade_loot
java.lang.NullPointerException: Cannot invoke "com.yanny.aci.manager.CoreServerRegistry.getTooltipCache()" because "com.yanny.aci.manager.CorePluginManager.INSTANCE.serverRegistry" is null
	at knot//com.yanny.aci.tooltip.TooltipNode.empty(TooltipNode.java:311)
	at knot//com.yanny.ali.plugin.common.trades.TradeNode.getTooltip(TradeNode.java:52)
	at knot//com.yanny.ali.plugin.client.WidgetUtils.getAllWidget(WidgetUtils.java:34)
	at knot//com.yanny.ali.plugin.client.widget.trades.TradeWidget.getLootGroupWidget(TradeWidget.java:19)
	at knot//com.yanny.ali.api.ListWidget.<init>(ListWidget.java:36)
	at knot//com.yanny.ali.api.ListWidget.<init>(ListWidget.java:32)
	at knot//com.yanny.ali.plugin.client.widget.trades.TradeWidget.<init>(TradeWidget.java:13)
	at knot//com.yanny.ali.jei.compatibility.jei.JeiTradeLoot.getRootWidget(JeiTradeLoot.java:114)
	at knot//com.yanny.ali.jei.compatibility.jei.JeiBaseLoot.setRecipe(JeiBaseLoot.java:91)
	at knot//com.yanny.ali.jei.compatibility.jei.JeiTradeLoot.setRecipe(JeiTradeLoot.java:43)
	at knot//com.yanny.ali.jei.compatibility.jei.JeiTradeLoot.setRecipe(JeiTradeLoot.java:36)
	at knot//mezz.jei.library.util.IngredientSupplierHelper.getIngredientSupplier(IngredientSupplierHelper.java:24)
	at knot//mezz.jei.library.recipes.RecipeManagerInternal.addRecipe(RecipeManagerInternal.java:140)
	at knot//mezz.jei.library.recipes.RecipeManagerInternal.addRecipes(RecipeManagerInternal.java:113)
	at knot//mezz.jei.library.load.registration.RecipeRegistration.addRecipes(RecipeRegistration.java:52)
	at knot//com.yanny.ali.jei.compatibility.JeiCompatibility.registerRecipes(JeiCompatibility.java:151)
	at knot//com.yanny.ali.jei.compatibility.JeiCompatibility.registerData(JeiCompatibility.java:120)
	at knot//com.yanny.ali.compatibility.common.GenericUtils.register(GenericUtils.java:296)
	at knot//com.yanny.ali.jei.compatibility.JeiCompatibility.registerRecipes(JeiCompatibility.java:84)
	at knot//mezz.jei.library.load.PluginLoader.lambda$createRecipeManager$15(PluginLoader.java:213)
	at knot//mezz.jei.library.load.PluginCaller.callOnPlugins(PluginCaller.java:26)
	at knot//mezz.jei.library.load.PluginLoader.createRecipeManager(PluginLoader.java:213)
	at knot//mezz.jei.library.startup.JeiStarter.start(JeiStarter.java:148)
	at knot//mezz.jei.fabric.startup.ClientLifecycleHandler.startJei(ClientLifecycleHandler.java:91)
	at knot//mezz.jei.fabric.startup.ClientLifecycleHandler.lambda$registerEvents$0(ClientLifecycleHandler.java:52)
	at knot//mezz.jei.fabric.events.JeiLifecycleEvents.lambda$static$4(JeiLifecycleEvents.java:28)
	at knot//mezz.jei.fabric.JustEnoughItemsClient.lambda$onInitializeClient$0(JustEnoughItemsClient.java:30)
	at knot//net.fabricmc.fabric.api.client.recipe.v1.sync.ClientRecipeSynchronizedEvent.lambda$static$0(ClientRecipeSynchronizedEvent.java:34)
	at knot//net.fabricmc.fabric.impl.recipe.sync.client.RecipeSyncImplClient.onRecipeSyncPacket(RecipeSyncImplClient.java:55)
	at knot//net.fabricmc.fabric.impl.networking.client.ClientPlayNetworkAddon.receive(ClientPlayNetworkAddon.java:77)
	at knot//net.fabricmc.fabric.impl.networking.client.ClientPlayNetworkAddon.receive(ClientPlayNetworkAddon.java:39)
	at knot//net.fabricmc.fabric.impl.networking.AbstractChanneledNetworkAddon.handle(AbstractChanneledNetworkAddon.java:102)
	at knot//net.minecraft.client.multiplayer.ClientCommonPacketListenerImpl.handler$cfk000$fabric-networking-api-v1$onCustomPayload(ClientCommonPacketListenerImpl.java:1050)
	at knot//net.minecraft.client.multiplayer.ClientCommonPacketListenerImpl.handleCustomPayload(ClientCommonPacketListenerImpl.java)
	at knot//net.minecraft.network.protocol.common.ClientboundCustomPayloadPacket.handle(ClientboundCustomPayloadPacket.java:38)
	at knot//net.minecraft.network.protocol.common.ClientboundCustomPayloadPacket.handle(ClientboundCustomPayloadPacket.java)
	at knot//net.minecraft.network.PacketProcessor$ListenerAndPacket.handle(PacketProcessor.java:50)
	at knot//net.minecraft.network.PacketProcessor.processQueuedPackets(PacketProcessor.java:37)
	at knot//net.minecraft.client.Minecraft.runTick(Minecraft.java:1291)
	at knot//net.minecraft.client.Minecraft.run(Minecraft.java:925)
	at knot//net.minecraft.client.main.Main.main(Main.java:222)
	at net.fabricmc.loader.impl.game.minecraft.MinecraftGameProvider.launch(MinecraftGameProvider.java:514)
	at net.fabricmc.loader.impl.launch.knot.Knot.launch(Knot.java:72)
	at net.fabricmc.loader.impl.launch.knot.KnotClient.main(KnotClient.java:23)
	at net.fabricmc.devlaunchinjector.Main.main(Main.java:86)
[19:40:54] [Render thread/ERROR] (IngredientSupplierHelper) Found a broken recipe, failed to setRecipe with RecipeLayoutBuilder:
Recipe is from Mod: <unknown>
Recipe Id: null
Recipe Class: class com.yanny.ali.jei.compatibility.jei.RecipeHolder
Recipe Type: ali:trade_loot
java.lang.NullPointerException: Cannot invoke "com.yanny.aci.manager.CoreServerRegistry.getTooltipCache()" because "com.yanny.aci.manager.CorePluginManager.INSTANCE.serverRegistry" is null
	at knot//com.yanny.aci.tooltip.TooltipNode.empty(TooltipNode.java:311)
	at knot//com.yanny.ali.plugin.common.trades.TradeNode.getTooltip(TradeNode.java:52)
	at knot//com.yanny.ali.plugin.client.WidgetUtils.getAllWidget(WidgetUtils.java:34)
	at knot//com.yanny.ali.plugin.client.widget.trades.TradeWidget.getLootGroupWidget(TradeWidget.java:19)
	at knot//com.yanny.ali.api.ListWidget.<init>(ListWidget.java:36)
	at knot//com.yanny.ali.api.ListWidget.<init>(ListWidget.java:32)
	at knot//com.yanny.ali.plugin.client.widget.trades.TradeWidget.<init>(TradeWidget.java:13)
	at knot//com.yanny.ali.jei.compatibility.jei.JeiTradeLoot.getRootWidget(JeiTradeLoot.java:114)
	at knot//com.yanny.ali.jei.compatibility.jei.JeiBaseLoot.setRecipe(JeiBaseLoot.java:91)
	at knot//com.yanny.ali.jei.compatibility.jei.JeiTradeLoot.setRecipe(JeiTradeLoot.java:43)
	at knot//com.yanny.ali.jei.compatibility.jei.JeiTradeLoot.setRecipe(JeiTradeLoot.java:36)
	at knot//mezz.jei.library.util.IngredientSupplierHelper.getIngredientSupplier(IngredientSupplierHelper.java:24)
	at knot//mezz.jei.library.recipes.RecipeManagerInternal.addRecipe(RecipeManagerInternal.java:140)
	at knot//mezz.jei.library.recipes.RecipeManagerInternal.addRecipes(RecipeManagerInternal.java:113)
	at knot//mezz.jei.library.load.registration.RecipeRegistration.addRecipes(RecipeRegistration.java:52)
	at knot//com.yanny.ali.jei.compatibility.JeiCompatibility.registerRecipes(JeiCompatibility.java:151)
	at knot//com.yanny.ali.jei.compatibility.JeiCompatibility.registerData(JeiCompatibility.java:120)
	at knot//com.yanny.ali.compatibility.common.GenericUtils.register(GenericUtils.java:296)
	at knot//com.yanny.ali.jei.compatibility.JeiCompatibility.registerRecipes(JeiCompatibility.java:84)
	at knot//mezz.jei.library.load.PluginLoader.lambda$createRecipeManager$15(PluginLoader.java:213)
	at knot//mezz.jei.library.load.PluginCaller.callOnPlugins(PluginCaller.java:26)
	at knot//mezz.jei.library.load.PluginLoader.createRecipeManager(PluginLoader.java:213)
	at knot//mezz.jei.library.startup.JeiStarter.start(JeiStarter.java:148)
	at knot//mezz.jei.fabric.startup.ClientLifecycleHandler.startJei(ClientLifecycleHandler.java:91)
	at knot//mezz.jei.fabric.startup.ClientLifecycleHandler.lambda$registerEvents$0(ClientLifecycleHandler.java:52)
	at knot//mezz.jei.fabric.events.JeiLifecycleEvents.lambda$static$4(JeiLifecycleEvents.java:28)
	at knot//mezz.jei.fabric.JustEnoughItemsClient.lambda$onInitializeClient$0(JustEnoughItemsClient.java:30)
	at knot//net.fabricmc.fabric.api.client.recipe.v1.sync.ClientRecipeSynchronizedEvent.lambda$static$0(ClientRecipeSynchronizedEvent.java:34)
	at knot//net.fabricmc.fabric.impl.recipe.sync.client.RecipeSyncImplClient.onRecipeSyncPacket(RecipeSyncImplClient.java:55)
	at knot//net.fabricmc.fabric.impl.networking.client.ClientPlayNetworkAddon.receive(ClientPlayNetworkAddon.java:77)
	at knot//net.fabricmc.fabric.impl.networking.client.ClientPlayNetworkAddon.receive(ClientPlayNetworkAddon.java:39)
	at knot//net.fabricmc.fabric.impl.networking.AbstractChanneledNetworkAddon.handle(AbstractChanneledNetworkAddon.java:102)
	at knot//net.minecraft.client.multiplayer.ClientCommonPacketListenerImpl.handler$cfk000$fabric-networking-api-v1$onCustomPayload(ClientCommonPacketListenerImpl.java:1050)
	at knot//net.minecraft.client.multiplayer.ClientCommonPacketListenerImpl.handleCustomPayload(ClientCommonPacketListenerImpl.java)
	at knot//net.minecraft.network.protocol.common.ClientboundCustomPayloadPacket.handle(ClientboundCustomPayloadPacket.java:38)
	at knot//net.minecraft.network.protocol.common.ClientboundCustomPayloadPacket.handle(ClientboundCustomPayloadPacket.java)
	at knot//net.minecraft.network.PacketProcessor$ListenerAndPacket.handle(PacketProcessor.java:50)
	at knot//net.minecraft.network.PacketProcessor.processQueuedPackets(PacketProcessor.java:37)
	at knot//net.minecraft.client.Minecraft.runTick(Minecraft.java:1291)
	at knot//net.minecraft.client.Minecraft.run(Minecraft.java:925)
	at knot//net.minecraft.client.main.Main.main(Main.java:222)
	at net.fabricmc.loader.impl.game.minecraft.MinecraftGameProvider.launch(MinecraftGameProvider.java:514)
	at net.fabricmc.loader.impl.launch.knot.Knot.launch(Knot.java:72)
	at net.fabricmc.loader.impl.launch.knot.KnotClient.main(KnotClient.java:23)
	at net.fabricmc.devlaunchinjector.Main.main(Main.java:86)
[19:40:54] [Render thread/ERROR] (IngredientSupplierHelper) Found a broken recipe, failed to setRecipe with RecipeLayoutBuilder:
Recipe is from Mod: <unknown>
Recipe Id: null
Recipe Class: class com.yanny.ali.jei.compatibility.jei.RecipeHolder
Recipe Type: ali:trade_loot
java.lang.NullPointerException: Cannot invoke "com.yanny.aci.manager.CoreServerRegistry.getTooltipCache()" because "com.yanny.aci.manager.CorePluginManager.INSTANCE.serverRegistry" is null
	at knot//com.yanny.aci.tooltip.TooltipNode.empty(TooltipNode.java:311)
	at knot//com.yanny.ali.plugin.common.trades.TradeNode.getTooltip(TradeNode.java:52)
	at knot//com.yanny.ali.plugin.client.WidgetUtils.getAllWidget(WidgetUtils.java:34)
	at knot//com.yanny.ali.plugin.client.widget.trades.TradeWidget.getLootGroupWidget(TradeWidget.java:19)
	at knot//com.yanny.ali.api.ListWidget.<init>(ListWidget.java:36)
	at knot//com.yanny.ali.api.ListWidget.<init>(ListWidget.java:32)
	at knot//com.yanny.ali.plugin.client.widget.trades.TradeWidget.<init>(TradeWidget.java:13)
	at knot//com.yanny.ali.jei.compatibility.jei.JeiTradeLoot.getRootWidget(JeiTradeLoot.java:114)
	at knot//com.yanny.ali.jei.compatibility.jei.JeiBaseLoot.setRecipe(JeiBaseLoot.java:91)
	at knot//com.yanny.ali.jei.compatibility.jei.JeiTradeLoot.setRecipe(JeiTradeLoot.java:43)
	at knot//com.yanny.ali.jei.compatibility.jei.JeiTradeLoot.setRecipe(JeiTradeLoot.java:36)
	at knot//mezz.jei.library.util.IngredientSupplierHelper.getIngredientSupplier(IngredientSupplierHelper.java:24)
	at knot//mezz.jei.library.recipes.RecipeManagerInternal.addRecipe(RecipeManagerInternal.java:140)
	at knot//mezz.jei.library.recipes.RecipeManagerInternal.addRecipes(RecipeManagerInternal.java:113)
	at knot//mezz.jei.library.load.registration.RecipeRegistration.addRecipes(RecipeRegistration.java:52)
	at knot//com.yanny.ali.jei.compatibility.JeiCompatibility.registerRecipes(JeiCompatibility.java:151)
	at knot//com.yanny.ali.jei.compatibility.JeiCompatibility.registerData(JeiCompatibility.java:120)
	at knot//com.yanny.ali.compatibility.common.GenericUtils.register(GenericUtils.java:296)
	at knot//com.yanny.ali.jei.compatibility.JeiCompatibility.registerRecipes(JeiCompatibility.java:84)
	at knot//mezz.jei.library.load.PluginLoader.lambda$createRecipeManager$15(PluginLoader.java:213)
	at knot//mezz.jei.library.load.PluginCaller.callOnPlugins(PluginCaller.java:26)
	at knot//mezz.jei.library.load.PluginLoader.createRecipeManager(PluginLoader.java:213)
	at knot//mezz.jei.library.startup.JeiStarter.start(JeiStarter.java:148)
	at knot//mezz.jei.fabric.startup.ClientLifecycleHandler.startJei(ClientLifecycleHandler.java:91)
	at knot//mezz.jei.fabric.startup.ClientLifecycleHandler.lambda$registerEvents$0(ClientLifecycleHandler.java:52)
	at knot//mezz.jei.fabric.events.JeiLifecycleEvents.lambda$static$4(JeiLifecycleEvents.java:28)
	at knot//mezz.jei.fabric.JustEnoughItemsClient.lambda$onInitializeClient$0(JustEnoughItemsClient.java:30)
	at knot//net.fabricmc.fabric.api.client.recipe.v1.sync.ClientRecipeSynchronizedEvent.lambda$static$0(ClientRecipeSynchronizedEvent.java:34)
	at knot//net.fabricmc.fabric.impl.recipe.sync.client.RecipeSyncImplClient.onRecipeSyncPacket(RecipeSyncImplClient.java:55)
	at knot//net.fabricmc.fabric.impl.networking.client.ClientPlayNetworkAddon.receive(ClientPlayNetworkAddon.java:77)
	at knot//net.fabricmc.fabric.impl.networking.client.ClientPlayNetworkAddon.receive(ClientPlayNetworkAddon.java:39)
	at knot//net.fabricmc.fabric.impl.networking.AbstractChanneledNetworkAddon.handle(AbstractChanneledNetworkAddon.java:102)
	at knot//net.minecraft.client.multiplayer.ClientCommonPacketListenerImpl.handler$cfk000$fabric-networking-api-v1$onCustomPayload(ClientCommonPacketListenerImpl.java:1050)
	at knot//net.minecraft.client.multiplayer.ClientCommonPacketListenerImpl.handleCustomPayload(ClientCommonPacketListenerImpl.java)
	at knot//net.minecraft.network.protocol.common.ClientboundCustomPayloadPacket.handle(ClientboundCustomPayloadPacket.java:38)
	at knot//net.minecraft.network.protocol.common.ClientboundCustomPayloadPacket.handle(ClientboundCustomPayloadPacket.java)
	at knot//net.minecraft.network.PacketProcessor$ListenerAndPacket.handle(PacketProcessor.java:50)
	at knot//net.minecraft.network.PacketProcessor.processQueuedPackets(PacketProcessor.java:37)
	at knot//net.minecraft.client.Minecraft.runTick(Minecraft.java:1291)
	at knot//net.minecraft.client.Minecraft.run(Minecraft.java:925)
	at knot//net.minecraft.client.main.Main.main(Main.java:222)
	at net.fabricmc.loader.impl.game.minecraft.MinecraftGameProvider.launch(MinecraftGameProvider.java:514)
	at net.fabricmc.loader.impl.launch.knot.Knot.launch(Knot.java:72)
	at net.fabricmc.loader.impl.launch.knot.KnotClient.main(KnotClient.java:23)
	at net.fabricmc.devlaunchinjector.Main.main(Main.java:86)
[19:40:54] [Render thread/ERROR] (IngredientSupplierHelper) Found a broken recipe, failed to setRecipe with RecipeLayoutBuilder:
Recipe is from Mod: <unknown>
Recipe Id: null
Recipe Class: class com.yanny.ali.jei.compatibility.jei.RecipeHolder
Recipe Type: ali:trade_loot
java.lang.NullPointerException: Cannot invoke "com.yanny.aci.manager.CoreServerRegistry.getTooltipCache()" because "com.yanny.aci.manager.CorePluginManager.INSTANCE.serverRegistry" is null
	at knot//com.yanny.aci.tooltip.TooltipNode.empty(TooltipNode.java:311)
	at knot//com.yanny.ali.plugin.common.trades.TradeNode.getTooltip(TradeNode.java:52)
	at knot//com.yanny.ali.plugin.client.WidgetUtils.getAllWidget(WidgetUtils.java:34)
	at knot//com.yanny.ali.plugin.client.widget.trades.TradeWidget.getLootGroupWidget(TradeWidget.java:19)
	at knot//com.yanny.ali.api.ListWidget.<init>(ListWidget.java:36)
	at knot//com.yanny.ali.api.ListWidget.<init>(ListWidget.java:32)
	at knot//com.yanny.ali.plugin.client.widget.trades.TradeWidget.<init>(TradeWidget.java:13)
	at knot//com.yanny.ali.jei.compatibility.jei.JeiTradeLoot.getRootWidget(JeiTradeLoot.java:114)
	at knot//com.yanny.ali.jei.compatibility.jei.JeiBaseLoot.setRecipe(JeiBaseLoot.java:91)
	at knot//com.yanny.ali.jei.compatibility.jei.JeiTradeLoot.setRecipe(JeiTradeLoot.java:43)
	at knot//com.yanny.ali.jei.compatibility.jei.JeiTradeLoot.setRecipe(JeiTradeLoot.java:36)
	at knot//mezz.jei.library.util.IngredientSupplierHelper.getIngredientSupplier(IngredientSupplierHelper.java:24)
	at knot//mezz.jei.library.recipes.RecipeManagerInternal.addRecipe(RecipeManagerInternal.java:140)
	at knot//mezz.jei.library.recipes.RecipeManagerInternal.addRecipes(RecipeManagerInternal.java:113)
	at knot//mezz.jei.library.load.registration.RecipeRegistration.addRecipes(RecipeRegistration.java:52)
	at knot//com.yanny.ali.jei.compatibility.JeiCompatibility.registerRecipes(JeiCompatibility.java:151)
	at knot//com.yanny.ali.jei.compatibility.JeiCompatibility.registerData(JeiCompatibility.java:120)
	at knot//com.yanny.ali.compatibility.common.GenericUtils.register(GenericUtils.java:296)
	at knot//com.yanny.ali.jei.compatibility.JeiCompatibility.registerRecipes(JeiCompatibility.java:84)
	at knot//mezz.jei.library.load.PluginLoader.lambda$createRecipeManager$15(PluginLoader.java:213)
	at knot//mezz.jei.library.load.PluginCaller.callOnPlugins(PluginCaller.java:26)
	at knot//mezz.jei.library.load.PluginLoader.createRecipeManager(PluginLoader.java:213)
	at knot//mezz.jei.library.startup.JeiStarter.start(JeiStarter.java:148)
	at knot//mezz.jei.fabric.startup.ClientLifecycleHandler.startJei(ClientLifecycleHandler.java:91)
	at knot//mezz.jei.fabric.startup.ClientLifecycleHandler.lambda$registerEvents$0(ClientLifecycleHandler.java:52)
	at knot//mezz.jei.fabric.events.JeiLifecycleEvents.lambda$static$4(JeiLifecycleEvents.java:28)
	at knot//mezz.jei.fabric.JustEnoughItemsClient.lambda$onInitializeClient$0(JustEnoughItemsClient.java:30)
	at knot//net.fabricmc.fabric.api.client.recipe.v1.sync.ClientRecipeSynchronizedEvent.lambda$static$0(ClientRecipeSynchronizedEvent.java:34)
	at knot//net.fabricmc.fabric.impl.recipe.sync.client.RecipeSyncImplClient.onRecipeSyncPacket(RecipeSyncImplClient.java:55)
	at knot//net.fabricmc.fabric.impl.networking.client.ClientPlayNetworkAddon.receive(ClientPlayNetworkAddon.java:77)
	at knot//net.fabricmc.fabric.impl.networking.client.ClientPlayNetworkAddon.receive(ClientPlayNetworkAddon.java:39)
	at knot//net.fabricmc.fabric.impl.networking.AbstractChanneledNetworkAddon.handle(AbstractChanneledNetworkAddon.java:102)
	at knot//net.minecraft.client.multiplayer.ClientCommonPacketListenerImpl.handler$cfk000$fabric-networking-api-v1$onCustomPayload(ClientCommonPacketListenerImpl.java:1050)
	at knot//net.minecraft.client.multiplayer.ClientCommonPacketListenerImpl.handleCustomPayload(ClientCommonPacketListenerImpl.java)
	at knot//net.minecraft.network.protocol.common.ClientboundCustomPayloadPacket.handle(ClientboundCustomPayloadPacket.java:38)
	at knot//net.minecraft.network.protocol.common.ClientboundCustomPayloadPacket.handle(ClientboundCustomPayloadPacket.java)
	at knot//net.minecraft.network.PacketProcessor$ListenerAndPacket.handle(PacketProcessor.java:50)
	at knot//net.minecraft.network.PacketProcessor.processQueuedPackets(PacketProcessor.java:37)
	at knot//net.minecraft.client.Minecraft.runTick(Minecraft.java:1291)
	at knot//net.minecraft.client.Minecraft.run(Minecraft.java:925)
	at knot//net.minecraft.client.main.Main.main(Main.java:222)
	at net.fabricmc.loader.impl.game.minecraft.MinecraftGameProvider.launch(MinecraftGameProvider.java:514)
	at net.fabricmc.loader.impl.launch.knot.Knot.launch(Knot.java:72)
	at net.fabricmc.loader.impl.launch.knot.KnotClient.main(KnotClient.java:23)
	at net.fabricmc.devlaunchinjector.Main.main(Main.java:86)
[19:40:54] [Render thread/ERROR] (IngredientSupplierHelper) Found a broken recipe, failed to setRecipe with RecipeLayoutBuilder:
Recipe is from Mod: <unknown>
Recipe Id: null
Recipe Class: class com.yanny.ali.jei.compatibility.jei.RecipeHolder
Recipe Type: ali:trade_loot
java.lang.NullPointerException: Cannot invoke "com.yanny.aci.manager.CoreServerRegistry.getTooltipCache()" because "com.yanny.aci.manager.CorePluginManager.INSTANCE.serverRegistry" is null
	at knot//com.yanny.aci.tooltip.TooltipNode.empty(TooltipNode.java:311)
	at knot//com.yanny.ali.plugin.common.trades.TradeNode.getTooltip(TradeNode.java:52)
	at knot//com.yanny.ali.plugin.client.WidgetUtils.getAllWidget(WidgetUtils.java:34)
	at knot//com.yanny.ali.plugin.client.widget.trades.TradeWidget.getLootGroupWidget(TradeWidget.java:19)
	at knot//com.yanny.ali.api.ListWidget.<init>(ListWidget.java:36)
	at knot//com.yanny.ali.api.ListWidget.<init>(ListWidget.java:32)
	at knot//com.yanny.ali.plugin.client.widget.trades.TradeWidget.<init>(TradeWidget.java:13)
	at knot//com.yanny.ali.jei.compatibility.jei.JeiTradeLoot.getRootWidget(JeiTradeLoot.java:114)
	at knot//com.yanny.ali.jei.compatibility.jei.JeiBaseLoot.setRecipe(JeiBaseLoot.java:91)
	at knot//com.yanny.ali.jei.compatibility.jei.JeiTradeLoot.setRecipe(JeiTradeLoot.java:43)
	at knot//com.yanny.ali.jei.compatibility.jei.JeiTradeLoot.setRecipe(JeiTradeLoot.java:36)
	at knot//mezz.jei.library.util.IngredientSupplierHelper.getIngredientSupplier(IngredientSupplierHelper.java:24)
	at knot//mezz.jei.library.recipes.RecipeManagerInternal.addRecipe(RecipeManagerInternal.java:140)
	at knot//mezz.jei.library.recipes.RecipeManagerInternal.addRecipes(RecipeManagerInternal.java:113)
	at knot//mezz.jei.library.load.registration.RecipeRegistration.addRecipes(RecipeRegistration.java:52)
	at knot//com.yanny.ali.jei.compatibility.JeiCompatibility.registerRecipes(JeiCompatibility.java:151)
	at knot//com.yanny.ali.jei.compatibility.JeiCompatibility.registerData(JeiCompatibility.java:120)
	at knot//com.yanny.ali.compatibility.common.GenericUtils.register(GenericUtils.java:296)
	at knot//com.yanny.ali.jei.compatibility.JeiCompatibility.registerRecipes(JeiCompatibility.java:84)
	at knot//mezz.jei.library.load.PluginLoader.lambda$createRecipeManager$15(PluginLoader.java:213)
	at knot//mezz.jei.library.load.PluginCaller.callOnPlugins(PluginCaller.java:26)
	at knot//mezz.jei.library.load.PluginLoader.createRecipeManager(PluginLoader.java:213)
	at knot//mezz.jei.library.startup.JeiStarter.start(JeiStarter.java:148)
	at knot//mezz.jei.fabric.startup.ClientLifecycleHandler.startJei(ClientLifecycleHandler.java:91)
	at knot//mezz.jei.fabric.startup.ClientLifecycleHandler.lambda$registerEvents$0(ClientLifecycleHandler.java:52)
	at knot//mezz.jei.fabric.events.JeiLifecycleEvents.lambda$static$4(JeiLifecycleEvents.java:28)
	at knot//mezz.jei.fabric.JustEnoughItemsClient.lambda$onInitializeClient$0(JustEnoughItemsClient.java:30)
	at knot//net.fabricmc.fabric.api.client.recipe.v1.sync.ClientRecipeSynchronizedEvent.lambda$static$0(ClientRecipeSynchronizedEvent.java:34)
	at knot//net.fabricmc.fabric.impl.recipe.sync.client.RecipeSyncImplClient.onRecipeSyncPacket(RecipeSyncImplClient.java:55)
	at knot//net.fabricmc.fabric.impl.networking.client.ClientPlayNetworkAddon.receive(ClientPlayNetworkAddon.java:77)
	at knot//net.fabricmc.fabric.impl.networking.client.ClientPlayNetworkAddon.receive(ClientPlayNetworkAddon.java:39)
	at knot//net.fabricmc.fabric.impl.networking.AbstractChanneledNetworkAddon.handle(AbstractChanneledNetworkAddon.java:102)
	at knot//net.minecraft.client.multiplayer.ClientCommonPacketListenerImpl.handler$cfk000$fabric-networking-api-v1$onCustomPayload(ClientCommonPacketListenerImpl.java:1050)
	at knot//net.minecraft.client.multiplayer.ClientCommonPacketListenerImpl.handleCustomPayload(ClientCommonPacketListenerImpl.java)
	at knot//net.minecraft.network.protocol.common.ClientboundCustomPayloadPacket.handle(ClientboundCustomPayloadPacket.java:38)
	at knot//net.minecraft.network.protocol.common.ClientboundCustomPayloadPacket.handle(ClientboundCustomPayloadPacket.java)
	at knot//net.minecraft.network.PacketProcessor$ListenerAndPacket.handle(PacketProcessor.java:50)
	at knot//net.minecraft.network.PacketProcessor.processQueuedPackets(PacketProcessor.java:37)
	at knot//net.minecraft.client.Minecraft.runTick(Minecraft.java:1291)
	at knot//net.minecraft.client.Minecraft.run(Minecraft.java:925)
	at knot//net.minecraft.client.main.Main.main(Main.java:222)
	at net.fabricmc.loader.impl.game.minecraft.MinecraftGameProvider.launch(MinecraftGameProvider.java:514)
	at net.fabricmc.loader.impl.launch.knot.Knot.launch(Knot.java:72)
	at net.fabricmc.loader.impl.launch.knot.KnotClient.main(KnotClient.java:23)
	at net.fabricmc.devlaunchinjector.Main.main(Main.java:86)
[19:40:54] [Render thread/ERROR] (IngredientSupplierHelper) Found a broken recipe, failed to setRecipe with RecipeLayoutBuilder:
Recipe is from Mod: <unknown>
Recipe Id: null
Recipe Class: class com.yanny.ali.jei.compatibility.jei.RecipeHolder
Recipe Type: ali:trade_loot
java.lang.NullPointerException: Cannot invoke "com.yanny.aci.manager.CoreServerRegistry.getTooltipCache()" because "com.yanny.aci.manager.CorePluginManager.INSTANCE.serverRegistry" is null
	at knot//com.yanny.aci.tooltip.TooltipNode.empty(TooltipNode.java:311)
	at knot//com.yanny.ali.plugin.common.trades.TradeNode.getTooltip(TradeNode.java:52)
	at knot//com.yanny.ali.plugin.client.WidgetUtils.getAllWidget(WidgetUtils.java:34)
	at knot//com.yanny.ali.plugin.client.widget.trades.TradeWidget.getLootGroupWidget(TradeWidget.java:19)
	at knot//com.yanny.ali.api.ListWidget.<init>(ListWidget.java:36)
	at knot//com.yanny.ali.api.ListWidget.<init>(ListWidget.java:32)
	at knot//com.yanny.ali.plugin.client.widget.trades.TradeWidget.<init>(TradeWidget.java:13)
	at knot//com.yanny.ali.jei.compatibility.jei.JeiTradeLoot.getRootWidget(JeiTradeLoot.java:114)
	at knot//com.yanny.ali.jei.compatibility.jei.JeiBaseLoot.setRecipe(JeiBaseLoot.java:91)
	at knot//com.yanny.ali.jei.compatibility.jei.JeiTradeLoot.setRecipe(JeiTradeLoot.java:43)
	at knot//com.yanny.ali.jei.compatibility.jei.JeiTradeLoot.setRecipe(JeiTradeLoot.java:36)
	at knot//mezz.jei.library.util.IngredientSupplierHelper.getIngredientSupplier(IngredientSupplierHelper.java:24)
	at knot//mezz.jei.library.recipes.RecipeManagerInternal.addRecipe(RecipeManagerInternal.java:140)
	at knot//mezz.jei.library.recipes.RecipeManagerInternal.addRecipes(RecipeManagerInternal.java:113)
	at knot//mezz.jei.library.load.registration.RecipeRegistration.addRecipes(RecipeRegistration.java:52)
	at knot//com.yanny.ali.jei.compatibility.JeiCompatibility.registerRecipes(JeiCompatibility.java:151)
	at knot//com.yanny.ali.jei.compatibility.JeiCompatibility.registerData(JeiCompatibility.java:120)
	at knot//com.yanny.ali.compatibility.common.GenericUtils.register(GenericUtils.java:296)
	at knot//com.yanny.ali.jei.compatibility.JeiCompatibility.registerRecipes(JeiCompatibility.java:84)
	at knot//mezz.jei.library.load.PluginLoader.lambda$createRecipeManager$15(PluginLoader.java:213)
	at knot//mezz.jei.library.load.PluginCaller.callOnPlugins(PluginCaller.java:26)
	at knot//mezz.jei.library.load.PluginLoader.createRecipeManager(PluginLoader.java:213)
	at knot//mezz.jei.library.startup.JeiStarter.start(JeiStarter.java:148)
	at knot//mezz.jei.fabric.startup.ClientLifecycleHandler.startJei(ClientLifecycleHandler.java:91)
	at knot//mezz.jei.fabric.startup.ClientLifecycleHandler.lambda$registerEvents$0(ClientLifecycleHandler.java:52)
	at knot//mezz.jei.fabric.events.JeiLifecycleEvents.lambda$static$4(JeiLifecycleEvents.java:28)
	at knot//mezz.jei.fabric.JustEnoughItemsClient.lambda$onInitializeClient$0(JustEnoughItemsClient.java:30)
	at knot//net.fabricmc.fabric.api.client.recipe.v1.sync.ClientRecipeSynchronizedEvent.lambda$static$0(ClientRecipeSynchronizedEvent.java:34)
	at knot//net.fabricmc.fabric.impl.recipe.sync.client.RecipeSyncImplClient.onRecipeSyncPacket(RecipeSyncImplClient.java:55)
	at knot//net.fabricmc.fabric.impl.networking.client.ClientPlayNetworkAddon.receive(ClientPlayNetworkAddon.java:77)
	at knot//net.fabricmc.fabric.impl.networking.client.ClientPlayNetworkAddon.receive(ClientPlayNetworkAddon.java:39)
	at knot//net.fabricmc.fabric.impl.networking.AbstractChanneledNetworkAddon.handle(AbstractChanneledNetworkAddon.java:102)
	at knot//net.minecraft.client.multiplayer.ClientCommonPacketListenerImpl.handler$cfk000$fabric-networking-api-v1$onCustomPayload(ClientCommonPacketListenerImpl.java:1050)
	at knot//net.minecraft.client.multiplayer.ClientCommonPacketListenerImpl.handleCustomPayload(ClientCommonPacketListenerImpl.java)
	at knot//net.minecraft.network.protocol.common.ClientboundCustomPayloadPacket.handle(ClientboundCustomPayloadPacket.java:38)
	at knot//net.minecraft.network.protocol.common.ClientboundCustomPayloadPacket.handle(ClientboundCustomPayloadPacket.java)
	at knot//net.minecraft.network.PacketProcessor$ListenerAndPacket.handle(PacketProcessor.java:50)
	at knot//net.minecraft.network.PacketProcessor.processQueuedPackets(PacketProcessor.java:37)
	at knot//net.minecraft.client.Minecraft.runTick(Minecraft.java:1291)
	at knot//net.minecraft.client.Minecraft.run(Minecraft.java:925)
	at knot//net.minecraft.client.main.Main.main(Main.java:222)
	at net.fabricmc.loader.impl.game.minecraft.MinecraftGameProvider.launch(MinecraftGameProvider.java:514)
	at net.fabricmc.loader.impl.launch.knot.Knot.launch(Knot.java:72)
	at net.fabricmc.loader.impl.launch.knot.KnotClient.main(KnotClient.java:23)
	at net.fabricmc.devlaunchinjector.Main.main(Main.java:86)
[19:40:54] [Render thread/ERROR] (IngredientSupplierHelper) Found a broken recipe, failed to setRecipe with RecipeLayoutBuilder:
Recipe is from Mod: <unknown>
Recipe Id: null
Recipe Class: class com.yanny.ali.jei.compatibility.jei.RecipeHolder
Recipe Type: ali:trade_loot
java.lang.NullPointerException: Cannot invoke "com.yanny.aci.manager.CoreServerRegistry.getTooltipCache()" because "com.yanny.aci.manager.CorePluginManager.INSTANCE.serverRegistry" is null
	at knot//com.yanny.aci.tooltip.TooltipNode.empty(TooltipNode.java:311)
	at knot//com.yanny.ali.plugin.common.trades.TradeNode.getTooltip(TradeNode.java:52)
	at knot//com.yanny.ali.plugin.client.WidgetUtils.getAllWidget(WidgetUtils.java:34)
	at knot//com.yanny.ali.plugin.client.widget.trades.TradeWidget.getLootGroupWidget(TradeWidget.java:19)
	at knot//com.yanny.ali.api.ListWidget.<init>(ListWidget.java:36)
	at knot//com.yanny.ali.api.ListWidget.<init>(ListWidget.java:32)
	at knot//com.yanny.ali.plugin.client.widget.trades.TradeWidget.<init>(TradeWidget.java:13)
	at knot//com.yanny.ali.jei.compatibility.jei.JeiTradeLoot.getRootWidget(JeiTradeLoot.java:114)
	at knot//com.yanny.ali.jei.compatibility.jei.JeiBaseLoot.setRecipe(JeiBaseLoot.java:91)
	at knot//com.yanny.ali.jei.compatibility.jei.JeiTradeLoot.setRecipe(JeiTradeLoot.java:43)
	at knot//com.yanny.ali.jei.compatibility.jei.JeiTradeLoot.setRecipe(JeiTradeLoot.java:36)
	at knot//mezz.jei.library.util.IngredientSupplierHelper.getIngredientSupplier(IngredientSupplierHelper.java:24)
	at knot//mezz.jei.library.recipes.RecipeManagerInternal.addRecipe(RecipeManagerInternal.java:140)
	at knot//mezz.jei.library.recipes.RecipeManagerInternal.addRecipes(RecipeManagerInternal.java:113)
	at knot//mezz.jei.library.load.registration.RecipeRegistration.addRecipes(RecipeRegistration.java:52)
	at knot//com.yanny.ali.jei.compatibility.JeiCompatibility.registerRecipes(JeiCompatibility.java:151)
	at knot//com.yanny.ali.jei.compatibility.JeiCompatibility.registerData(JeiCompatibility.java:120)
	at knot//com.yanny.ali.compatibility.common.GenericUtils.register(GenericUtils.java:296)
	at knot//com.yanny.ali.jei.compatibility.JeiCompatibility.registerRecipes(JeiCompatibility.java:84)
	at knot//mezz.jei.library.load.PluginLoader.lambda$createRecipeManager$15(PluginLoader.java:213)
	at knot//mezz.jei.library.load.PluginCaller.callOnPlugins(PluginCaller.java:26)
	at knot//mezz.jei.library.load.PluginLoader.createRecipeManager(PluginLoader.java:213)
	at knot//mezz.jei.library.startup.JeiStarter.start(JeiStarter.java:148)
	at knot//mezz.jei.fabric.startup.ClientLifecycleHandler.startJei(ClientLifecycleHandler.java:91)
	at knot//mezz.jei.fabric.startup.ClientLifecycleHandler.lambda$registerEvents$0(ClientLifecycleHandler.java:52)
	at knot//mezz.jei.fabric.events.JeiLifecycleEvents.lambda$static$4(JeiLifecycleEvents.java:28)
	at knot//mezz.jei.fabric.JustEnoughItemsClient.lambda$onInitializeClient$0(JustEnoughItemsClient.java:30)
	at knot//net.fabricmc.fabric.api.client.recipe.v1.sync.ClientRecipeSynchronizedEvent.lambda$static$0(ClientRecipeSynchronizedEvent.java:34)
	at knot//net.fabricmc.fabric.impl.recipe.sync.client.RecipeSyncImplClient.onRecipeSyncPacket(RecipeSyncImplClient.java:55)
	at knot//net.fabricmc.fabric.impl.networking.client.ClientPlayNetworkAddon.receive(ClientPlayNetworkAddon.java:77)
	at knot//net.fabricmc.fabric.impl.networking.client.ClientPlayNetworkAddon.receive(ClientPlayNetworkAddon.java:39)
	at knot//net.fabricmc.fabric.impl.networking.AbstractChanneledNetworkAddon.handle(AbstractChanneledNetworkAddon.java:102)
	at knot//net.minecraft.client.multiplayer.ClientCommonPacketListenerImpl.handler$cfk000$fabric-networking-api-v1$onCustomPayload(ClientCommonPacketListenerImpl.java:1050)
	at knot//net.minecraft.client.multiplayer.ClientCommonPacketListenerImpl.handleCustomPayload(ClientCommonPacketListenerImpl.java)
	at knot//net.minecraft.network.protocol.common.ClientboundCustomPayloadPacket.handle(ClientboundCustomPayloadPacket.java:38)
	at knot//net.minecraft.network.protocol.common.ClientboundCustomPayloadPacket.handle(ClientboundCustomPayloadPacket.java)
	at knot//net.minecraft.network.PacketProcessor$ListenerAndPacket.handle(PacketProcessor.java:50)
	at knot//net.minecraft.network.PacketProcessor.processQueuedPackets(PacketProcessor.java:37)
	at knot//net.minecraft.client.Minecraft.runTick(Minecraft.java:1291)
	at knot//net.minecraft.client.Minecraft.run(Minecraft.java:925)
	at knot//net.minecraft.client.main.Main.main(Main.java:222)
	at net.fabricmc.loader.impl.game.minecraft.MinecraftGameProvider.launch(MinecraftGameProvider.java:514)
	at net.fabricmc.loader.impl.launch.knot.Knot.launch(Knot.java:72)
	at net.fabricmc.loader.impl.launch.knot.KnotClient.main(KnotClient.java:23)
	at net.fabricmc.devlaunchinjector.Main.main(Main.java:86)
[19:40:54] [Render thread/ERROR] (IngredientSupplierHelper) Found a broken recipe, failed to setRecipe with RecipeLayoutBuilder:
Recipe is from Mod: <unknown>
Recipe Id: null
Recipe Class: class com.yanny.ali.jei.compatibility.jei.RecipeHolder
Recipe Type: ali:trade_loot
java.lang.NullPointerException: Cannot invoke "com.yanny.aci.manager.CoreServerRegistry.getTooltipCache()" because "com.yanny.aci.manager.CorePluginManager.INSTANCE.serverRegistry" is null
	at knot//com.yanny.aci.tooltip.TooltipNode.empty(TooltipNode.java:311)
	at knot//com.yanny.ali.plugin.common.trades.TradeNode.getTooltip(TradeNode.java:52)
	at knot//com.yanny.ali.plugin.client.WidgetUtils.getAllWidget(WidgetUtils.java:34)
	at knot//com.yanny.ali.plugin.client.widget.trades.TradeWidget.getLootGroupWidget(TradeWidget.java:19)
	at knot//com.yanny.ali.api.ListWidget.<init>(ListWidget.java:36)
	at knot//com.yanny.ali.api.ListWidget.<init>(ListWidget.java:32)
	at knot//com.yanny.ali.plugin.client.widget.trades.TradeWidget.<init>(TradeWidget.java:13)
	at knot//com.yanny.ali.jei.compatibility.jei.JeiTradeLoot.getRootWidget(JeiTradeLoot.java:114)
	at knot//com.yanny.ali.jei.compatibility.jei.JeiBaseLoot.setRecipe(JeiBaseLoot.java:91)
	at knot//com.yanny.ali.jei.compatibility.jei.JeiTradeLoot.setRecipe(JeiTradeLoot.java:43)
	at knot//com.yanny.ali.jei.compatibility.jei.JeiTradeLoot.setRecipe(JeiTradeLoot.java:36)
	at knot//mezz.jei.library.util.IngredientSupplierHelper.getIngredientSupplier(IngredientSupplierHelper.java:24)
	at knot//mezz.jei.library.recipes.RecipeManagerInternal.addRecipe(RecipeManagerInternal.java:140)
	at knot//mezz.jei.library.recipes.RecipeManagerInternal.addRecipes(RecipeManagerInternal.java:113)
	at knot//mezz.jei.library.load.registration.RecipeRegistration.addRecipes(RecipeRegistration.java:52)
	at knot//com.yanny.ali.jei.compatibility.JeiCompatibility.registerRecipes(JeiCompatibility.java:151)
	at knot//com.yanny.ali.jei.compatibility.JeiCompatibility.registerData(JeiCompatibility.java:120)
	at knot//com.yanny.ali.compatibility.common.GenericUtils.register(GenericUtils.java:296)
	at knot//com.yanny.ali.jei.compatibility.JeiCompatibility.registerRecipes(JeiCompatibility.java:84)
	at knot//mezz.jei.library.load.PluginLoader.lambda$createRecipeManager$15(PluginLoader.java:213)
	at knot//mezz.jei.library.load.PluginCaller.callOnPlugins(PluginCaller.java:26)
	at knot//mezz.jei.library.load.PluginLoader.createRecipeManager(PluginLoader.java:213)
	at knot//mezz.jei.library.startup.JeiStarter.start(JeiStarter.java:148)
	at knot//mezz.jei.fabric.startup.ClientLifecycleHandler.startJei(ClientLifecycleHandler.java:91)
	at knot//mezz.jei.fabric.startup.ClientLifecycleHandler.lambda$registerEvents$0(ClientLifecycleHandler.java:52)
	at knot//mezz.jei.fabric.events.JeiLifecycleEvents.lambda$static$4(JeiLifecycleEvents.java:28)
	at knot//mezz.jei.fabric.JustEnoughItemsClient.lambda$onInitializeClient$0(JustEnoughItemsClient.java:30)
	at knot//net.fabricmc.fabric.api.client.recipe.v1.sync.ClientRecipeSynchronizedEvent.lambda$static$0(ClientRecipeSynchronizedEvent.java:34)
	at knot//net.fabricmc.fabric.impl.recipe.sync.client.RecipeSyncImplClient.onRecipeSyncPacket(RecipeSyncImplClient.java:55)
	at knot//net.fabricmc.fabric.impl.networking.client.ClientPlayNetworkAddon.receive(ClientPlayNetworkAddon.java:77)
	at knot//net.fabricmc.fabric.impl.networking.client.ClientPlayNetworkAddon.receive(ClientPlayNetworkAddon.java:39)
	at knot//net.fabricmc.fabric.impl.networking.AbstractChanneledNetworkAddon.handle(AbstractChanneledNetworkAddon.java:102)
	at knot//net.minecraft.client.multiplayer.ClientCommonPacketListenerImpl.handler$cfk000$fabric-networking-api-v1$onCustomPayload(ClientCommonPacketListenerImpl.java:1050)
	at knot//net.minecraft.client.multiplayer.ClientCommonPacketListenerImpl.handleCustomPayload(ClientCommonPacketListenerImpl.java)
	at knot//net.minecraft.network.protocol.common.ClientboundCustomPayloadPacket.handle(ClientboundCustomPayloadPacket.java:38)
	at knot//net.minecraft.network.protocol.common.ClientboundCustomPayloadPacket.handle(ClientboundCustomPayloadPacket.java)
	at knot//net.minecraft.network.PacketProcessor$ListenerAndPacket.handle(PacketProcessor.java:50)
	at knot//net.minecraft.network.PacketProcessor.processQueuedPackets(PacketProcessor.java:37)
	at knot//net.minecraft.client.Minecraft.runTick(Minecraft.java:1291)
	at knot//net.minecraft.client.Minecraft.run(Minecraft.java:925)
	at knot//net.minecraft.client.main.Main.main(Main.java:222)
	at net.fabricmc.loader.impl.game.minecraft.MinecraftGameProvider.launch(MinecraftGameProvider.java:514)
	at net.fabricmc.loader.impl.launch.knot.Knot.launch(Knot.java:72)
	at net.fabricmc.loader.impl.launch.knot.KnotClient.main(KnotClient.java:23)
	at net.fabricmc.devlaunchinjector.Main.main(Main.java:86)
[19:40:54] [Render thread/ERROR] (IngredientSupplierHelper) Found a broken recipe, failed to setRecipe with RecipeLayoutBuilder:
Recipe is from Mod: <unknown>
Recipe Id: null
Recipe Class: class com.yanny.ali.jei.compatibility.jei.RecipeHolder
Recipe Type: ali:trade_loot
java.lang.NullPointerException: Cannot invoke "com.yanny.aci.manager.CoreServerRegistry.getTooltipCache()" because "com.yanny.aci.manager.CorePluginManager.INSTANCE.serverRegistry" is null
	at knot//com.yanny.aci.tooltip.TooltipNode.empty(TooltipNode.java:311)
	at knot//com.yanny.ali.plugin.common.trades.TradeNode.getTooltip(TradeNode.java:52)
	at knot//com.yanny.ali.plugin.client.WidgetUtils.getAllWidget(WidgetUtils.java:34)
	at knot//com.yanny.ali.plugin.client.widget.trades.TradeWidget.getLootGroupWidget(TradeWidget.java:19)
	at knot//com.yanny.ali.api.ListWidget.<init>(ListWidget.java:36)
	at knot//com.yanny.ali.api.ListWidget.<init>(ListWidget.java:32)
	at knot//com.yanny.ali.plugin.client.widget.trades.TradeWidget.<init>(TradeWidget.java:13)
	at knot//com.yanny.ali.jei.compatibility.jei.JeiTradeLoot.getRootWidget(JeiTradeLoot.java:114)
	at knot//com.yanny.ali.jei.compatibility.jei.JeiBaseLoot.setRecipe(JeiBaseLoot.java:91)
	at knot//com.yanny.ali.jei.compatibility.jei.JeiTradeLoot.setRecipe(JeiTradeLoot.java:43)
	at knot//com.yanny.ali.jei.compatibility.jei.JeiTradeLoot.setRecipe(JeiTradeLoot.java:36)
	at knot//mezz.jei.library.util.IngredientSupplierHelper.getIngredientSupplier(IngredientSupplierHelper.java:24)
	at knot//mezz.jei.library.recipes.RecipeManagerInternal.addRecipe(RecipeManagerInternal.java:140)
	at knot//mezz.jei.library.recipes.RecipeManagerInternal.addRecipes(RecipeManagerInternal.java:113)
	at knot//mezz.jei.library.load.registration.RecipeRegistration.addRecipes(RecipeRegistration.java:52)
	at knot//com.yanny.ali.jei.compatibility.JeiCompatibility.registerRecipes(JeiCompatibility.java:151)
	at knot//com.yanny.ali.jei.compatibility.JeiCompatibility.registerData(JeiCompatibility.java:120)
	at knot//com.yanny.ali.compatibility.common.GenericUtils.register(GenericUtils.java:296)
	at knot//com.yanny.ali.jei.compatibility.JeiCompatibility.registerRecipes(JeiCompatibility.java:84)
	at knot//mezz.jei.library.load.PluginLoader.lambda$createRecipeManager$15(PluginLoader.java:213)
	at knot//mezz.jei.library.load.PluginCaller.callOnPlugins(PluginCaller.java:26)
	at knot//mezz.jei.library.load.PluginLoader.createRecipeManager(PluginLoader.java:213)
	at knot//mezz.jei.library.startup.JeiStarter.start(JeiStarter.java:148)
	at knot//mezz.jei.fabric.startup.ClientLifecycleHandler.startJei(ClientLifecycleHandler.java:91)
	at knot//mezz.jei.fabric.startup.ClientLifecycleHandler.lambda$registerEvents$0(ClientLifecycleHandler.java:52)
	at knot//mezz.jei.fabric.events.JeiLifecycleEvents.lambda$static$4(JeiLifecycleEvents.java:28)
	at knot//mezz.jei.fabric.JustEnoughItemsClient.lambda$onInitializeClient$0(JustEnoughItemsClient.java:30)
	at knot//net.fabricmc.fabric.api.client.recipe.v1.sync.ClientRecipeSynchronizedEvent.lambda$static$0(ClientRecipeSynchronizedEvent.java:34)
	at knot//net.fabricmc.fabric.impl.recipe.sync.client.RecipeSyncImplClient.onRecipeSyncPacket(RecipeSyncImplClient.java:55)
	at knot//net.fabricmc.fabric.impl.networking.client.ClientPlayNetworkAddon.receive(ClientPlayNetworkAddon.java:77)
	at knot//net.fabricmc.fabric.impl.networking.client.ClientPlayNetworkAddon.receive(ClientPlayNetworkAddon.java:39)
	at knot//net.fabricmc.fabric.impl.networking.AbstractChanneledNetworkAddon.handle(AbstractChanneledNetworkAddon.java:102)
	at knot//net.minecraft.client.multiplayer.ClientCommonPacketListenerImpl.handler$cfk000$fabric-networking-api-v1$onCustomPayload(ClientCommonPacketListenerImpl.java:1050)
	at knot//net.minecraft.client.multiplayer.ClientCommonPacketListenerImpl.handleCustomPayload(ClientCommonPacketListenerImpl.java)
	at knot//net.minecraft.network.protocol.common.ClientboundCustomPayloadPacket.handle(ClientboundCustomPayloadPacket.java:38)
	at knot//net.minecraft.network.protocol.common.ClientboundCustomPayloadPacket.handle(ClientboundCustomPayloadPacket.java)
	at knot//net.minecraft.network.PacketProcessor$ListenerAndPacket.handle(PacketProcessor.java:50)
	at knot//net.minecraft.network.PacketProcessor.processQueuedPackets(PacketProcessor.java:37)
	at knot//net.minecraft.client.Minecraft.runTick(Minecraft.java:1291)
	at knot//net.minecraft.client.Minecraft.run(Minecraft.java:925)
	at knot//net.minecraft.client.main.Main.main(Main.java:222)
	at net.fabricmc.loader.impl.game.minecraft.MinecraftGameProvider.launch(MinecraftGameProvider.java:514)
	at net.fabricmc.loader.impl.launch.knot.Knot.launch(Knot.java:72)
	at net.fabricmc.loader.impl.launch.knot.KnotClient.main(KnotClient.java:23)
	at net.fabricmc.devlaunchinjector.Main.main(Main.java:86)
[19:40:54] [Render thread/ERROR] (IngredientSupplierHelper) Found a broken recipe, failed to setRecipe with RecipeLayoutBuilder:
Recipe is from Mod: <unknown>
Recipe Id: null
Recipe Class: class com.yanny.ali.jei.compatibility.jei.RecipeHolder
Recipe Type: ali:trade_loot
java.lang.NullPointerException: Cannot invoke "com.yanny.aci.manager.CoreServerRegistry.getTooltipCache()" because "com.yanny.aci.manager.CorePluginManager.INSTANCE.serverRegistry" is null
	at knot//com.yanny.aci.tooltip.TooltipNode.empty(TooltipNode.java:311)
	at knot//com.yanny.ali.plugin.common.trades.TradeNode.getTooltip(TradeNode.java:52)
	at knot//com.yanny.ali.plugin.client.WidgetUtils.getAllWidget(WidgetUtils.java:34)
	at knot//com.yanny.ali.plugin.client.widget.trades.TradeWidget.getLootGroupWidget(TradeWidget.java:19)
	at knot//com.yanny.ali.api.ListWidget.<init>(ListWidget.java:36)
	at knot//com.yanny.ali.api.ListWidget.<init>(ListWidget.java:32)
	at knot//com.yanny.ali.plugin.client.widget.trades.TradeWidget.<init>(TradeWidget.java:13)
	at knot//com.yanny.ali.jei.compatibility.jei.JeiTradeLoot.getRootWidget(JeiTradeLoot.java:114)
	at knot//com.yanny.ali.jei.compatibility.jei.JeiBaseLoot.setRecipe(JeiBaseLoot.java:91)
	at knot//com.yanny.ali.jei.compatibility.jei.JeiTradeLoot.setRecipe(JeiTradeLoot.java:43)
	at knot//com.yanny.ali.jei.compatibility.jei.JeiTradeLoot.setRecipe(JeiTradeLoot.java:36)
	at knot//mezz.jei.library.util.IngredientSupplierHelper.getIngredientSupplier(IngredientSupplierHelper.java:24)
	at knot//mezz.jei.library.recipes.RecipeManagerInternal.addRecipe(RecipeManagerInternal.java:140)
	at knot//mezz.jei.library.recipes.RecipeManagerInternal.addRecipes(RecipeManagerInternal.java:113)
	at knot//mezz.jei.library.load.registration.RecipeRegistration.addRecipes(RecipeRegistration.java:52)
	at knot//com.yanny.ali.jei.compatibility.JeiCompatibility.registerRecipes(JeiCompatibility.java:151)
	at knot//com.yanny.ali.jei.compatibility.JeiCompatibility.registerData(JeiCompatibility.java:120)
	at knot//com.yanny.ali.compatibility.common.GenericUtils.register(GenericUtils.java:296)
	at knot//com.yanny.ali.jei.compatibility.JeiCompatibility.registerRecipes(JeiCompatibility.java:84)
	at knot//mezz.jei.library.load.PluginLoader.lambda$createRecipeManager$15(PluginLoader.java:213)
	at knot//mezz.jei.library.load.PluginCaller.callOnPlugins(PluginCaller.java:26)
	at knot//mezz.jei.library.load.PluginLoader.createRecipeManager(PluginLoader.java:213)
	at knot//mezz.jei.library.startup.JeiStarter.start(JeiStarter.java:148)
	at knot//mezz.jei.fabric.startup.ClientLifecycleHandler.startJei(ClientLifecycleHandler.java:91)
	at knot//mezz.jei.fabric.startup.ClientLifecycleHandler.lambda$registerEvents$0(ClientLifecycleHandler.java:52)
	at knot//mezz.jei.fabric.events.JeiLifecycleEvents.lambda$static$4(JeiLifecycleEvents.java:28)
	at knot//mezz.jei.fabric.JustEnoughItemsClient.lambda$onInitializeClient$0(JustEnoughItemsClient.java:30)
	at knot//net.fabricmc.fabric.api.client.recipe.v1.sync.ClientRecipeSynchronizedEvent.lambda$static$0(ClientRecipeSynchronizedEvent.java:34)
	at knot//net.fabricmc.fabric.impl.recipe.sync.client.RecipeSyncImplClient.onRecipeSyncPacket(RecipeSyncImplClient.java:55)
	at knot//net.fabricmc.fabric.impl.networking.client.ClientPlayNetworkAddon.receive(ClientPlayNetworkAddon.java:77)
	at knot//net.fabricmc.fabric.impl.networking.client.ClientPlayNetworkAddon.receive(ClientPlayNetworkAddon.java:39)
	at knot//net.fabricmc.fabric.impl.networking.AbstractChanneledNetworkAddon.handle(AbstractChanneledNetworkAddon.java:102)
	at knot//net.minecraft.client.multiplayer.ClientCommonPacketListenerImpl.handler$cfk000$fabric-networking-api-v1$onCustomPayload(ClientCommonPacketListenerImpl.java:1050)
	at knot//net.minecraft.client.multiplayer.ClientCommonPacketListenerImpl.handleCustomPayload(ClientCommonPacketListenerImpl.java)
	at knot//net.minecraft.network.protocol.common.ClientboundCustomPayloadPacket.handle(ClientboundCustomPayloadPacket.java:38)
	at knot//net.minecraft.network.protocol.common.ClientboundCustomPayloadPacket.handle(ClientboundCustomPayloadPacket.java)
	at knot//net.minecraft.network.PacketProcessor$ListenerAndPacket.handle(PacketProcessor.java:50)
	at knot//net.minecraft.network.PacketProcessor.processQueuedPackets(PacketProcessor.java:37)
	at knot//net.minecraft.client.Minecraft.runTick(Minecraft.java:1291)
	at knot//net.minecraft.client.Minecraft.run(Minecraft.java:925)
	at knot//net.minecraft.client.main.Main.main(Main.java:222)
	at net.fabricmc.loader.impl.game.minecraft.MinecraftGameProvider.launch(MinecraftGameProvider.java:514)
	at net.fabricmc.loader.impl.launch.knot.Knot.launch(Knot.java:72)
	at net.fabricmc.loader.impl.launch.knot.KnotClient.main(KnotClient.java:23)
	at net.fabricmc.devlaunchinjector.Main.main(Main.java:86)
[19:40:54] [Render thread/ERROR] (IngredientSupplierHelper) Found a broken recipe, failed to setRecipe with RecipeLayoutBuilder:
Recipe is from Mod: <unknown>
Recipe Id: null
Recipe Class: class com.yanny.ali.jei.compatibility.jei.RecipeHolder
Recipe Type: ali:trade_loot
java.lang.NullPointerException: Cannot invoke "com.yanny.aci.manager.CoreServerRegistry.getTooltipCache()" because "com.yanny.aci.manager.CorePluginManager.INSTANCE.serverRegistry" is null
	at knot//com.yanny.aci.tooltip.TooltipNode.empty(TooltipNode.java:311)
	at knot//com.yanny.ali.plugin.common.trades.TradeNode.getTooltip(TradeNode.java:52)
	at knot//com.yanny.ali.plugin.client.WidgetUtils.getAllWidget(WidgetUtils.java:34)
	at knot//com.yanny.ali.plugin.client.widget.trades.TradeWidget.getLootGroupWidget(TradeWidget.java:19)
	at knot//com.yanny.ali.api.ListWidget.<init>(ListWidget.java:36)
	at knot//com.yanny.ali.api.ListWidget.<init>(ListWidget.java:32)
	at knot//com.yanny.ali.plugin.client.widget.trades.TradeWidget.<init>(TradeWidget.java:13)
	at knot//com.yanny.ali.jei.compatibility.jei.JeiTradeLoot.getRootWidget(JeiTradeLoot.java:114)
	at knot//com.yanny.ali.jei.compatibility.jei.JeiBaseLoot.setRecipe(JeiBaseLoot.java:91)
	at knot//com.yanny.ali.jei.compatibility.jei.JeiTradeLoot.setRecipe(JeiTradeLoot.java:43)
	at knot//com.yanny.ali.jei.compatibility.jei.JeiTradeLoot.setRecipe(JeiTradeLoot.java:36)
	at knot//mezz.jei.library.util.IngredientSupplierHelper.getIngredientSupplier(IngredientSupplierHelper.java:24)
	at knot//mezz.jei.library.recipes.RecipeManagerInternal.addRecipe(RecipeManagerInternal.java:140)
	at knot//mezz.jei.library.recipes.RecipeManagerInternal.addRecipes(RecipeManagerInternal.java:113)
	at knot//mezz.jei.library.load.registration.RecipeRegistration.addRecipes(RecipeRegistration.java:52)
	at knot//com.yanny.ali.jei.compatibility.JeiCompatibility.registerRecipes(JeiCompatibility.java:151)
	at knot//com.yanny.ali.jei.compatibility.JeiCompatibility.registerData(JeiCompatibility.java:120)
	at knot//com.yanny.ali.compatibility.common.GenericUtils.register(GenericUtils.java:296)
	at knot//com.yanny.ali.jei.compatibility.JeiCompatibility.registerRecipes(JeiCompatibility.java:84)
	at knot//mezz.jei.library.load.PluginLoader.lambda$createRecipeManager$15(PluginLoader.java:213)
	at knot//mezz.jei.library.load.PluginCaller.callOnPlugins(PluginCaller.java:26)
	at knot//mezz.jei.library.load.PluginLoader.createRecipeManager(PluginLoader.java:213)
	at knot//mezz.jei.library.startup.JeiStarter.start(JeiStarter.java:148)
	at knot//mezz.jei.fabric.startup.ClientLifecycleHandler.startJei(ClientLifecycleHandler.java:91)
	at knot//mezz.jei.fabric.startup.ClientLifecycleHandler.lambda$registerEvents$0(ClientLifecycleHandler.java:52)
	at knot//mezz.jei.fabric.events.JeiLifecycleEvents.lambda$static$4(JeiLifecycleEvents.java:28)
	at knot//mezz.jei.fabric.JustEnoughItemsClient.lambda$onInitializeClient$0(JustEnoughItemsClient.java:30)
	at knot//net.fabricmc.fabric.api.client.recipe.v1.sync.ClientRecipeSynchronizedEvent.lambda$static$0(ClientRecipeSynchronizedEvent.java:34)
	at knot//net.fabricmc.fabric.impl.recipe.sync.client.RecipeSyncImplClient.onRecipeSyncPacket(RecipeSyncImplClient.java:55)
	at knot//net.fabricmc.fabric.impl.networking.client.ClientPlayNetworkAddon.receive(ClientPlayNetworkAddon.java:77)
	at knot//net.fabricmc.fabric.impl.networking.client.ClientPlayNetworkAddon.receive(ClientPlayNetworkAddon.java:39)
	at knot//net.fabricmc.fabric.impl.networking.AbstractChanneledNetworkAddon.handle(AbstractChanneledNetworkAddon.java:102)
	at knot//net.minecraft.client.multiplayer.ClientCommonPacketListenerImpl.handler$cfk000$fabric-networking-api-v1$onCustomPayload(ClientCommonPacketListenerImpl.java:1050)
	at knot//net.minecraft.client.multiplayer.ClientCommonPacketListenerImpl.handleCustomPayload(ClientCommonPacketListenerImpl.java)
	at knot//net.minecraft.network.protocol.common.ClientboundCustomPayloadPacket.handle(ClientboundCustomPayloadPacket.java:38)
	at knot//net.minecraft.network.protocol.common.ClientboundCustomPayloadPacket.handle(ClientboundCustomPayloadPacket.java)
	at knot//net.minecraft.network.PacketProcessor$ListenerAndPacket.handle(PacketProcessor.java:50)
	at knot//net.minecraft.network.PacketProcessor.processQueuedPackets(PacketProcessor.java:37)
	at knot//net.minecraft.client.Minecraft.runTick(Minecraft.java:1291)
	at knot//net.minecraft.client.Minecraft.run(Minecraft.java:925)
	at knot//net.minecraft.client.main.Main.main(Main.java:222)
	at net.fabricmc.loader.impl.game.minecraft.MinecraftGameProvider.launch(MinecraftGameProvider.java:514)
	at net.fabricmc.loader.impl.launch.knot.Knot.launch(Knot.java:72)
	at net.fabricmc.loader.impl.launch.knot.KnotClient.main(KnotClient.java:23)
	at net.fabricmc.devlaunchinjector.Main.main(Main.java:86)
[19:40:54] [Render thread/ERROR] (IngredientSupplierHelper) Found a broken recipe, failed to setRecipe with RecipeLayoutBuilder:
Recipe is from Mod: <unknown>
Recipe Id: null
Recipe Class: class com.yanny.ali.jei.compatibility.jei.RecipeHolder
Recipe Type: ali:trade_loot
java.lang.NullPointerException: Cannot invoke "com.yanny.aci.manager.CoreServerRegistry.getTooltipCache()" because "com.yanny.aci.manager.CorePluginManager.INSTANCE.serverRegistry" is null
	at knot//com.yanny.aci.tooltip.TooltipNode.empty(TooltipNode.java:311)
	at knot//com.yanny.ali.plugin.common.trades.TradeNode.getTooltip(TradeNode.java:52)
	at knot//com.yanny.ali.plugin.client.WidgetUtils.getAllWidget(WidgetUtils.java:34)
	at knot//com.yanny.ali.plugin.client.widget.trades.TradeWidget.getLootGroupWidget(TradeWidget.java:19)
	at knot//com.yanny.ali.api.ListWidget.<init>(ListWidget.java:36)
	at knot//com.yanny.ali.api.ListWidget.<init>(ListWidget.java:32)
	at knot//com.yanny.ali.plugin.client.widget.trades.TradeWidget.<init>(TradeWidget.java:13)
	at knot//com.yanny.ali.jei.compatibility.jei.JeiTradeLoot.getRootWidget(JeiTradeLoot.java:114)
	at knot//com.yanny.ali.jei.compatibility.jei.JeiBaseLoot.setRecipe(JeiBaseLoot.java:91)
	at knot//com.yanny.ali.jei.compatibility.jei.JeiTradeLoot.setRecipe(JeiTradeLoot.java:43)
	at knot//com.yanny.ali.jei.compatibility.jei.JeiTradeLoot.setRecipe(JeiTradeLoot.java:36)
	at knot//mezz.jei.library.util.IngredientSupplierHelper.getIngredientSupplier(IngredientSupplierHelper.java:24)
	at knot//mezz.jei.library.recipes.RecipeManagerInternal.addRecipe(RecipeManagerInternal.java:140)
	at knot//mezz.jei.library.recipes.RecipeManagerInternal.addRecipes(RecipeManagerInternal.java:113)
	at knot//mezz.jei.library.load.registration.RecipeRegistration.addRecipes(RecipeRegistration.java:52)
	at knot//com.yanny.ali.jei.compatibility.JeiCompatibility.registerRecipes(JeiCompatibility.java:151)
	at knot//com.yanny.ali.jei.compatibility.JeiCompatibility.registerData(JeiCompatibility.java:120)
	at knot//com.yanny.ali.compatibility.common.GenericUtils.register(GenericUtils.java:296)
	at knot//com.yanny.ali.jei.compatibility.JeiCompatibility.registerRecipes(JeiCompatibility.java:84)
	at knot//mezz.jei.library.load.PluginLoader.lambda$createRecipeManager$15(PluginLoader.java:213)
	at knot//mezz.jei.library.load.PluginCaller.callOnPlugins(PluginCaller.java:26)
	at knot//mezz.jei.library.load.PluginLoader.createRecipeManager(PluginLoader.java:213)
	at knot//mezz.jei.library.startup.JeiStarter.start(JeiStarter.java:148)
	at knot//mezz.jei.fabric.startup.ClientLifecycleHandler.startJei(ClientLifecycleHandler.java:91)
	at knot//mezz.jei.fabric.startup.ClientLifecycleHandler.lambda$registerEvents$0(ClientLifecycleHandler.java:52)
	at knot//mezz.jei.fabric.events.JeiLifecycleEvents.lambda$static$4(JeiLifecycleEvents.java:28)
	at knot//mezz.jei.fabric.JustEnoughItemsClient.lambda$onInitializeClient$0(JustEnoughItemsClient.java:30)
	at knot//net.fabricmc.fabric.api.client.recipe.v1.sync.ClientRecipeSynchronizedEvent.lambda$static$0(ClientRecipeSynchronizedEvent.java:34)
	at knot//net.fabricmc.fabric.impl.recipe.sync.client.RecipeSyncImplClient.onRecipeSyncPacket(RecipeSyncImplClient.java:55)
	at knot//net.fabricmc.fabric.impl.networking.client.ClientPlayNetworkAddon.receive(ClientPlayNetworkAddon.java:77)
	at knot//net.fabricmc.fabric.impl.networking.client.ClientPlayNetworkAddon.receive(ClientPlayNetworkAddon.java:39)
	at knot//net.fabricmc.fabric.impl.networking.AbstractChanneledNetworkAddon.handle(AbstractChanneledNetworkAddon.java:102)
	at knot//net.minecraft.client.multiplayer.ClientCommonPacketListenerImpl.handler$cfk000$fabric-networking-api-v1$onCustomPayload(ClientCommonPacketListenerImpl.java:1050)
	at knot//net.minecraft.client.multiplayer.ClientCommonPacketListenerImpl.handleCustomPayload(ClientCommonPacketListenerImpl.java)
	at knot//net.minecraft.network.protocol.common.ClientboundCustomPayloadPacket.handle(ClientboundCustomPayloadPacket.java:38)
	at knot//net.minecraft.network.protocol.common.ClientboundCustomPayloadPacket.handle(ClientboundCustomPayloadPacket.java)
	at knot//net.minecraft.network.PacketProcessor$ListenerAndPacket.handle(PacketProcessor.java:50)
	at knot//net.minecraft.network.PacketProcessor.processQueuedPackets(PacketProcessor.java:37)
	at knot//net.minecraft.client.Minecraft.runTick(Minecraft.java:1291)
	at knot//net.minecraft.client.Minecraft.run(Minecraft.java:925)
	at knot//net.minecraft.client.main.Main.main(Main.java:222)
	at net.fabricmc.loader.impl.game.minecraft.MinecraftGameProvider.launch(MinecraftGameProvider.java:514)
	at net.fabricmc.loader.impl.launch.knot.Knot.launch(Knot.java:72)
	at net.fabricmc.loader.impl.launch.knot.KnotClient.main(KnotClient.java:23)
	at net.fabricmc.devlaunchinjector.Main.main(Main.java:86)
[19:40:54] [Render thread/ERROR] (IngredientSupplierHelper) Found a broken recipe, failed to setRecipe with RecipeLayoutBuilder:
Recipe is from Mod: <unknown>
Recipe Id: null
Recipe Class: class com.yanny.ali.jei.compatibility.jei.RecipeHolder
Recipe Type: ali:trade_loot
java.lang.NullPointerException: Cannot invoke "com.yanny.aci.manager.CoreServerRegistry.getTooltipCache()" because "com.yanny.aci.manager.CorePluginManager.INSTANCE.serverRegistry" is null
	at knot//com.yanny.aci.tooltip.TooltipNode.empty(TooltipNode.java:311)
	at knot//com.yanny.ali.plugin.common.trades.TradeNode.getTooltip(TradeNode.java:52)
	at knot//com.yanny.ali.plugin.client.WidgetUtils.getAllWidget(WidgetUtils.java:34)
	at knot//com.yanny.ali.plugin.client.widget.trades.TradeWidget.getLootGroupWidget(TradeWidget.java:19)
	at knot//com.yanny.ali.api.ListWidget.<init>(ListWidget.java:36)
	at knot//com.yanny.ali.api.ListWidget.<init>(ListWidget.java:32)
	at knot//com.yanny.ali.plugin.client.widget.trades.TradeWidget.<init>(TradeWidget.java:13)
	at knot//com.yanny.ali.jei.compatibility.jei.JeiTradeLoot.getRootWidget(JeiTradeLoot.java:114)
	at knot//com.yanny.ali.jei.compatibility.jei.JeiBaseLoot.setRecipe(JeiBaseLoot.java:91)
	at knot//com.yanny.ali.jei.compatibility.jei.JeiTradeLoot.setRecipe(JeiTradeLoot.java:43)
	at knot//com.yanny.ali.jei.compatibility.jei.JeiTradeLoot.setRecipe(JeiTradeLoot.java:36)
	at knot//mezz.jei.library.util.IngredientSupplierHelper.getIngredientSupplier(IngredientSupplierHelper.java:24)
	at knot//mezz.jei.library.recipes.RecipeManagerInternal.addRecipe(RecipeManagerInternal.java:140)
	at knot//mezz.jei.library.recipes.RecipeManagerInternal.addRecipes(RecipeManagerInternal.java:113)
	at knot//mezz.jei.library.load.registration.RecipeRegistration.addRecipes(RecipeRegistration.java:52)
	at knot//com.yanny.ali.jei.compatibility.JeiCompatibility.registerRecipes(JeiCompatibility.java:151)
	at knot//com.yanny.ali.jei.compatibility.JeiCompatibility.registerData(JeiCompatibility.java:120)
	at knot//com.yanny.ali.compatibility.common.GenericUtils.register(GenericUtils.java:296)
	at knot//com.yanny.ali.jei.compatibility.JeiCompatibility.registerRecipes(JeiCompatibility.java:84)
	at knot//mezz.jei.library.load.PluginLoader.lambda$createRecipeManager$15(PluginLoader.java:213)
	at knot//mezz.jei.library.load.PluginCaller.callOnPlugins(PluginCaller.java:26)
	at knot//mezz.jei.library.load.PluginLoader.createRecipeManager(PluginLoader.java:213)
	at knot//mezz.jei.library.startup.JeiStarter.start(JeiStarter.java:148)
	at knot//mezz.jei.fabric.startup.ClientLifecycleHandler.startJei(ClientLifecycleHandler.java:91)
	at knot//mezz.jei.fabric.startup.ClientLifecycleHandler.lambda$registerEvents$0(ClientLifecycleHandler.java:52)
	at knot//mezz.jei.fabric.events.JeiLifecycleEvents.lambda$static$4(JeiLifecycleEvents.java:28)
	at knot//mezz.jei.fabric.JustEnoughItemsClient.lambda$onInitializeClient$0(JustEnoughItemsClient.java:30)
	at knot//net.fabricmc.fabric.api.client.recipe.v1.sync.ClientRecipeSynchronizedEvent.lambda$static$0(ClientRecipeSynchronizedEvent.java:34)
	at knot//net.fabricmc.fabric.impl.recipe.sync.client.RecipeSyncImplClient.onRecipeSyncPacket(RecipeSyncImplClient.java:55)
	at knot//net.fabricmc.fabric.impl.networking.client.ClientPlayNetworkAddon.receive(ClientPlayNetworkAddon.java:77)
	at knot//net.fabricmc.fabric.impl.networking.client.ClientPlayNetworkAddon.receive(ClientPlayNetworkAddon.java:39)
	at knot//net.fabricmc.fabric.impl.networking.AbstractChanneledNetworkAddon.handle(AbstractChanneledNetworkAddon.java:102)
	at knot//net.minecraft.client.multiplayer.ClientCommonPacketListenerImpl.handler$cfk000$fabric-networking-api-v1$onCustomPayload(ClientCommonPacketListenerImpl.java:1050)
	at knot//net.minecraft.client.multiplayer.ClientCommonPacketListenerImpl.handleCustomPayload(ClientCommonPacketListenerImpl.java)
	at knot//net.minecraft.network.protocol.common.ClientboundCustomPayloadPacket.handle(ClientboundCustomPayloadPacket.java:38)
	at knot//net.minecraft.network.protocol.common.ClientboundCustomPayloadPacket.handle(ClientboundCustomPayloadPacket.java)
	at knot//net.minecraft.network.PacketProcessor$ListenerAndPacket.handle(PacketProcessor.java:50)
	at knot//net.minecraft.network.PacketProcessor.processQueuedPackets(PacketProcessor.java:37)
	at knot//net.minecraft.client.Minecraft.runTick(Minecraft.java:1291)
	at knot//net.minecraft.client.Minecraft.run(Minecraft.java:925)
	at knot//net.minecraft.client.main.Main.main(Main.java:222)
	at net.fabricmc.loader.impl.game.minecraft.MinecraftGameProvider.launch(MinecraftGameProvider.java:514)
	at net.fabricmc.loader.impl.launch.knot.Knot.launch(Knot.java:72)
	at net.fabricmc.loader.impl.launch.knot.KnotClient.main(KnotClient.java:23)
	at net.fabricmc.devlaunchinjector.Main.main(Main.java:86)
[19:40:54] [Render thread/INFO] (GenericUtils) Data registration finished successfully.
[19:40:54] [Render thread/INFO] (PluginCallerTimerRunnable) Registering recipes: ali:jei_plugin took 897.4 milliseconds
[19:40:54] [Render thread/INFO] (PluginCallerTimerRunnable) Registering recipes: jei:internal took 34.47 milliseconds
[19:40:54] [Render thread/INFO] (PluginCaller) Registering recipes took 2.160 seconds
[19:40:54] [Render thread/INFO] (PluginCaller) Registering recipes transfer handlers...
[19:40:54] [Render thread/INFO] (PluginCaller) Registering recipes transfer handlers took 3.377 milliseconds
[19:40:54] [Render thread/INFO] (LoggedTimer) Building runtime...
[19:40:54] [Render thread/INFO] (PluginCaller) Registering gui handlers...
[19:40:54] [Render thread/INFO] (PluginCaller) Registering gui handlers took 10.62 milliseconds
[19:40:54] [Render thread/INFO] (PluginCaller) Registering Runtime...
[19:40:54] [Render thread/INFO] (JeiGuiStarter) Starting JEI GUI
[19:40:54] [Render thread/INFO] (LoggedTimer) Building ingredient list...
[19:40:54] [Render thread/INFO] (LoggedTimer) Building ingredient list took 45.90 milliseconds
[19:40:54] [Render thread/INFO] (LoggedTimer) Building ingredient filter...
[19:40:54] [Render thread/INFO] (IngredientFilter) Adding 1876 ingredients
[19:40:55] [Render thread/INFO] (IngredientFilter) Added 1876 ingredients
[19:40:55] [Render thread/INFO] (LoggedTimer) Building ingredient filter took 461.6 milliseconds
[19:40:55] [Render thread/INFO] (PluginCallerTimerRunnable) Registering Runtime: jei:fabric_gui took 625.0 milliseconds
[19:40:55] [Render thread/INFO] (PluginCaller) Registering Runtime took 626.4 milliseconds
[19:40:55] [Render thread/INFO] (LoggedTimer) Building runtime took 643.7 milliseconds
[19:40:55] [Render thread/INFO] (PluginCaller) Sending Runtime...
[19:40:55] [Render thread/INFO] (PluginCaller) Sending Runtime took 426.8 microseconds
[19:40:55] [Render thread/INFO] (LoggedTimer) Starting JEI took 4.112 seconds
[19:40:55] [Render thread/INFO] (Minecraft) Loaded 2 advancements
[19:40:55] [Render thread/INFO] (Jade) Received config from the server: {}
[19:40:55] [Render thread/INFO] (ChunkBuilder) Stopping worker threads
[19:40:56] [Render thread/INFO] (ChunkBuilder) Started 10 worker threads
[19:40:56] [Render thread/INFO] (Minecraft) Resizing Dynamic Transforms UBO, capacity limit of 2 reached during a single frame. New capacity will be 4.
[19:40:57] [Render thread/INFO] (Minecraft) Resizing Dynamic Transforms UBO, capacity limit of 4 reached during a single frame. New capacity will be 8.
[19:41:01] [Render thread/INFO] (Minecraft) [System] [CHAT] [Player995: Made Player548 a server operator]
[19:41:03] [Render thread/INFO] (Minecraft) [System] [CHAT] [Player995: Made Player840 a server operator]
[19:41:05] [Render thread/INFO] (Minecraft) [System] [CHAT] [Player840: Set own game mode to Creative Mode]
[19:41:07] [Render thread/INFO] (Minecraft) [System] [CHAT] [Player840: Set own game mode to Survival Mode]
[19:41:11] [Render thread/INFO] (Minecraft) [System] [CHAT] Set own game mode to Creative Mode
[19:41:11] [Render thread/INFO] (Minecraft) Resizing Dynamic Transforms UBO, capacity limit of 8 reached during a single frame. New capacity will be 16.
[19:41:13] [Render thread/INFO] (Minecraft) [System] [CHAT] Set own game mode to Survival Mode
[19:41:22] [Render thread/INFO] (Minecraft) [System] [CHAT] [Player995: Set the time to 13500]
[19:41:24] [Render thread/INFO] (Minecraft) [System] [CHAT] Player995 has made the advancement [Sweet Dreams]
[19:41:29] [Render thread/INFO] (Minecraft) [System] [CHAT] Player840 has made the advancement [Sweet Dreams]
[19:41:40] [Render thread/INFO] (Minecraft) [System] [CHAT] Gamerule players_sleeping_percentage is now set to: 50
[19:41:57] [Render thread/INFO] (Minecraft) [System] [CHAT] Respawn point set
[19:41:57] [Render thread/INFO] (Minecraft) [System] [CHAT] Player548 has made the advancement [Sweet Dreams]
[19:41:57] [Render thread/INFO] (Minecraft) Loaded 7 advancements
[19:42:55] [Render thread/INFO] (Minecraft) [System] [CHAT] [Player840: Applied effect Saturation to 119 targets]
[19:43:04] [Render thread/INFO] (Minecraft) [System] [CHAT] [Player995: Set the weather to rain & thunder]
[19:43:14] [Render thread/INFO] (Minecraft) [System] [CHAT] Respawn point set
[19:43:28] [Render thread/INFO] (Minecraft) [System] [CHAT] [Player995: Set the time to 6000]
[19:44:09] [Render thread/INFO] (Minecraft) [System] [CHAT] Player995 wants to skip the night (1/2 votes) [Vote Yes]
[19:44:11] [Render thread/INFO] (Minecraft) [System] [CHAT] The night was skipped
[19:44:41] [Render thread/INFO] (Minecraft) [System] [CHAT] Player995 wants to skip the night (1/2 votes) [Vote Yes]
[19:44:48] [Render thread/INFO] (Minecraft) [System] [CHAT] [Player995: Set the weather to clear]
[19:44:54] [Render thread/INFO] (Minecraft) [System] [CHAT] [Player995: Set the time to 18000]
[19:44:59] [Render thread/INFO] (Minecraft) [System] [CHAT] [Player995: Set the time to 13500]
[19:45:02] [Render thread/INFO] (Minecraft) [System] [CHAT] Player840 wants to skip the night (1/2 votes) [Vote Yes]
[19:45:17] [Render thread/INFO] (Minecraft) [System] [CHAT] Player840 wants to skip the night (1/2 votes) [Vote Yes]
[19:45:27] [Render thread/INFO] (Minecraft) [System] [CHAT] Respawn point set
[19:45:29] [Render thread/INFO] (Minecraft) [System] [CHAT] The night was skipped
[19:51:20] [Render thread/INFO] (Minecraft) [System] [CHAT] [Player995: Set the time to 13500]
[19:51:31] [Render thread/INFO] (Minecraft) [System] [CHAT] [Player995: Set 20 experience levels on 3 players]
[19:51:32] [Render thread/INFO] (Minecraft) [System] [CHAT] Player840 left the game
[19:51:36] [Render thread/INFO] (Minecraft) [System] [CHAT] Player840 joined the game
[19:51:43] [Render thread/INFO] (Minecraft) [System] [CHAT] Respawn point set
[19:51:45] [Render thread/INFO] (Minecraft) [System] [CHAT] Player840 wants to skip the night (1/2 votes) [Vote Yes]
[19:52:06] [Render thread/INFO] (Minecraft) [System] [CHAT] Player548 wants to skip the night (1/2 votes) 
[19:52:09] [Render thread/INFO] (Minecraft) [System] [CHAT] The night was skipped
[19:53:42] [Render thread/INFO] (Minecraft) [System] [CHAT] [Player995: Set the time to 13500]
[19:53:57] [Render thread/INFO] (Minecraft) [System] [CHAT] Player840 wants to skip the night (1/2 votes) [Vote Yes]
[19:57:47] [Render thread/INFO] (Minecraft) [System] [CHAT] Player840 left the game
[19:57:48] [Netty NIO IO #0/INFO] (AliClientRegistry) Player logout received
[19:57:48] [Netty NIO IO #0/INFO] (AliClientRegistry) Cleared Loot data
[19:57:48] [Render thread/INFO] (ClientLifecycleHandler) Stopping JEI
[19:57:48] [Render thread/INFO] (JeiStarter) Stopping JEI
[19:57:48] [Render thread/INFO] (PluginCaller) Sending Runtime Unavailable...
[19:57:48] [Render thread/INFO] (FabricGuiPlugin) Stopping JEI GUI
[19:57:48] [Render thread/INFO] (PluginCaller) Sending Runtime Unavailable took 2.310 milliseconds
[19:57:48] [Render thread/INFO] (ChunkBuilder) Stopping worker threads
[19:58:12] [Render thread/INFO] (Minecraft) Stopping!
[19:58:12] [CullThread/INFO] (Minecraft) [STDOUT]: Shutting down culling task!
[19:58:12] [Render thread/INFO] (ClientLifecycleHandler) Stopping JEI
[19:58:12] [Render thread/INFO] (JeiStarter) Stopping JEI
[19:58:12] [Render thread/INFO] (PluginCaller) Sending Runtime Unavailable...
[19:58:12] [Render thread/INFO] (FabricGuiPlugin) Stopping JEI GUI
[19:58:12] [Render thread/INFO] (PluginCaller) Sending Runtime Unavailable took 644.5 microseconds
