[19:38:15] [main/INFO] (FabricLoader/GameProvider) Loading Minecraft 1.21.11 with Fabric Loader 0.19.2
[19:38:15] [main/DEBUG] (FabricLoader/GamePatch) Found game constructor: net.minecraft.server.Main -> net/minecraft/server/Main
[19:38:15] [main/DEBUG] (FabricLoader/GamePatch) Patching game constructor main([Ljava/lang/String;)V
[19:38:15] [main/DEBUG] (FabricLoader/GamePatch) 20w22a+ detected, patching main method...
[19:38:15] [main/DEBUG] (FabricLoader/GamePatch) Detected version above 20w22a
[19:38:15] [main/DEBUG] (FabricLoader/GamePatch) Applying brand name hook to net/minecraft/server/MinecraftServer::getServerModName
[19:38:15] [main/DEBUG] (FabricLoader/GamePatch) Patched 2 classs
[19:38:15] [main/DEBUG] (FabricLoader/Discovery) Skipping missing class path group entry C:\Users\RK\Documents\Minecraft Modding\djs-fixed-progression-template-1.21.11\out\production\classes
[19:38:15] [main/DEBUG] (FabricLoader/Discovery) Skipping missing class path group entry C:\Users\RK\Documents\Minecraft Modding\djs-fixed-progression-template-1.21.11\out\production\resources
[19:38:15] [main/DEBUG] (FabricLoader/Discovery) Skipping missing class path group entry C:\Users\RK\Documents\Minecraft Modding\djs-fixed-progression-template-1.21.11\out\client\classes
[19:38:15] [main/DEBUG] (FabricLoader/Discovery) Skipping missing class path group entry C:\Users\RK\Documents\Minecraft Modding\djs-fixed-progression-template-1.21.11\out\client\resources
[19:38:15] [main/DEBUG] (FabricLoader/Discovery) Skipping class path group with no effect: C:\Users\RK\Documents\Minecraft Modding\djs-fixed-progression-template-1.21.11\.gradle\loom-cache\remapped_mods\remapped\net\fabricmc\fabric-api\fabric-block-view-api-v2-4abd26ae-common\1.0.39+4ebb5c083e\fabric-block-view-api-v2-4abd26ae-common-1.0.39+4ebb5c083e.jar;C:\Users\RK\Documents\Minecraft Modding\djs-fixed-progression-template-1.21.11\.gradle\loom-cache\remapped_mods\remapped\net\fabricmc\fabric-api\fabric-block-view-api-v2-4abd26ae-client\1.0.39+4ebb5c083e\fabric-block-view-api-v2-4abd26ae-client-1.0.39+4ebb5c083e.jar
[19:38:15] [main/DEBUG] (FabricLoader/Discovery) Skipping class path group with no effect: C:\Users\RK\Documents\Minecraft Modding\djs-fixed-progression-template-1.21.11\.gradle\loom-cache\remapped_mods\remapped\net\fabricmc\fabric-api\fabric-command-api-v2-4abd26ae-common\2.4.7+6b42a6003e\fabric-command-api-v2-4abd26ae-common-2.4.7+6b42a6003e.jar;C:\Users\RK\Documents\Minecraft Modding\djs-fixed-progression-template-1.21.11\.gradle\loom-cache\remapped_mods\remapped\net\fabricmc\fabric-api\fabric-command-api-v2-4abd26ae-client\2.4.7+6b42a6003e\fabric-command-api-v2-4abd26ae-client-2.4.7+6b42a6003e.jar
[19:38:15] [main/DEBUG] (FabricLoader/Discovery) Skipping class path group with no effect: C:\Users\RK\Documents\Minecraft Modding\djs-fixed-progression-template-1.21.11\.gradle\loom-cache\remapped_mods\remapped\net\fabricmc\fabric-api\fabric-data-attachment-api-v1-4abd26ae-common\1.8.47+eed0806f3e\fabric-data-attachment-api-v1-4abd26ae-common-1.8.47+eed0806f3e.jar;C:\Users\RK\Documents\Minecraft Modding\djs-fixed-progression-template-1.21.11\.gradle\loom-cache\remapped_mods\remapped\net\fabricmc\fabric-api\fabric-data-attachment-api-v1-4abd26ae-client\1.8.47+eed0806f3e\fabric-data-attachment-api-v1-4abd26ae-client-1.8.47+eed0806f3e.jar
[19:38:15] [main/DEBUG] (FabricLoader/Discovery) Skipping class path group with no effect: C:\Users\RK\Documents\Minecraft Modding\djs-fixed-progression-template-1.21.11\.gradle\loom-cache\remapped_mods\remapped\net\fabricmc\fabric-api\fabric-data-generation-api-v1-4abd26ae-common\23.4.0+69974c4e3e\fabric-data-generation-api-v1-4abd26ae-common-23.4.0+69974c4e3e.jar;C:\Users\RK\Documents\Minecraft Modding\djs-fixed-progression-template-1.21.11\.gradle\loom-cache\remapped_mods\remapped\net\fabricmc\fabric-api\fabric-data-generation-api-v1-4abd26ae-client\23.4.0+69974c4e3e\fabric-data-generation-api-v1-4abd26ae-client-23.4.0+69974c4e3e.jar
[19:38:15] [main/DEBUG] (FabricLoader/Discovery) Skipping class path group with no effect: C:\Users\RK\Documents\Minecraft Modding\djs-fixed-progression-template-1.21.11\.gradle\loom-cache\remapped_mods\remapped\net\fabricmc\fabric-api\fabric-events-interaction-v0-4abd26ae-common\4.1.0+3b89ecf63e\fabric-events-interaction-v0-4abd26ae-common-4.1.0+3b89ecf63e.jar;C:\Users\RK\Documents\Minecraft Modding\djs-fixed-progression-template-1.21.11\.gradle\loom-cache\remapped_mods\remapped\net\fabricmc\fabric-api\fabric-events-interaction-v0-4abd26ae-client\4.1.0+3b89ecf63e\fabric-events-interaction-v0-4abd26ae-client-4.1.0+3b89ecf63e.jar
[19:38:15] [main/DEBUG] (FabricLoader/Discovery) Skipping class path group with no effect: C:\Users\RK\Documents\Minecraft Modding\djs-fixed-progression-template-1.21.11\.gradle\loom-cache\remapped_mods\remapped\net\fabricmc\fabric-api\fabric-game-rule-api-v1-4abd26ae-common\2.0.3+4fc5413f3e\fabric-game-rule-api-v1-4abd26ae-common-2.0.3+4fc5413f3e.jar;C:\Users\RK\Documents\Minecraft Modding\djs-fixed-progression-template-1.21.11\.gradle\loom-cache\remapped_mods\remapped\net\fabricmc\fabric-api\fabric-game-rule-api-v1-4abd26ae-client\2.0.3+4fc5413f3e\fabric-game-rule-api-v1-4abd26ae-client-2.0.3+4fc5413f3e.jar
[19:38:15] [main/DEBUG] (FabricLoader/Discovery) Skipping class path group with no effect: C:\Users\RK\Documents\Minecraft Modding\djs-fixed-progression-template-1.21.11\.gradle\loom-cache\remapped_mods\remapped\net\fabricmc\fabric-api\fabric-item-api-v1-4abd26ae-common\11.5.20+d0c46b9e3e\fabric-item-api-v1-4abd26ae-common-11.5.20+d0c46b9e3e.jar;C:\Users\RK\Documents\Minecraft Modding\djs-fixed-progression-template-1.21.11\.gradle\loom-cache\remapped_mods\remapped\net\fabricmc\fabric-api\fabric-item-api-v1-4abd26ae-client\11.5.20+d0c46b9e3e\fabric-item-api-v1-4abd26ae-client-11.5.20+d0c46b9e3e.jar
[19:38:15] [main/DEBUG] (FabricLoader/Discovery) Skipping class path group with no effect: C:\Users\RK\Documents\Minecraft Modding\djs-fixed-progression-template-1.21.11\.gradle\loom-cache\remapped_mods\remapped\net\fabricmc\fabric-api\fabric-item-group-api-v1-4abd26ae-common\4.2.36+4fc5413f3e\fabric-item-group-api-v1-4abd26ae-common-4.2.36+4fc5413f3e.jar;C:\Users\RK\Documents\Minecraft Modding\djs-fixed-progression-template-1.21.11\.gradle\loom-cache\remapped_mods\remapped\net\fabricmc\fabric-api\fabric-item-group-api-v1-4abd26ae-client\4.2.36+4fc5413f3e\fabric-item-group-api-v1-4abd26ae-client-4.2.36+4fc5413f3e.jar
[19:38:15] [main/DEBUG] (FabricLoader/Discovery) Skipping class path group with no effect: C:\Users\RK\Documents\Minecraft Modding\djs-fixed-progression-template-1.21.11\.gradle\loom-cache\remapped_mods\remapped\net\fabricmc\fabric-api\fabric-lifecycle-events-v1-4abd26ae-common\2.6.15+4ebb5c083e\fabric-lifecycle-events-v1-4abd26ae-common-2.6.15+4ebb5c083e.jar;C:\Users\RK\Documents\Minecraft Modding\djs-fixed-progression-template-1.21.11\.gradle\loom-cache\remapped_mods\remapped\net\fabricmc\fabric-api\fabric-lifecycle-events-v1-4abd26ae-client\2.6.15+4ebb5c083e\fabric-lifecycle-events-v1-4abd26ae-client-2.6.15+4ebb5c083e.jar
[19:38:15] [main/DEBUG] (FabricLoader/Discovery) Skipping class path group with no effect: C:\Users\RK\Documents\Minecraft Modding\djs-fixed-progression-template-1.21.11\.gradle\loom-cache\remapped_mods\remapped\net\fabricmc\fabric-api\fabric-message-api-v1-4abd26ae-common\6.1.12+4ebb5c083e\fabric-message-api-v1-4abd26ae-common-6.1.12+4ebb5c083e.jar;C:\Users\RK\Documents\Minecraft Modding\djs-fixed-progression-template-1.21.11\.gradle\loom-cache\remapped_mods\remapped\net\fabricmc\fabric-api\fabric-message-api-v1-4abd26ae-client\6.1.12+4ebb5c083e\fabric-message-api-v1-4abd26ae-client-6.1.12+4ebb5c083e.jar
[19:38:15] [main/DEBUG] (FabricLoader/Discovery) Skipping class path group with no effect: C:\Users\RK\Documents\Minecraft Modding\djs-fixed-progression-template-1.21.11\.gradle\loom-cache\remapped_mods\remapped\net\fabricmc\fabric-api\fabric-networking-api-v1-4abd26ae-common\5.1.5+ae1e07683e\fabric-networking-api-v1-4abd26ae-common-5.1.5+ae1e07683e.jar;C:\Users\RK\Documents\Minecraft Modding\djs-fixed-progression-template-1.21.11\.gradle\loom-cache\remapped_mods\remapped\net\fabricmc\fabric-api\fabric-networking-api-v1-4abd26ae-client\5.1.5+ae1e07683e\fabric-networking-api-v1-4abd26ae-client-5.1.5+ae1e07683e.jar
[19:38:15] [main/DEBUG] (FabricLoader/Discovery) Skipping class path group with no effect: C:\Users\RK\Documents\Minecraft Modding\djs-fixed-progression-template-1.21.11\.gradle\loom-cache\remapped_mods\remapped\net\fabricmc\fabric-api\fabric-object-builder-api-v1-4abd26ae-common\21.1.39+4fc5413f3e\fabric-object-builder-api-v1-4abd26ae-common-21.1.39+4fc5413f3e.jar;C:\Users\RK\Documents\Minecraft Modding\djs-fixed-progression-template-1.21.11\.gradle\loom-cache\remapped_mods\remapped\net\fabricmc\fabric-api\fabric-object-builder-api-v1-4abd26ae-client\21.1.39+4fc5413f3e\fabric-object-builder-api-v1-4abd26ae-client-21.1.39+4fc5413f3e.jar
[19:38:15] [main/DEBUG] (FabricLoader/Discovery) Skipping class path group with no effect: C:\Users\RK\Documents\Minecraft Modding\djs-fixed-progression-template-1.21.11\.gradle\loom-cache\remapped_mods\remapped\net\fabricmc\fabric-api\fabric-particles-v1-4abd26ae-common\4.2.11+4fc5413f3e\fabric-particles-v1-4abd26ae-common-4.2.11+4fc5413f3e.jar;C:\Users\RK\Documents\Minecraft Modding\djs-fixed-progression-template-1.21.11\.gradle\loom-cache\remapped_mods\remapped\net\fabricmc\fabric-api\fabric-particles-v1-4abd26ae-client\4.2.11+4fc5413f3e\fabric-particles-v1-4abd26ae-client-4.2.11+4fc5413f3e.jar
[19:38:15] [main/DEBUG] (FabricLoader/Discovery) Skipping class path group with no effect: C:\Users\RK\Documents\Minecraft Modding\djs-fixed-progression-template-1.21.11\.gradle\loom-cache\remapped_mods\remapped\net\fabricmc\fabric-api\fabric-recipe-api-v1-4abd26ae-common\8.2.3+4ebb5c083e\fabric-recipe-api-v1-4abd26ae-common-8.2.3+4ebb5c083e.jar;C:\Users\RK\Documents\Minecraft Modding\djs-fixed-progression-template-1.21.11\.gradle\loom-cache\remapped_mods\remapped\net\fabricmc\fabric-api\fabric-recipe-api-v1-4abd26ae-client\8.2.3+4ebb5c083e\fabric-recipe-api-v1-4abd26ae-client-8.2.3+4ebb5c083e.jar
[19:38:15] [main/DEBUG] (FabricLoader/Discovery) Skipping class path group with no effect: C:\Users\RK\Documents\Minecraft Modding\djs-fixed-progression-template-1.21.11\.gradle\loom-cache\remapped_mods\remapped\net\fabricmc\fabric-api\fabric-registry-sync-v0-4abd26ae-common\6.2.5+1718722b3e\fabric-registry-sync-v0-4abd26ae-common-6.2.5+1718722b3e.jar;C:\Users\RK\Documents\Minecraft Modding\djs-fixed-progression-template-1.21.11\.gradle\loom-cache\remapped_mods\remapped\net\fabricmc\fabric-api\fabric-registry-sync-v0-4abd26ae-client\6.2.5+1718722b3e\fabric-registry-sync-v0-4abd26ae-client-6.2.5+1718722b3e.jar
[19:38:15] [main/DEBUG] (FabricLoader/Discovery) Skipping class path group with no effect: C:\Users\RK\Documents\Minecraft Modding\djs-fixed-progression-template-1.21.11\.gradle\loom-cache\remapped_mods\remapped\net\fabricmc\fabric-api\fabric-rendering-fluids-v1-4abd26ae-common\3.1.43+4ebb5c083e\fabric-rendering-fluids-v1-4abd26ae-common-3.1.43+4ebb5c083e.jar;C:\Users\RK\Documents\Minecraft Modding\djs-fixed-progression-template-1.21.11\.gradle\loom-cache\remapped_mods\remapped\net\fabricmc\fabric-api\fabric-rendering-fluids-v1-4abd26ae-client\3.1.43+4ebb5c083e\fabric-rendering-fluids-v1-4abd26ae-client-3.1.43+4ebb5c083e.jar
[19:38:15] [main/DEBUG] (FabricLoader/Discovery) Skipping class path group with no effect: C:\Users\RK\Documents\Minecraft Modding\djs-fixed-progression-template-1.21.11\.gradle\loom-cache\remapped_mods\remapped\net\fabricmc\fabric-api\fabric-resource-loader-v1-4abd26ae-common\1.0.10+78c8b4663e\fabric-resource-loader-v1-4abd26ae-common-1.0.10+78c8b4663e.jar;C:\Users\RK\Documents\Minecraft Modding\djs-fixed-progression-template-1.21.11\.gradle\loom-cache\remapped_mods\remapped\net\fabricmc\fabric-api\fabric-resource-loader-v1-4abd26ae-client\1.0.10+78c8b4663e\fabric-resource-loader-v1-4abd26ae-client-1.0.10+78c8b4663e.jar
[19:38:15] [main/DEBUG] (FabricLoader/Discovery) Skipping class path group with no effect: C:\Users\RK\Documents\Minecraft Modding\djs-fixed-progression-template-1.21.11\.gradle\loom-cache\remapped_mods\remapped\net\fabricmc\fabric-api\fabric-screen-handler-api-v1-4abd26ae-common\1.3.161+4fc5413f3e\fabric-screen-handler-api-v1-4abd26ae-common-1.3.161+4fc5413f3e.jar;C:\Users\RK\Documents\Minecraft Modding\djs-fixed-progression-template-1.21.11\.gradle\loom-cache\remapped_mods\remapped\net\fabricmc\fabric-api\fabric-screen-handler-api-v1-4abd26ae-client\1.3.161+4fc5413f3e\fabric-screen-handler-api-v1-4abd26ae-client-1.3.161+4fc5413f3e.jar
[19:38:15] [main/DEBUG] (FabricLoader/Discovery) Skipping class path group with no effect: C:\Users\RK\Documents\Minecraft Modding\djs-fixed-progression-template-1.21.11\.gradle\loom-cache\remapped_mods\remapped\net\fabricmc\fabric-api\fabric-tag-api-v1-4abd26ae-common\1.2.20+4fc5413f3e\fabric-tag-api-v1-4abd26ae-common-1.2.20+4fc5413f3e.jar;C:\Users\RK\Documents\Minecraft Modding\djs-fixed-progression-template-1.21.11\.gradle\loom-cache\remapped_mods\remapped\net\fabricmc\fabric-api\fabric-tag-api-v1-4abd26ae-client\1.2.20+4fc5413f3e\fabric-tag-api-v1-4abd26ae-client-1.2.20+4fc5413f3e.jar
[19:38:15] [main/DEBUG] (FabricLoader/Discovery) Skipping class path group with no effect: C:\Users\RK\Documents\Minecraft Modding\djs-fixed-progression-template-1.21.11\.gradle\loom-cache\remapped_mods\remapped\net\fabricmc\fabric-api\fabric-transfer-api-v1-4abd26ae-common\6.0.25+4fc5413f3e\fabric-transfer-api-v1-4abd26ae-common-6.0.25+4fc5413f3e.jar;C:\Users\RK\Documents\Minecraft Modding\djs-fixed-progression-template-1.21.11\.gradle\loom-cache\remapped_mods\remapped\net\fabricmc\fabric-api\fabric-transfer-api-v1-4abd26ae-client\6.0.25+4fc5413f3e\fabric-transfer-api-v1-4abd26ae-client-6.0.25+4fc5413f3e.jar
[19:38:15] [main/DEBUG] (FabricLoader/Discovery) Mod discovery time: 110.1 ms
[19:38:15] [main/WARN] (FabricLoader/Resolution) Warnings were found!
 - Mod 'Dynamic Lights' (dynamiclights) 1.9.3+mod recommends any version of midnightlib, which is missing!
	 - You should install any version of midnightlib for the optimal experience.
[19:38:15] [main/DEBUG] (FabricLoader/Resolution) Mod resolution time: 108.6 ms
[19:38:15] [main/INFO] (FabricLoader) Loading 55 mods:
	- ali 1.12.0
	- cloth-config 21.11.153
	   \-- cloth-basic-math 0.6.1
	- djs-fixed-progression 1.0.0
	- dynamiclights 1.9.3+mod
	- entityculling 1.10.5
	   |-- transition 1.0.21
	   \-- trender 1.0.15
	- fabric-api 0.141.4+1.21.11
	   |-- fabric-key-binding-api-v1 1.1.7+4fc5413f3e
	   |-- fabric-model-loading-api-v1 6.0.15+4fc5413f3e
	   |-- fabric-renderer-api-v1 8.0.3+f4ffd2e53e
	   |-- fabric-renderer-indigo 5.0.3+f4ffd2e53e
	   |-- fabric-rendering-v1 16.2.10+0290ad933e
	   |-- fabric-screen-api-v1 3.1.7+4ebb5c083e
	   \-- fabric-sound-api-v1 1.0.51+4fc5413f3e
	- fabric-api-base 1.0.5+4ebb5c083e
	- fabric-api-lookup-api-v1 1.6.114+20dc27073e
	- fabric-biome-api-v1 17.1.1+4fc5413f3e
	- fabric-block-api-v1 1.1.10+4ebb5c083e
	- fabric-block-view-api-v2 1.0.39+4ebb5c083e
	- fabric-command-api-v2 2.4.7+6b42a6003e
	- fabric-content-registries-v0 10.2.14+4fc5413f3e
	- fabric-convention-tags-v1 2.1.55+7f945d5b3e
	- fabric-convention-tags-v2 2.17.3+8ef948ba3e
	- fabric-crash-report-info-v1 0.3.23+4ebb5c083e
	- fabric-data-attachment-api-v1 1.8.47+eed0806f3e
	- fabric-data-generation-api-v1 23.4.0+69974c4e3e
	- fabric-dimensions-v1 4.0.28+4fc5413f3e
	- fabric-entity-events-v1 3.1.1+1d0ab4303e
	- fabric-events-interaction-v0 4.1.0+3b89ecf63e
	- fabric-game-rule-api-v1 2.0.3+4fc5413f3e
	- fabric-gametest-api-v1 3.1.27+4fc5413f3e
	- fabric-item-api-v1 11.5.20+d0c46b9e3e
	- fabric-item-group-api-v1 4.2.36+4fc5413f3e
	- fabric-lifecycle-events-v1 2.6.15+4ebb5c083e
	- fabric-loot-api-v2 3.0.73+3f89f5a53e
	- fabric-loot-api-v3 2.0.20+78c8b4663e
	- fabric-message-api-v1 6.1.12+4ebb5c083e
	- fabric-networking-api-v1 5.1.5+ae1e07683e
	- fabric-object-builder-api-v1 21.1.39+4fc5413f3e
	- fabric-particles-v1 4.2.11+4fc5413f3e
	- fabric-recipe-api-v1 8.2.3+4ebb5c083e
	- fabric-registry-sync-v0 6.2.5+1718722b3e
	- fabric-rendering-fluids-v1 3.1.43+4ebb5c083e
	- fabric-resource-conditions-api-v1 5.0.35+4fc5413f3e
	- fabric-resource-loader-v0 3.3.4+4fc5413f3e
	- fabric-resource-loader-v1 1.0.10+78c8b4663e
	- fabric-screen-handler-api-v1 1.3.161+4fc5413f3e
	- fabric-serialization-api-v1 1.0.5+4ebb5c083e
	- fabric-tag-api-v1 1.2.20+4fc5413f3e
	- fabric-transfer-api-v1 6.0.25+4fc5413f3e
	- fabric-transitive-access-wideners-v1 7.1.0+014c8cec3e
	- fabricloader 0.19.2
	- ferritecore 8.2.0
	- jade 21.1.6+fabric
	- java 21
	- jei 27.4.0.24
	- lithium 0.21.4+mc1.21.11
	- minecraft 1.21.11
	- mixinextras 0.5.4
	- placeholder-api 2.8.2+1.21.10
[19:38:21] [main/WARN] (FabricLoader/ModRemap) Cannot remap this$0 because it does not exist in any of the targets [net/minecraft/class_327$class_5232] or their parents.
[19:38:21] [pool-2-thread-4/WARN] (FabricLoader/ModRemap) Cannot remap lambda$updateBlockEntityTicker$9 because it does not exist in any of the targets [net/minecraft/class_2818]
[19:38:21] [pool-2-thread-4/WARN] (FabricLoader/ModRemap) Cannot remap lambda$updateBlockEntityTicker$9 because it does not exist in any of the targets [net/minecraft/class_2818]
[19:38:21] [pool-2-thread-13/WARN] (FabricLoader/ModRemap) Cannot remap getHeldItem because it does not exist in any of the targets [net/minecraft/class_3727]
[19:38:21] [pool-2-thread-13/WARN] (FabricLoader/ModRemap) Cannot remap lambda$create$5 because it does not exist in any of the targets [net/minecraft/class_4246]
[19:38:21] [pool-2-thread-13/WARN] (FabricLoader/ModRemap) Cannot remap lambda$create$8 because it does not exist in any of the targets [net/minecraft/class_4246]
[19:38:21] [pool-2-thread-10/WARN] (FabricLoader/ModRemap) Cannot remap lambda$create$6 because it does not exist in any of the targets [net/minecraft/class_4096]
[19:38:21] [pool-2-thread-10/WARN] (FabricLoader/ModRemap) Cannot remap lambda$create$8 because it does not exist in any of the targets [net/minecraft/class_4096]
[19:38:21] [pool-2-thread-10/WARN] (FabricLoader/ModRemap) Cannot remap lambda$create$8 because it does not exist in any of the targets [net/minecraft/class_4096]
[19:38:21] [pool-2-thread-10/WARN] (FabricLoader/ModRemap) Cannot remap lambda$getTicker$0 because it does not exist in any of the targets [net/minecraft/class_8236]
[19:38:21] [pool-2-thread-6/WARN] (FabricLoader/ModRemap) Cannot remap lambda$getTicker$2 because it does not exist in any of the targets [net/minecraft/class_7268]
[19:38:21] [pool-2-thread-3/WARN] (FabricLoader/ModRemap) Cannot remap lambda$getTicker$1 because it does not exist in any of the targets [net/minecraft/class_5703]
[19:38:27] [main/DEBUG] (FabricLoader/Knot) Adding C:\Users\RK\Documents\Minecraft Modding\djs-fixed-progression-template-1.21.11\.gradle\loom-cache\remapped_mods\remapped\net\fabricmc\fabric-api\fabric-item-api-v1-4abd26ae-common\11.5.20+d0c46b9e3e\fabric-item-api-v1-4abd26ae-common-11.5.20+d0c46b9e3e.jar to classpath.
[19:38:27] [main/DEBUG] (FabricLoader/Knot) Adding C:\Users\RK\Documents\Minecraft Modding\djs-fixed-progression-template-1.21.11\.gradle\loom-cache\remapped_mods\remapped\net\fabricmc\fabric-api\fabric-transitive-access-wideners-v1-4abd26ae-common\7.1.0+014c8cec3e\fabric-transitive-access-wideners-v1-4abd26ae-common-7.1.0+014c8cec3e.jar to classpath.
[19:38:27] [main/DEBUG] (FabricLoader/Knot) Adding C:\Users\RK\Documents\Minecraft Modding\djs-fixed-progression-template-1.21.11\.gradle\loom-cache\remapped_mods\remapped\net\fabricmc\fabric-api\fabric-message-api-v1-4abd26ae-common\6.1.12+4ebb5c083e\fabric-message-api-v1-4abd26ae-common-6.1.12+4ebb5c083e.jar to classpath.
[19:38:27] [main/DEBUG] (FabricLoader/Knot) Adding C:\Users\RK\Documents\Minecraft Modding\djs-fixed-progression-template-1.21.11\run_server\.fabric\processedMods\entityculling-1.10.5-64b5720b4b825f21.jar to classpath.
[19:38:27] [main/DEBUG] (FabricLoader/Knot) Adding C:\Users\RK\Documents\Minecraft Modding\djs-fixed-progression-template-1.21.11\.gradle\loom-cache\remapped_mods\remapped\net\fabricmc\fabric-api\fabric-serialization-api-v1-4abd26ae-common\1.0.5+4ebb5c083e\fabric-serialization-api-v1-4abd26ae-common-1.0.5+4ebb5c083e.jar to classpath.
[19:38:27] [main/DEBUG] (FabricLoader/Knot) Adding C:\Users\RK\Documents\Minecraft Modding\djs-fixed-progression-template-1.21.11\.gradle\loom-cache\remapped_mods\remapped\net\fabricmc\fabric-api\fabric-api-base-4abd26ae-common\1.0.5+4ebb5c083e\fabric-api-base-4abd26ae-common-1.0.5+4ebb5c083e.jar to classpath.
[19:38:27] [main/DEBUG] (FabricLoader/Knot) Adding C:\Users\RK\Documents\Minecraft Modding\djs-fixed-progression-template-1.21.11\.gradle\loom-cache\remapped_mods\remapped\net\fabricmc\fabric-api\fabric-crash-report-info-v1-4abd26ae-common\0.3.23+4ebb5c083e\fabric-crash-report-info-v1-4abd26ae-common-0.3.23+4ebb5c083e.jar to classpath.
[19:38:27] [main/DEBUG] (FabricLoader/Knot) Adding C:\Users\RK\Documents\Minecraft Modding\djs-fixed-progression-template-1.21.11\.gradle\loom-cache\remapped_mods\remapped\net\fabricmc\fabric-api\fabric-biome-api-v1-4abd26ae-common\17.1.1+4fc5413f3e\fabric-biome-api-v1-4abd26ae-common-17.1.1+4fc5413f3e.jar to classpath.
[19:38:27] [main/DEBUG] (FabricLoader/Knot) Adding C:\Users\RK\Documents\Minecraft Modding\djs-fixed-progression-template-1.21.11\run_server\.fabric\processedMods\jade-21.1.6+fabric-64b5720b4b825f21.jar to classpath.
[19:38:27] [main/DEBUG] (FabricLoader/Knot) Adding C:\Users\RK\Documents\Minecraft Modding\djs-fixed-progression-template-1.21.11\.gradle\loom-cache\remapped_mods\remapped\net\fabricmc\fabric-api\fabric-transfer-api-v1-4abd26ae-common\6.0.25+4fc5413f3e\fabric-transfer-api-v1-4abd26ae-common-6.0.25+4fc5413f3e.jar to classpath.
[19:38:27] [main/DEBUG] (FabricLoader/Knot) Adding C:\Users\RK\Documents\Minecraft Modding\djs-fixed-progression-template-1.21.11\run_server\.fabric\processedMods\lithium-0.21.4+mc1.21.11-64b5720b4b825f21.jar to classpath.
[19:38:27] [main/DEBUG] (FabricLoader/Knot) Adding C:\Users\RK\Documents\Minecraft Modding\djs-fixed-progression-template-1.21.11\.gradle\loom-cache\remapped_mods\remapped\net\fabricmc\fabric-api\fabric-item-group-api-v1-4abd26ae-common\4.2.36+4fc5413f3e\fabric-item-group-api-v1-4abd26ae-common-4.2.36+4fc5413f3e.jar to classpath.
[19:38:27] [main/DEBUG] (FabricLoader/Knot) Adding C:\Users\RK\Documents\Minecraft Modding\djs-fixed-progression-template-1.21.11\.gradle\loom-cache\remapped_mods\remapped\net\fabricmc\fabric-api\fabric-content-registries-v0-4abd26ae-common\10.2.14+4fc5413f3e\fabric-content-registries-v0-4abd26ae-common-10.2.14+4fc5413f3e.jar to classpath.
[19:38:27] [main/DEBUG] (FabricLoader/Knot) Adding C:\Users\RK\Documents\Minecraft Modding\djs-fixed-progression-template-1.21.11\.gradle\loom-cache\remapped_mods\remapped\net\fabricmc\fabric-api\fabric-convention-tags-v1-4abd26ae-common\2.1.55+7f945d5b3e\fabric-convention-tags-v1-4abd26ae-common-2.1.55+7f945d5b3e.jar to classpath.
[19:38:27] [main/DEBUG] (FabricLoader/Knot) Adding C:\Users\RK\Documents\Minecraft Modding\djs-fixed-progression-template-1.21.11\.gradle\loom-cache\remapped_mods\remapped\net\fabricmc\fabric-api\fabric-tag-api-v1-4abd26ae-common\1.2.20+4fc5413f3e\fabric-tag-api-v1-4abd26ae-common-1.2.20+4fc5413f3e.jar to classpath.
[19:38:27] [main/DEBUG] (FabricLoader/Knot) Adding C:\Users\RK\Documents\Minecraft Modding\djs-fixed-progression-template-1.21.11\run_server\.fabric\processedMods\cloth-config-21.11.153-64b5720b4b825f21.jar to classpath.
[19:38:27] [main/DEBUG] (FabricLoader/Knot) Adding C:\Users\RK\Documents\Minecraft Modding\djs-fixed-progression-template-1.21.11\run_server\.fabric\processedMods\jei-27.4.0.24-64b5720b4b825f21.jar to classpath.
[19:38:27] [main/DEBUG] (FabricLoader/Knot) Adding C:\Users\RK\Documents\Minecraft Modding\djs-fixed-progression-template-1.21.11\.gradle\loom-cache\remapped_mods\remapped\net\fabricmc\fabric-api\fabric-rendering-fluids-v1-4abd26ae-common\3.1.43+4ebb5c083e\fabric-rendering-fluids-v1-4abd26ae-common-3.1.43+4ebb5c083e.jar to classpath.
[19:38:27] [main/DEBUG] (FabricLoader/Knot) Adding C:\Users\RK\Documents\Minecraft Modding\djs-fixed-progression-template-1.21.11\.gradle\loom-cache\remapped_mods\remapped\net\fabricmc\fabric-api\fabric-convention-tags-v2-4abd26ae-common\2.17.3+8ef948ba3e\fabric-convention-tags-v2-4abd26ae-common-2.17.3+8ef948ba3e.jar to classpath.
[19:38:27] [main/DEBUG] (FabricLoader/Knot) Adding C:\Users\RK\Documents\Minecraft Modding\djs-fixed-progression-template-1.21.11\.gradle\loom-cache\remapped_mods\remapped\net\fabricmc\fabric-api\fabric-loot-api-v3-4abd26ae-common\2.0.20+78c8b4663e\fabric-loot-api-v3-4abd26ae-common-2.0.20+78c8b4663e.jar to classpath.
[19:38:27] [main/DEBUG] (FabricLoader/Knot) Adding C:\Users\RK\Documents\Minecraft Modding\djs-fixed-progression-template-1.21.11\build\classes\java\main to classpath.
[19:38:27] [main/DEBUG] (FabricLoader/Knot) Adding C:\Users\RK\Documents\Minecraft Modding\djs-fixed-progression-template-1.21.11\build\resources\main to classpath.
[19:38:27] [main/DEBUG] (FabricLoader/Knot) Adding C:\Users\RK\Documents\Minecraft Modding\djs-fixed-progression-template-1.21.11\.gradle\loom-cache\remapped_mods\remapped\net\fabricmc\fabric-api\fabric-game-rule-api-v1-4abd26ae-common\2.0.3+4fc5413f3e\fabric-game-rule-api-v1-4abd26ae-common-2.0.3+4fc5413f3e.jar to classpath.
[19:38:27] [main/DEBUG] (FabricLoader/Knot) Adding C:\Users\RK\Documents\Minecraft Modding\djs-fixed-progression-template-1.21.11\.gradle\loom-cache\remapped_mods\remapped\net\fabricmc\fabric-api\fabric-lifecycle-events-v1-4abd26ae-common\2.6.15+4ebb5c083e\fabric-lifecycle-events-v1-4abd26ae-common-2.6.15+4ebb5c083e.jar to classpath.
[19:38:27] [main/DEBUG] (FabricLoader/Knot) Adding C:\Users\RK\Documents\Minecraft Modding\djs-fixed-progression-template-1.21.11\.gradle\loom-cache\remapped_mods\remapped\net\fabricmc\fabric-api\fabric-registry-sync-v0-4abd26ae-common\6.2.5+1718722b3e\fabric-registry-sync-v0-4abd26ae-common-6.2.5+1718722b3e.jar to classpath.
[19:38:27] [main/DEBUG] (FabricLoader/Knot) Adding C:\Users\RK\Documents\Minecraft Modding\djs-fixed-progression-template-1.21.11\.gradle\loom-cache\remapped_mods\remapped\net\fabricmc\fabric-api\fabric-data-attachment-api-v1-4abd26ae-common\1.8.47+eed0806f3e\fabric-data-attachment-api-v1-4abd26ae-common-1.8.47+eed0806f3e.jar to classpath.
[19:38:27] [main/DEBUG] (FabricLoader/Knot) Adding C:\Users\RK\Documents\Minecraft Modding\djs-fixed-progression-template-1.21.11\run_server\.fabric\processedMods\dynamiclights-1.9.3+mod-64b5720b4b825f21.jar to classpath.
[19:38:27] [main/DEBUG] (FabricLoader/Knot) Adding C:\Users\RK\Documents\Minecraft Modding\djs-fixed-progression-template-1.21.11\.gradle\loom-cache\remapped_mods\remapped\net\fabricmc\fabric-api\fabric-command-api-v2-4abd26ae-common\2.4.7+6b42a6003e\fabric-command-api-v2-4abd26ae-common-2.4.7+6b42a6003e.jar to classpath.
[19:38:27] [main/DEBUG] (FabricLoader/Knot) Adding C:\Users\RK\Documents\Minecraft Modding\djs-fixed-progression-template-1.21.11\.gradle\loom-cache\remapped_mods\remapped\net\fabricmc\fabric-api\fabric-events-interaction-v0-4abd26ae-common\4.1.0+3b89ecf63e\fabric-events-interaction-v0-4abd26ae-common-4.1.0+3b89ecf63e.jar to classpath.
[19:38:27] [main/DEBUG] (FabricLoader/Knot) Adding C:\Users\RK\Documents\Minecraft Modding\djs-fixed-progression-template-1.21.11\.gradle\loom-cache\remapped_mods\remapped\net\fabricmc\fabric-api\fabric-object-builder-api-v1-4abd26ae-common\21.1.39+4fc5413f3e\fabric-object-builder-api-v1-4abd26ae-common-21.1.39+4fc5413f3e.jar to classpath.
[19:38:27] [main/DEBUG] (FabricLoader/Knot) Adding C:\Users\RK\Documents\Minecraft Modding\djs-fixed-progression-template-1.21.11\run_server\.fabric\processedMods\transition-1.0.21-c83d1323b6b3bc1b.jar to classpath.
[19:38:27] [main/DEBUG] (FabricLoader/Knot) Adding C:\Users\RK\Documents\Minecraft Modding\djs-fixed-progression-template-1.21.11\.gradle\loom-cache\remapped_mods\remapped\net\fabricmc\fabric-api\fabric-resource-loader-v1-4abd26ae-common\1.0.10+78c8b4663e\fabric-resource-loader-v1-4abd26ae-common-1.0.10+78c8b4663e.jar to classpath.
[19:38:27] [main/DEBUG] (FabricLoader/Knot) Adding C:\Users\RK\Documents\Minecraft Modding\djs-fixed-progression-template-1.21.11\run_server\.fabric\processedMods\fabric-api-0.141.4+1.21.11-64b5720b4b825f21.jar to classpath.
[19:38:27] [main/DEBUG] (FabricLoader/Knot) Adding C:\Users\RK\Documents\Minecraft Modding\djs-fixed-progression-template-1.21.11\.gradle\loom-cache\remapped_mods\remapped\net\fabricmc\fabric-api\fabric-gametest-api-v1-4abd26ae-common\3.1.27+4fc5413f3e\fabric-gametest-api-v1-4abd26ae-common-3.1.27+4fc5413f3e.jar to classpath.
[19:38:27] [main/DEBUG] (FabricLoader/Knot) Adding C:\Users\RK\Documents\Minecraft Modding\djs-fixed-progression-template-1.21.11\.gradle\loom-cache\remapped_mods\remapped\net\fabricmc\fabric-api\fabric-api-lookup-api-v1-4abd26ae-common\1.6.114+20dc27073e\fabric-api-lookup-api-v1-4abd26ae-common-1.6.114+20dc27073e.jar to classpath.
[19:38:27] [main/DEBUG] (FabricLoader/Knot) Adding C:\Users\RK\Documents\Minecraft Modding\djs-fixed-progression-template-1.21.11\run_server\.fabric\processedMods\ferritecore-8.2.0-64b5720b4b825f21.jar to classpath.
[19:38:27] [main/DEBUG] (FabricLoader/Knot) Adding C:\Users\RK\Documents\Minecraft Modding\djs-fixed-progression-template-1.21.11\.gradle\loom-cache\remapped_mods\remapped\net\fabricmc\fabric-api\fabric-dimensions-v1-4abd26ae-common\4.0.28+4fc5413f3e\fabric-dimensions-v1-4abd26ae-common-4.0.28+4fc5413f3e.jar to classpath.
[19:38:27] [main/DEBUG] (FabricLoader/Knot) Adding C:\Users\RK\Documents\Minecraft Modding\djs-fixed-progression-template-1.21.11\run_server\.fabric\processedMods\placeholder-api-2.8.2+1.21.10-64b5720b4b825f21.jar to classpath.
[19:38:27] [main/DEBUG] (FabricLoader/Knot) Adding C:\Users\RK\Documents\Minecraft Modding\djs-fixed-progression-template-1.21.11\run_server\.fabric\processedMods\trender-1.0.15-33f2e199d46f838c.jar to classpath.
[19:38:27] [main/DEBUG] (FabricLoader/Knot) Adding C:\Users\RK\Documents\Minecraft Modding\djs-fixed-progression-template-1.21.11\.gradle\loom-cache\remapped_mods\remapped\net\fabricmc\fabric-api\fabric-data-generation-api-v1-4abd26ae-common\23.4.0+69974c4e3e\fabric-data-generation-api-v1-4abd26ae-common-23.4.0+69974c4e3e.jar to classpath.
[19:38:27] [main/DEBUG] (FabricLoader/Knot) Adding C:\Users\RK\Documents\Minecraft Modding\djs-fixed-progression-template-1.21.11\.gradle\loom-cache\remapped_mods\remapped\net\fabricmc\fabric-api\fabric-block-api-v1-4abd26ae-common\1.1.10+4ebb5c083e\fabric-block-api-v1-4abd26ae-common-1.1.10+4ebb5c083e.jar to classpath.
[19:38:27] [main/DEBUG] (FabricLoader/Knot) Adding C:\Users\RK\Documents\Minecraft Modding\djs-fixed-progression-template-1.21.11\.gradle\loom-cache\remapped_mods\remapped\net\fabricmc\fabric-api\fabric-recipe-api-v1-4abd26ae-common\8.2.3+4ebb5c083e\fabric-recipe-api-v1-4abd26ae-common-8.2.3+4ebb5c083e.jar to classpath.
[19:38:27] [main/DEBUG] (FabricLoader/Knot) Adding C:\Users\RK\Documents\Minecraft Modding\djs-fixed-progression-template-1.21.11\.gradle\loom-cache\remapped_mods\remapped\net\fabricmc\fabric-api\fabric-resource-loader-v0-4abd26ae-common\3.3.4+4fc5413f3e\fabric-resource-loader-v0-4abd26ae-common-3.3.4+4fc5413f3e.jar to classpath.
[19:38:27] [main/DEBUG] (FabricLoader/Knot) Adding C:\Users\RK\Documents\Minecraft Modding\djs-fixed-progression-template-1.21.11\.gradle\loom-cache\remapped_mods\remapped\net\fabricmc\fabric-api\fabric-loot-api-v2-4abd26ae-common\3.0.73+3f89f5a53e\fabric-loot-api-v2-4abd26ae-common-3.0.73+3f89f5a53e.jar to classpath.
[19:38:27] [main/DEBUG] (FabricLoader/Knot) Adding C:\Users\RK\.gradle\caches\modules-2\files-2.1\io.github.llamalad7\mixinextras-fabric\0.5.4\5e167154bcb9942111313a5e186e16cd7265f858\mixinextras-fabric-0.5.4.jar to classpath.
[19:38:27] [main/DEBUG] (FabricLoader/Knot) Adding C:\Users\RK\Documents\Minecraft Modding\djs-fixed-progression-template-1.21.11\.gradle\loom-cache\remapped_mods\remapped\net\fabricmc\fabric-api\fabric-resource-conditions-api-v1-4abd26ae-common\5.0.35+4fc5413f3e\fabric-resource-conditions-api-v1-4abd26ae-common-5.0.35+4fc5413f3e.jar to classpath.
[19:38:27] [main/DEBUG] (FabricLoader/Knot) Adding C:\Users\RK\Documents\Minecraft Modding\djs-fixed-progression-template-1.21.11\.gradle\loom-cache\remapped_mods\remapped\net\fabricmc\fabric-api\fabric-entity-events-v1-4abd26ae-common\3.1.1+1d0ab4303e\fabric-entity-events-v1-4abd26ae-common-3.1.1+1d0ab4303e.jar to classpath.
[19:38:27] [main/DEBUG] (FabricLoader/Knot) Adding C:\Users\RK\Documents\Minecraft Modding\djs-fixed-progression-template-1.21.11\.gradle\loom-cache\remapped_mods\remapped\net\fabricmc\fabric-api\fabric-particles-v1-4abd26ae-common\4.2.11+4fc5413f3e\fabric-particles-v1-4abd26ae-common-4.2.11+4fc5413f3e.jar to classpath.
[19:38:27] [main/DEBUG] (FabricLoader/Knot) Adding C:\Users\RK\Documents\Minecraft Modding\djs-fixed-progression-template-1.21.11\run_server\.fabric\processedMods\cloth-basic-math-0.6.1-17ea6dce277cc3b8.jar to classpath.
[19:38:27] [main/DEBUG] (FabricLoader/Knot) Adding C:\Users\RK\Documents\Minecraft Modding\djs-fixed-progression-template-1.21.11\.gradle\loom-cache\remapped_mods\remapped\net\fabricmc\fabric-api\fabric-block-view-api-v2-4abd26ae-common\1.0.39+4ebb5c083e\fabric-block-view-api-v2-4abd26ae-common-1.0.39+4ebb5c083e.jar to classpath.
[19:38:27] [main/DEBUG] (FabricLoader/Knot) Adding C:\Users\RK\Documents\Minecraft Modding\djs-fixed-progression-template-1.21.11\.gradle\loom-cache\remapped_mods\remapped\net\fabricmc\fabric-api\fabric-networking-api-v1-4abd26ae-common\5.1.5+ae1e07683e\fabric-networking-api-v1-4abd26ae-common-5.1.5+ae1e07683e.jar to classpath.
[19:38:27] [main/DEBUG] (FabricLoader/Knot) Adding C:\Users\RK\Documents\Minecraft Modding\djs-fixed-progression-template-1.21.11\run_server\.fabric\processedMods\ali-1.12.0-64b5720b4b825f21.jar to classpath.
[19:38:27] [main/DEBUG] (FabricLoader/Knot) Adding C:\Users\RK\Documents\Minecraft Modding\djs-fixed-progression-template-1.21.11\.gradle\loom-cache\remapped_mods\remapped\net\fabricmc\fabric-api\fabric-screen-handler-api-v1-4abd26ae-common\1.3.161+4fc5413f3e\fabric-screen-handler-api-v1-4abd26ae-common-1.3.161+4fc5413f3e.jar to classpath.
[19:38:27] [main/DEBUG] (FabricLoader/Entrypoint) Registering new-style initializer dev.tr7zw.entityculling.config.EntityCullingModMenu for mod entityculling (key modmenu)
[19:38:27] [main/DEBUG] (FabricLoader/Entrypoint) Registering new-style initializer dev.tr7zw.entityculling.EntityCullingMod for mod entityculling (key client)
[19:38:27] [main/DEBUG] (FabricLoader/Entrypoint) Registering new-style initializer snownee.jade.compat.ModMenuCompat for mod jade (key modmenu)
[19:38:27] [main/DEBUG] (FabricLoader/Entrypoint) Registering new-style initializer snownee.jade.util.ClientProxy for mod jade (key client)
[19:38:27] [main/DEBUG] (FabricLoader/Entrypoint) Registering new-style initializer snownee.jade.addon.core.CorePlugin for mod jade (key jade)
[19:38:27] [main/DEBUG] (FabricLoader/Entrypoint) Registering new-style initializer snownee.jade.addon.vanilla.VanillaPlugin for mod jade (key jade)
[19:38:27] [main/DEBUG] (FabricLoader/Entrypoint) Registering new-style initializer snownee.jade.addon.universal.UniversalPlugin for mod jade (key jade)
[19:38:27] [main/DEBUG] (FabricLoader/Entrypoint) Registering new-style initializer snownee.jade.addon.access.AccessibilityPlugin for mod jade (key jade)
[19:38:27] [main/DEBUG] (FabricLoader/Entrypoint) Registering new-style initializer snownee.jade.addon.debug.DebugPlugin for mod jade (key jade)
[19:38:27] [main/DEBUG] (FabricLoader/Entrypoint) Registering new-style initializer snownee.jade.util.CommonProxy for mod jade (key main)
[19:38:27] [main/DEBUG] (FabricLoader/Entrypoint) Registering new-style initializer net.caffeinemc.mods.lithium.fabric.LithiumFabricMod for mod lithium (key main)
[19:38:27] [main/DEBUG] (FabricLoader/Entrypoint) Registering new-style initializer net.fabricmc.fabric.impl.tag.convention.ConventionLogWarnings for mod fabric-convention-tags-v1 (key main)
[19:38:27] [main/DEBUG] (FabricLoader/Entrypoint) Registering new-style initializer net.fabricmc.fabric.impl.tag.TagInit for mod fabric-tag-api-v1 (key main)
[19:38:27] [main/DEBUG] (FabricLoader/Entrypoint) Registering new-style initializer me.shedaniel.clothconfig2.fabric.ClothConfigModMenuDemo for mod cloth-config (key modmenu)
[19:38:27] [main/DEBUG] (FabricLoader/Entrypoint) Registering new-style initializer me.shedaniel.autoconfig.example.ExampleInits::exampleCommonInit for mod cloth-config (key client)
[19:38:27] [main/DEBUG] (FabricLoader/Entrypoint) Registering new-style initializer mezz.jei.library.plugins.vanilla.VanillaPlugin for mod jei (key jei_mod_plugin)
[19:38:27] [main/DEBUG] (FabricLoader/Entrypoint) Registering new-style initializer mezz.jei.library.plugins.jei.JeiInternalPlugin for mod jei (key jei_mod_plugin)
[19:38:27] [main/DEBUG] (FabricLoader/Entrypoint) Registering new-style initializer mezz.jei.library.plugins.debug.JeiDebugPlugin for mod jei (key jei_mod_plugin)
[19:38:27] [main/DEBUG] (FabricLoader/Entrypoint) Registering new-style initializer mezz.jei.fabric.plugins.fabric.FabricGuiPlugin for mod jei (key jei_mod_plugin)
[19:38:27] [main/DEBUG] (FabricLoader/Entrypoint) Registering new-style initializer mezz.jei.gui.plugins.JeiGuiPlugin for mod jei (key jei_mod_plugin)
[19:38:27] [main/DEBUG] (FabricLoader/Entrypoint) Registering new-style initializer mezz.jei.fabric.JustEnoughItemsClient for mod jei (key client)
[19:38:27] [main/DEBUG] (FabricLoader/Entrypoint) Registering new-style initializer mezz.jei.fabric.JustEnoughItems for mod jei (key main)
[19:38:27] [main/DEBUG] (FabricLoader/Entrypoint) Registering new-style initializer net.fabricmc.fabric.impl.tag.convention.v2.TranslationConventionLogWarnings for mod fabric-convention-tags-v2 (key main)
[19:38:27] [main/DEBUG] (FabricLoader/Entrypoint) Registering new-style initializer djabouty47.djsfixedprogression.datagen.DJsDataGenerator for mod djs-fixed-progression (key fabric-datagen)
[19:38:27] [main/DEBUG] (FabricLoader/Entrypoint) Registering new-style initializer djabouty47.djsfixedprogression.client.DJsFixedProgressionClient for mod djs-fixed-progression (key client)
[19:38:27] [main/DEBUG] (FabricLoader/Entrypoint) Registering new-style initializer djabouty47.djsfixedprogression.DJsFixedProgression for mod djs-fixed-progression (key main)
[19:38:27] [main/DEBUG] (FabricLoader/Entrypoint) Registering new-style initializer net.fabricmc.fabric.impl.client.event.lifecycle.ClientLifecycleEventsImpl for mod fabric-lifecycle-events-v1 (key client)
[19:38:27] [main/DEBUG] (FabricLoader/Entrypoint) Registering new-style initializer net.fabricmc.fabric.impl.event.lifecycle.LifecycleEventsImpl for mod fabric-lifecycle-events-v1 (key main)
[19:38:27] [main/DEBUG] (FabricLoader/Entrypoint) Registering new-style initializer net.fabricmc.fabric.impl.client.registry.sync.FabricRegistryClientInit for mod fabric-registry-sync-v0 (key client)
[19:38:27] [main/DEBUG] (FabricLoader/Entrypoint) Registering new-style initializer net.fabricmc.fabric.impl.registry.sync.FabricRegistryInit for mod fabric-registry-sync-v0 (key main)
[19:38:27] [main/DEBUG] (FabricLoader/Entrypoint) Registering new-style initializer net.fabricmc.fabric.impl.attachment.client.AttachmentSyncClient for mod fabric-data-attachment-api-v1 (key client)
[19:38:27] [main/DEBUG] (FabricLoader/Entrypoint) Registering new-style initializer net.fabricmc.fabric.impl.attachment.AttachmentEntrypoint for mod fabric-data-attachment-api-v1 (key main)
[19:38:27] [main/DEBUG] (FabricLoader/Entrypoint) Registering new-style initializer net.fabricmc.fabric.impl.attachment.sync.AttachmentSync for mod fabric-data-attachment-api-v1 (key main)
[19:38:27] [main/DEBUG] (FabricLoader/Entrypoint) Registering new-style initializer net.tschipcraft.dynamiclights.fabric.Init for mod dynamiclights (key main)
[19:38:27] [main/DEBUG] (FabricLoader/Entrypoint) Registering new-style initializer net.fabricmc.fabric.impl.event.interaction.InteractionEventsRouter for mod fabric-events-interaction-v0 (key main)
[19:38:27] [main/DEBUG] (FabricLoader/Entrypoint) Registering new-style initializer dev.tr7zw.transition.ClientTRansitionMod for mod transition (key client)
[19:38:27] [main/DEBUG] (FabricLoader/Entrypoint) Registering new-style initializer net.fabricmc.fabric.impl.gametest.FabricGameTestModInitializer for mod fabric-gametest-api-v1 (key main)
[19:38:27] [main/DEBUG] (FabricLoader/Entrypoint) Registering new-style initializer net.fabricmc.fabric.impl.lookup.ApiLookupImpl for mod fabric-api-lookup-api-v1 (key main)
[19:38:27] [main/DEBUG] (FabricLoader/Entrypoint) Registering new-style initializer dev.tr7zw.trender.gui.impl.modmenu.ModMenuSupport for mod trender (key modmenu)
[19:38:27] [main/DEBUG] (FabricLoader/Entrypoint) Registering new-style initializer dev.tr7zw.trender.gui.impl.client.LibGuiClient for mod trender (key client)
[19:38:27] [main/DEBUG] (FabricLoader/Entrypoint) Registering new-style initializer net.fabricmc.fabric.impl.recipe.ingredient.client.CustomIngredientSyncClient for mod fabric-recipe-api-v1 (key client)
[19:38:27] [main/DEBUG] (FabricLoader/Entrypoint) Registering new-style initializer net.fabricmc.fabric.impl.recipe.sync.client.RecipeSyncImplClient for mod fabric-recipe-api-v1 (key client)
[19:38:27] [main/DEBUG] (FabricLoader/Entrypoint) Registering new-style initializer net.fabricmc.fabric.impl.recipe.ingredient.CustomIngredientInit for mod fabric-recipe-api-v1 (key main)
[19:38:27] [main/DEBUG] (FabricLoader/Entrypoint) Registering new-style initializer net.fabricmc.fabric.impl.recipe.ingredient.CustomIngredientSync for mod fabric-recipe-api-v1 (key main)
[19:38:27] [main/DEBUG] (FabricLoader/Entrypoint) Registering new-style initializer net.fabricmc.fabric.impl.recipe.sync.RecipeSyncImpl for mod fabric-recipe-api-v1 (key main)
[19:38:27] [main/DEBUG] (FabricLoader/Entrypoint) Registering new-style initializer net.fabricmc.fabric.impl.loot.v2.LootInitializer for mod fabric-loot-api-v2 (key main)
[19:38:27] [main/DEBUG] (FabricLoader/Entrypoint) Registering new-style initializer net.fabricmc.fabric.impl.resource.conditions.ResourceConditionsImpl for mod fabric-resource-conditions-api-v1 (key main)
[19:38:27] [main/DEBUG] (FabricLoader/Entrypoint) Registering new-style initializer net.fabricmc.fabric.impl.client.particle.ExtendedBlockStateParticleEffectSyncClient for mod fabric-particles-v1 (key client)
[19:38:27] [main/DEBUG] (FabricLoader/Entrypoint) Registering new-style initializer net.fabricmc.fabric.impl.particle.ExtendedBlockStateParticleEffectSync for mod fabric-particles-v1 (key main)
[19:38:27] [main/DEBUG] (FabricLoader/Entrypoint) Registering new-style initializer net.fabricmc.fabric.impl.networking.client.ClientNetworkingImpl::clientInit for mod fabric-networking-api-v1 (key client)
[19:38:27] [main/DEBUG] (FabricLoader/Entrypoint) Registering new-style initializer net.fabricmc.fabric.impl.networking.CommonPacketsImpl::init for mod fabric-networking-api-v1 (key main)
[19:38:27] [main/DEBUG] (FabricLoader/Entrypoint) Registering new-style initializer net.fabricmc.fabric.impl.networking.NetworkingImpl::init for mod fabric-networking-api-v1 (key main)
[19:38:27] [main/DEBUG] (FabricLoader/Entrypoint) Registering new-style initializer com.yanny.ali.emi.compatibility.EmiCompatibility for mod ali (key emi)
[19:38:27] [main/DEBUG] (FabricLoader/Entrypoint) Registering new-style initializer com.yanny.ali.jei.compatibility.JeiCompatibility for mod ali (key jei_mod_plugin)
[19:38:27] [main/DEBUG] (FabricLoader/Entrypoint) Registering new-style initializer com.yanny.ali.fabric.datagen.DataGeneration for mod ali (key fabric-datagen)
[19:38:27] [main/DEBUG] (FabricLoader/Entrypoint) Registering new-style initializer com.yanny.ali.rei.compatibility.ReiCompatibility for mod ali (key rei_client)
[19:38:27] [main/DEBUG] (FabricLoader/Entrypoint) Registering new-style initializer com.yanny.ali.fabric.ClientAliMod for mod ali (key client)
[19:38:27] [main/DEBUG] (FabricLoader/Entrypoint) Registering new-style initializer com.yanny.ali.fabric.CommonAliMod for mod ali (key main)
[19:38:27] [main/DEBUG] (FabricLoader/Entrypoint) Registering new-style initializer com.yanny.ali.plugin.Plugin for mod ali (key ali)
[19:38:27] [main/DEBUG] (FabricLoader/Entrypoint) Registering new-style initializer net.fabricmc.fabric.impl.screenhandler.client.ClientNetworking for mod fabric-screen-handler-api-v1 (key client)
[19:38:27] [main/DEBUG] (FabricLoader/Entrypoint) Registering new-style initializer net.fabricmc.fabric.impl.screenhandler.Networking for mod fabric-screen-handler-api-v1 (key main)
[19:38:28] [main/INFO] (FabricLoader/Mixin) SpongePowered MIXIN Subsystem Version=0.8.7 Source=file:/C:/Users/RK/.gradle/caches/modules-2/files-2.1/net.fabricmc/sponge-mixin/0.17.2+mixin.0.8.7/edf98d1d98229e46e36c61774ae2b54dcd852981/sponge-mixin-0.17.2+mixin.0.8.7.jar Service=Knot/Fabric Env=SERVER
[19:38:28] [main/DEBUG] (FabricLoader/Mixin) Initialising Mixin Platform Manager
[19:38:28] [main/DEBUG] (FabricLoader/Mixin) Adding mixin platform agents for container ContainerHandleURI(file:///C:/Users/RK/.gradle/caches/modules-2/files-2.1/net.fabricmc/fabric-loader/0.19.2/cc647a5b22dbc49b9a3267cebcee25fc4882b108/fabric-loader-0.19.2.jar)
[19:38:28] [main/DEBUG] (FabricLoader/Mixin) Instancing new MixinPlatformAgentDefault for ContainerHandleURI(file:///C:/Users/RK/.gradle/caches/modules-2/files-2.1/net.fabricmc/fabric-loader/0.19.2/cc647a5b22dbc49b9a3267cebcee25fc4882b108/fabric-loader-0.19.2.jar)
[19:38:28] [main/DEBUG] (FabricLoader/Mixin) MixinPlatformAgentDefault accepted container ContainerHandleURI(file:///C:/Users/RK/.gradle/caches/modules-2/files-2.1/net.fabricmc/fabric-loader/0.19.2/cc647a5b22dbc49b9a3267cebcee25fc4882b108/fabric-loader-0.19.2.jar)
[19:38:28] [main/DEBUG] (FabricLoader/Mixin) Instancing new MixinPlatformAgentDefault for ContainerHandleURI(file:///C:/Users/RK/.gradle/caches/modules-2/files-2.1/net.fabricmc/fabric-loader/0.19.2/cc647a5b22dbc49b9a3267cebcee25fc4882b108/fabric-loader-0.19.2.jar)
[19:38:28] [main/DEBUG] (FabricLoader/Mixin) MixinPlatformAgentDefault accepted container ContainerHandleURI(file:///C:/Users/RK/.gradle/caches/modules-2/files-2.1/net.fabricmc/fabric-loader/0.19.2/cc647a5b22dbc49b9a3267cebcee25fc4882b108/fabric-loader-0.19.2.jar)
[19:38:28] [main/DEBUG] (FabricLoader/Mixin) Processing prepare() for PlatformAgent[MixinPlatformAgentDefault:ContainerHandleURI(file:///C:/Users/RK/.gradle/caches/modules-2/files-2.1/net.fabricmc/fabric-loader/0.19.2/cc647a5b22dbc49b9a3267cebcee25fc4882b108/fabric-loader-0.19.2.jar)]
[19:38:28] [main/DEBUG] (FabricLoader/Mixin) Processing prepare() for PlatformAgent[MixinPlatformAgentDefault:ContainerHandleURI(file:///C:/Users/RK/.gradle/caches/modules-2/files-2.1/net.fabricmc/fabric-loader/0.19.2/cc647a5b22dbc49b9a3267cebcee25fc4882b108/fabric-loader-0.19.2.jar)]
[19:38:28] [main/INFO] (FabricLoader/Mixin) Loaded Fabric development mappings for mixin remapper!
[19:38:28] [main/DEBUG] (FabricLoader/Mixin) Compatibility level JAVA_21 specified by fabric-item-api-v1.mixins.json is higher than the maximum level supported by this version of mixin (JAVA_13).
[19:38:28] [main/INFO] (FabricLoader/Mixin) Compatibility level set to JAVA_21
[19:38:28] [main/DEBUG] (FabricLoader/Mixin) Mixin config fabric-item-api-v1.mixins.json does not specify "minVersion" or "requiredFeatures" property
[19:38:28] [main/DEBUG] (FabricLoader/Mixin) Mixin config fabric-message-api-v1.mixins.json does not specify "minVersion" or "requiredFeatures" property
[19:38:28] [main/DEBUG] (FabricLoader/Mixin) Compatibility level JAVA_16 specified by entityculling.mixins.json is higher than the maximum level supported by this version of mixin (JAVA_13).
[19:38:28] [main/DEBUG] (FabricLoader/Mixin) Mixin config fabric-serialization-api-v1.mixins.json does not specify "minVersion" or "requiredFeatures" property
[19:38:28] [main/DEBUG] (FabricLoader/Mixin) Mixin config fabric-crash-report-info-v1.mixins.json does not specify "minVersion" or "requiredFeatures" property
[19:38:28] [main/DEBUG] (FabricLoader/Mixin) Mixin config fabric-biome-api-v1.mixins.json does not specify "minVersion" or "requiredFeatures" property
[19:38:28] [main/DEBUG] (FabricLoader/Mixin) Mixin config fabric-transfer-api-v1.mixins.json does not specify "minVersion" or "requiredFeatures" property
[19:38:28] [main/DEBUG] (FabricLoader/Mixin) Mixin config lithium.mixins.json does not specify "minVersion" or "requiredFeatures" property
[19:38:28] [main/DEBUG] (FabricLoader/Mixin) Mixin config lithium-fabric.mixins.json does not specify "minVersion" or "requiredFeatures" property
[19:38:28] [main/DEBUG] (FabricLoader/Mixin) Mixin config fabric-item-group-api-v1.mixins.json does not specify "minVersion" or "requiredFeatures" property
[19:38:28] [main/DEBUG] (FabricLoader/Mixin) Mixin config fabric-content-registries-v0.mixins.json does not specify "minVersion" or "requiredFeatures" property
[19:38:28] [main/DEBUG] (FabricLoader/Mixin) Mixin config fabric-tag-api-v1.mixins.json does not specify "minVersion" or "requiredFeatures" property
[19:38:28] [main/DEBUG] (FabricLoader/Mixin) Mixin config fabric-convention-tags-api-v2.mixins.json does not specify "minVersion" or "requiredFeatures" property
[19:38:28] [main/DEBUG] (FabricLoader/Mixin) Mixin config fabric-loot-api-v3.mixins.json does not specify "minVersion" or "requiredFeatures" property
[19:38:28] [main/DEBUG] (FabricLoader/Mixin) Mixin config djs-fixed-progression.mixins.json does not specify "minVersion" or "requiredFeatures" property
[19:38:28] [main/DEBUG] (FabricLoader/Mixin) Mixin config fabric-game-rule-api-v1.mixins.json does not specify "minVersion" or "requiredFeatures" property
[19:38:28] [main/DEBUG] (FabricLoader/Mixin) Mixin config fabric-lifecycle-events-v1.mixins.json does not specify "minVersion" or "requiredFeatures" property
[19:38:28] [main/DEBUG] (FabricLoader/Mixin) Mixin config fabric-registry-sync-v0.mixins.json does not specify "minVersion" or "requiredFeatures" property
[19:38:28] [main/DEBUG] (FabricLoader/Mixin) Mixin config fabric-data-attachment-api-v1.mixins.json does not specify "minVersion" or "requiredFeatures" property
[19:38:28] [main/DEBUG] (FabricLoader/Mixin) Mixin config fabric-command-api-v2.mixins.json does not specify "minVersion" or "requiredFeatures" property
[19:38:28] [main/DEBUG] (FabricLoader/Mixin) Mixin config fabric-events-interaction-v0.mixins.json does not specify "minVersion" or "requiredFeatures" property
[19:38:28] [main/DEBUG] (FabricLoader/Mixin) Mixin config fabric-object-builder-v1.mixins.json does not specify "minVersion" or "requiredFeatures" property
[19:38:28] [main/DEBUG] (FabricLoader/Mixin) Mixin config fabric-resource-loader-v1.mixins.json does not specify "minVersion" or "requiredFeatures" property
[19:38:28] [main/DEBUG] (FabricLoader/Mixin) Mixin config fabric-gametest-api-v1.mixins.json does not specify "minVersion" or "requiredFeatures" property
[19:38:28] [main/DEBUG] (FabricLoader/Mixin) Mixin config fabric-api-lookup-api-v1.mixins.json does not specify "minVersion" or "requiredFeatures" property
[19:38:28] [main/DEBUG] (FabricLoader/Mixin) Compatibility level JAVA_17 specified by ferritecore.accessors.mixin.json is higher than the maximum level supported by this version of mixin (JAVA_13).
[19:38:28] [main/DEBUG] (FabricLoader/Mixin) Compatibility level JAVA_17 specified by ferritecore.blockstatecache.mixin.json is higher than the maximum level supported by this version of mixin (JAVA_13).
[19:38:28] [main/DEBUG] (FabricLoader/Mixin) Compatibility level JAVA_17 specified by ferritecore.fastmap.mixin.json is higher than the maximum level supported by this version of mixin (JAVA_13).
[19:38:28] [main/DEBUG] (FabricLoader/Mixin) Compatibility level JAVA_17 specified by ferritecore.datacomponents.mixin.json is higher than the maximum level supported by this version of mixin (JAVA_13).
[19:38:28] [main/DEBUG] (FabricLoader/Mixin) Compatibility level JAVA_17 specified by ferritecore.threaddetec.mixin.json is higher than the maximum level supported by this version of mixin (JAVA_13).
[19:38:28] [main/DEBUG] (FabricLoader/Mixin) Mixin config fabric-dimensions-v1.mixins.json does not specify "minVersion" or "requiredFeatures" property
[19:38:28] [main/DEBUG] (FabricLoader/Mixin) Mixin config fabric-data-generation-api-v1.mixins.json does not specify "minVersion" or "requiredFeatures" property
[19:38:28] [main/DEBUG] (FabricLoader/Mixin) Mixin config fabric-block-api-v1.mixins.json does not specify "minVersion" or "requiredFeatures" property
[19:38:28] [main/DEBUG] (FabricLoader/Mixin) Mixin config fabric-recipe-api-v1.mixins.json does not specify "minVersion" or "requiredFeatures" property
[19:38:28] [main/DEBUG] (FabricLoader/Mixin) Mixin config fabric-loot-api-v2.mixins.json does not specify "minVersion" or "requiredFeatures" property
[19:38:28] [main/DEBUG] (FabricLoader/Mixin) Mixin config fabric-resource-conditions-api-v1.mixins.json does not specify "minVersion" or "requiredFeatures" property
[19:38:28] [main/DEBUG] (FabricLoader/Mixin) Mixin config fabric-entity-events-v1.mixins.json does not specify "minVersion" or "requiredFeatures" property
[19:38:28] [main/DEBUG] (FabricLoader/Mixin) Mixin config fabric-particles-v1.mixins.json does not specify "minVersion" or "requiredFeatures" property
[19:38:28] [main/DEBUG] (FabricLoader/Mixin) Mixin config fabric-block-view-api-v2.mixins.json does not specify "minVersion" or "requiredFeatures" property
[19:38:28] [main/DEBUG] (FabricLoader/Mixin) Mixin config fabric-networking-api-v1.mixins.json does not specify "minVersion" or "requiredFeatures" property
[19:38:28] [main/DEBUG] (FabricLoader/Mixin) Mixin config fabric-screen-handler-api-v1.mixins.json does not specify "minVersion" or "requiredFeatures" property
[19:38:28] [main/DEBUG] (FabricLoader/Knot) Adding C:\Users\RK\Documents\Minecraft Modding\djs-fixed-progression-template-1.21.11\.gradle\loom-cache\minecraftMaven\net\minecraft\minecraft-common-6dd721cd7d\1.21.11-loom.mappings.1_21_11.layered+hash.2198-v2\minecraft-common-6dd721cd7d-1.21.11-loom.mappings.1_21_11.layered+hash.2198-v2.jar to classpath.
[19:38:28] [main/DEBUG] (FabricLoader/Knot) Adding C:\Users\RK\Documents\Minecraft Modding\djs-fixed-progression-template-1.21.11\build\classes\java\main to classpath.
[19:38:28] [main/DEBUG] (FabricLoader/Knot) Adding C:\Users\RK\Documents\Minecraft Modding\djs-fixed-progression-template-1.21.11\build\resources\main to classpath.
[19:38:28] [main/DEBUG] (FabricLoader/Knot) Adding C:\Users\RK\.gradle\caches\fabric-loom\1.21.11\loom.mappings.1_21_11.layered+hash.2198-v2\mappings.jar to classpath.
[19:38:28] [main/DEBUG] (FabricLoader/Knot) Adding C:\Users\RK\.gradle\caches\modules-2\files-2.1\io.github.llamalad7\mixinextras-fabric\0.5.4\5e167154bcb9942111313a5e186e16cd7265f858\mixinextras-fabric-0.5.4.jar to classpath.
[19:38:28] [main/DEBUG] (FabricLoader/Knot) Adding C:\Users\RK\.gradle\caches\modules-2\files-2.1\net.fabricmc\dev-launch-injector\0.2.1+build.8\da8bef7e6e2f952da707f282bdb46882a0fce5e3\dev-launch-injector-0.2.1+build.8.jar to classpath.
[19:38:28] [main/DEBUG] (FabricLoader/Knot) Adding C:\Users\RK\.gradle\caches\modules-2\files-2.1\at.yawk.lz4\lz4-java\1.8.1\1f30a180ee04ccd53339a716aec13cae60a013b5\lz4-java-1.8.1.jar to classpath.
[19:38:28] [main/DEBUG] (FabricLoader/Knot) Adding C:\Users\RK\.gradle\caches\modules-2\files-2.1\com.azure\azure-json\1.4.0\fcc1d354dbc3e0300e5276b1bf124d0247799cd8\azure-json-1.4.0.jar to classpath.
[19:38:28] [main/DEBUG] (FabricLoader/Knot) Adding C:\Users\RK\.gradle\caches\modules-2\files-2.1\com.github.oshi\oshi-core\6.9.0\3224870731860cfcd7744581a05b559e94291e7\oshi-core-6.9.0.jar to classpath.
[19:38:28] [main/DEBUG] (FabricLoader/Knot) Adding C:\Users\RK\.gradle\caches\modules-2\files-2.1\com.google.guava\failureaccess\1.0.3\aeaffd00d57023a2c947393ed251f0354f0985fc\failureaccess-1.0.3.jar to classpath.
[19:38:28] [main/DEBUG] (FabricLoader/Knot) Adding C:\Users\RK\.gradle\caches\modules-2\files-2.1\com.google.guava\guava\33.5.0-jre\8699de25f2f979108d6c1b804a7ba38cda1116bc\guava-33.5.0-jre.jar to classpath.
[19:38:28] [main/DEBUG] (FabricLoader/Knot) Adding C:\Users\RK\.gradle\caches\modules-2\files-2.1\com.ibm.icu\icu4j\77.1\38693cf0b1d7362a8b726af74dc06026a7c23809\icu4j-77.1.jar to classpath.
[19:38:28] [main/DEBUG] (FabricLoader/Knot) Adding C:\Users\RK\.gradle\caches\modules-2\files-2.1\com.microsoft.azure\msal4j\1.23.1\6c722b514873b24a4e1ce9c22dca36ea3c22bdbe\msal4j-1.23.1.jar to classpath.
[19:38:28] [main/DEBUG] (FabricLoader/Knot) Adding C:\Users\RK\.gradle\caches\modules-2\files-2.1\com.mojang\blocklist\1.0.10\5c685c5ffa94c4cd39496c7184c1d122e515ecef\blocklist-1.0.10.jar to classpath.
[19:38:28] [main/DEBUG] (FabricLoader/Knot) Adding C:\Users\RK\.gradle\caches\modules-2\files-2.1\com.mojang\brigadier\1.3.10\d15b53a14cf20fdcaa98f731af5dda654452c010\brigadier-1.3.10.jar to classpath.
[19:38:28] [main/DEBUG] (FabricLoader/Knot) Adding C:\Users\RK\.gradle\caches\modules-2\files-2.1\com.mojang\datafixerupper\9.0.19\4e91f9712fa1e83231d1501625381b0210a977da\datafixerupper-9.0.19.jar to classpath.
[19:38:28] [main/DEBUG] (FabricLoader/Knot) Adding C:\Users\RK\.gradle\caches\modules-2\files-2.1\com.mojang\jtracy\1.0.37\a3fb649b2e2b2288d2978f0b0bc3d83f62809d1e\jtracy-1.0.37.jar to classpath.
[19:38:28] [main/DEBUG] (FabricLoader/Knot) Adding C:\Users\RK\.gradle\caches\modules-2\files-2.1\com.mojang\jtracy\1.0.37\6ff6d710fd4ffd470f2799653fab57e27fed0c9d\jtracy-1.0.37-natives-windows.jar to classpath.
[19:38:28] [main/DEBUG] (FabricLoader/Knot) Adding C:\Users\RK\.gradle\caches\modules-2\files-2.1\com.mojang\patchy\2.2.10\da05971b07cbb379d002cf7eaec6a2048211fefc\patchy-2.2.10.jar to classpath.
[19:38:28] [main/DEBUG] (FabricLoader/Knot) Adding C:\Users\RK\.gradle\caches\modules-2\files-2.1\com.mojang\text2speech\1.18.11\e853a12cdd6ba4f4836e8f4bf3b37844a13482b6\text2speech-1.18.11.jar to classpath.
[19:38:28] [main/DEBUG] (FabricLoader/Knot) Adding C:\Users\RK\.gradle\caches\modules-2\files-2.1\commons-codec\commons-codec\1.19.0\8c0dbe3ae883fceda9b50a6c76e745e548073388\commons-codec-1.19.0.jar to classpath.
[19:38:28] [main/DEBUG] (FabricLoader/Knot) Adding C:\Users\RK\.gradle\caches\modules-2\files-2.1\commons-io\commons-io\2.20.0\36f3474daec2849c149e877614e7f979b2082cd2\commons-io-2.20.0.jar to classpath.
[19:38:28] [main/DEBUG] (FabricLoader/Knot) Adding C:\Users\RK\.gradle\caches\modules-2\files-2.1\io.netty\netty-buffer\4.2.7.Final\5555ff561643bf2f8430fb57c24403c0efe15994\netty-buffer-4.2.7.Final.jar to classpath.
[19:38:28] [main/DEBUG] (FabricLoader/Knot) Adding C:\Users\RK\.gradle\caches\modules-2\files-2.1\io.netty\netty-codec-base\4.2.7.Final\915e381ebabcf115f1c7ff7032d55c48afb50210\netty-codec-base-4.2.7.Final.jar to classpath.
[19:38:28] [main/DEBUG] (FabricLoader/Knot) Adding C:\Users\RK\.gradle\caches\modules-2\files-2.1\io.netty\netty-codec-compression\4.2.7.Final\572341bc1ca90fd9d6e47f1d2694aab5258566e9\netty-codec-compression-4.2.7.Final.jar to classpath.
[19:38:28] [main/DEBUG] (FabricLoader/Knot) Adding C:\Users\RK\.gradle\caches\modules-2\files-2.1\io.netty\netty-codec-http\4.2.7.Final\b734c108854099c421fd94d92d9f865e4d4da853\netty-codec-http-4.2.7.Final.jar to classpath.
[19:38:28] [main/DEBUG] (FabricLoader/Knot) Adding C:\Users\RK\.gradle\caches\modules-2\files-2.1\io.netty\netty-common\4.2.7.Final\11aa30df26af4fca3239ac1917f303a280f301e1\netty-common-4.2.7.Final.jar to classpath.
[19:38:28] [main/DEBUG] (FabricLoader/Knot) Adding C:\Users\RK\.gradle\caches\modules-2\files-2.1\io.netty\netty-handler\4.2.7.Final\7ad8a1f851e2e6fe93cdd091871fda2b81c03b5b\netty-handler-4.2.7.Final.jar to classpath.
[19:38:28] [main/DEBUG] (FabricLoader/Knot) Adding C:\Users\RK\.gradle\caches\modules-2\files-2.1\io.netty\netty-resolver\4.2.7.Final\5f3e5ef8de03992cd4fb46960dc0085ec1a12a12\netty-resolver-4.2.7.Final.jar to classpath.
[19:38:28] [main/DEBUG] (FabricLoader/Knot) Adding C:\Users\RK\.gradle\caches\modules-2\files-2.1\io.netty\netty-transport-classes-epoll\4.2.7.Final\1075c09f48a78eef9d819fbfd9096b903fdd362a\netty-transport-classes-epoll-4.2.7.Final.jar to classpath.
[19:38:28] [main/DEBUG] (FabricLoader/Knot) Adding C:\Users\RK\.gradle\caches\modules-2\files-2.1\io.netty\netty-transport-classes-kqueue\4.2.7.Final\bdec7c23c75caabd848426d073c09568e8d5f94e\netty-transport-classes-kqueue-4.2.7.Final.jar to classpath.
[19:38:28] [main/DEBUG] (FabricLoader/Knot) Adding C:\Users\RK\.gradle\caches\modules-2\files-2.1\io.netty\netty-transport-native-unix-common\4.2.7.Final\89953f04259ea7502cffb313630dd51e00e60669\netty-transport-native-unix-common-4.2.7.Final.jar to classpath.
[19:38:28] [main/DEBUG] (FabricLoader/Knot) Adding C:\Users\RK\.gradle\caches\modules-2\files-2.1\io.netty\netty-transport\4.2.7.Final\83ea548981d0d8c4a98027cc1a6f9624f902e142\netty-transport-4.2.7.Final.jar to classpath.
[19:38:28] [main/DEBUG] (FabricLoader/Knot) Adding C:\Users\RK\.gradle\caches\modules-2\files-2.1\it.unimi.dsi\fastutil\8.5.18\a6cff377eecc19c2037bf31568a6d7106b50ba1f\fastutil-8.5.18.jar to classpath.
[19:38:28] [main/DEBUG] (FabricLoader/Knot) Adding C:\Users\RK\.gradle\caches\modules-2\files-2.1\net.java.dev.jna\jna-platform\5.17.0\a4934c44d25a9d8c2ddf4203affd20330cb3426f\jna-platform-5.17.0.jar to classpath.
[19:38:28] [main/DEBUG] (FabricLoader/Knot) Adding C:\Users\RK\.gradle\caches\modules-2\files-2.1\net.java.dev.jna\jna\5.17.0\33d12735bef894440780fce64f9758d420c7bae2\jna-5.17.0.jar to classpath.
[19:38:28] [main/DEBUG] (FabricLoader/Knot) Adding C:\Users\RK\.gradle\caches\modules-2\files-2.1\net.sf.jopt-simple\jopt-simple\5.0.4\4fdac2fbe92dfad86aa6e9301736f6b4342a3f5c\jopt-simple-5.0.4.jar to classpath.
[19:38:28] [main/DEBUG] (FabricLoader/Knot) Adding C:\Users\RK\.gradle\caches\modules-2\files-2.1\org.apache.commons\commons-compress\1.28.0\e482f2c7a88dac3c497e96aa420b6a769f59c8d7\commons-compress-1.28.0.jar to classpath.
[19:38:28] [main/DEBUG] (FabricLoader/Knot) Adding C:\Users\RK\.gradle\caches\modules-2\files-2.1\org.apache.commons\commons-lang3\3.19.0\d6524b169a6574cd253760c472d419b47bfd37e6\commons-lang3-3.19.0.jar to classpath.
[19:38:28] [main/DEBUG] (FabricLoader/Knot) Adding C:\Users\RK\.gradle\caches\modules-2\files-2.1\org.jcraft\jorbis\0.0.17\8872d22b293e8f5d7d56ff92be966e6dc28ebdc6\jorbis-0.0.17.jar to classpath.
[19:38:28] [main/DEBUG] (FabricLoader/Knot) Adding C:\Users\RK\.gradle\caches\modules-2\files-2.1\org.joml\joml\1.10.8\fc0a71dad90a2cf41d82a76156a0e700af8e4f8d\joml-1.10.8.jar to classpath.
[19:38:28] [main/DEBUG] (FabricLoader/Knot) Adding C:\Users\RK\.gradle\caches\modules-2\files-2.1\org.jspecify\jspecify\1.0.0\7425a601c1c7ec76645a78d22b8c6a627edee507\jspecify-1.0.0.jar to classpath.
[19:38:28] [main/DEBUG] (FabricLoader/Knot) Adding C:\Users\RK\.gradle\caches\modules-2\files-2.1\org.lwjgl\lwjgl-freetype\3.3.3\a0db6c84a8becc8ca05f9dbfa985edc348a824c7\lwjgl-freetype-3.3.3.jar to classpath.
[19:38:28] [main/DEBUG] (FabricLoader/Knot) Adding C:\Users\RK\.gradle\caches\modules-2\files-2.1\org.lwjgl\lwjgl-freetype\3.3.3\81091b006dbb43fab04c8c638e9ac87c51b4096d\lwjgl-freetype-3.3.3-natives-windows.jar to classpath.
[19:38:28] [main/DEBUG] (FabricLoader/Knot) Adding C:\Users\RK\.gradle\caches\modules-2\files-2.1\org.lwjgl\lwjgl-freetype\3.3.3\82028265a0a2ff33523ca75137ada7dc176e5210\lwjgl-freetype-3.3.3-natives-windows-arm64.jar to classpath.
[19:38:28] [main/DEBUG] (FabricLoader/Knot) Adding C:\Users\RK\.gradle\caches\modules-2\files-2.1\org.lwjgl\lwjgl-freetype\3.3.3\15a8c1de7f51d07a92eae7ce1222557073a0c0c3\lwjgl-freetype-3.3.3-natives-windows-x86.jar to classpath.
[19:38:28] [main/DEBUG] (FabricLoader/Knot) Adding C:\Users\RK\.gradle\caches\modules-2\files-2.1\org.lwjgl\lwjgl-glfw\3.3.3\efa1eb78c5ccd840e9f329717109b5e892d72f8e\lwjgl-glfw-3.3.3.jar to classpath.
[19:38:28] [main/DEBUG] (FabricLoader/Knot) Adding C:\Users\RK\.gradle\caches\modules-2\files-2.1\org.lwjgl\lwjgl-glfw\3.3.3\e449e28b4891fc423c54c85fbc5bb0b9efece67a\lwjgl-glfw-3.3.3-natives-windows.jar to classpath.
[19:38:28] [main/DEBUG] (FabricLoader/Knot) Adding C:\Users\RK\.gradle\caches\modules-2\files-2.1\org.lwjgl\lwjgl-glfw\3.3.3\f27018dc74f6289574502b46cce55d52817554e2\lwjgl-glfw-3.3.3-natives-windows-arm64.jar to classpath.
[19:38:28] [main/DEBUG] (FabricLoader/Knot) Adding C:\Users\RK\.gradle\caches\modules-2\files-2.1\org.lwjgl\lwjgl-glfw\3.3.3\32334f3fd5270a59bad9939a93115acb6de36dcf\lwjgl-glfw-3.3.3-natives-windows-x86.jar to classpath.
[19:38:28] [main/DEBUG] (FabricLoader/Knot) Adding C:\Users\RK\.gradle\caches\modules-2\files-2.1\org.lwjgl\lwjgl-jemalloc\3.3.3\b543467b7ff3c6920539a88ee602d34098628be5\lwjgl-jemalloc-3.3.3.jar to classpath.
[19:38:28] [main/DEBUG] (FabricLoader/Knot) Adding C:\Users\RK\.gradle\caches\modules-2\files-2.1\org.lwjgl\lwjgl-jemalloc\3.3.3\426222fc027602a5f21b9c0fe79cde6a4c7a011f\lwjgl-jemalloc-3.3.3-natives-windows.jar to classpath.
[19:38:28] [main/DEBUG] (FabricLoader/Knot) Adding C:\Users\RK\.gradle\caches\modules-2\files-2.1\org.lwjgl\lwjgl-jemalloc\3.3.3\ba1f3fed0ee4be0217eaa41c5bbfb4b9b1383c33\lwjgl-jemalloc-3.3.3-natives-windows-arm64.jar to classpath.
[19:38:28] [main/DEBUG] (FabricLoader/Knot) Adding C:\Users\RK\.gradle\caches\modules-2\files-2.1\org.lwjgl\lwjgl-jemalloc\3.3.3\f6063b6e0f23be483c5c88d84ce51b39dc69126c\lwjgl-jemalloc-3.3.3-natives-windows-x86.jar to classpath.
[19:38:28] [main/DEBUG] (FabricLoader/Knot) Adding C:\Users\RK\.gradle\caches\modules-2\files-2.1\org.lwjgl\lwjgl-openal\3.3.3\daada81ceb5fc0c291fbfdd4433cb8d9423577f2\lwjgl-openal-3.3.3.jar to classpath.
[19:38:28] [main/DEBUG] (FabricLoader/Knot) Adding C:\Users\RK\.gradle\caches\modules-2\files-2.1\org.lwjgl\lwjgl-openal\3.3.3\cf83862ae95d98496b26915024c7e666d8ab1c8f\lwjgl-openal-3.3.3-natives-windows.jar to classpath.
[19:38:28] [main/DEBUG] (FabricLoader/Knot) Adding C:\Users\RK\.gradle\caches\modules-2\files-2.1\org.lwjgl\lwjgl-openal\3.3.3\8e0615235116b9e4160dfe87bec90f5f6378bf72\lwjgl-openal-3.3.3-natives-windows-arm64.jar to classpath.
[19:38:28] [main/DEBUG] (FabricLoader/Knot) Adding C:\Users\RK\.gradle\caches\modules-2\files-2.1\org.lwjgl\lwjgl-openal\3.3.3\87b8d5050e3adb46bb58fe1cb2669a4a48fce10d\lwjgl-openal-3.3.3-natives-windows-x86.jar to classpath.
[19:38:28] [main/DEBUG] (FabricLoader/Knot) Adding C:\Users\RK\.gradle\caches\modules-2\files-2.1\org.lwjgl\lwjgl-opengl\3.3.3\2f6b0147078396a58979125a4c947664e98293a\lwjgl-opengl-3.3.3.jar to classpath.
[19:38:28] [main/DEBUG] (FabricLoader/Knot) Adding C:\Users\RK\.gradle\caches\modules-2\files-2.1\org.lwjgl\lwjgl-opengl\3.3.3\e6c1eec8be8a71951b830a4d69efc01c6531900c\lwjgl-opengl-3.3.3-natives-windows.jar to classpath.
[19:38:28] [main/DEBUG] (FabricLoader/Knot) Adding C:\Users\RK\.gradle\caches\modules-2\files-2.1\org.lwjgl\lwjgl-opengl\3.3.3\65e956d3735a1abdc82eff4baec1b61174697d4b\lwjgl-opengl-3.3.3-natives-windows-arm64.jar to classpath.
[19:38:28] [main/DEBUG] (FabricLoader/Knot) Adding C:\Users\RK\.gradle\caches\modules-2\files-2.1\org.lwjgl\lwjgl-opengl\3.3.3\d32d833dcaa2f355a886eaf21f0408b5f03241d\lwjgl-opengl-3.3.3-natives-windows-x86.jar to classpath.
[19:38:28] [main/DEBUG] (FabricLoader/Knot) Adding C:\Users\RK\.gradle\caches\modules-2\files-2.1\org.lwjgl\lwjgl-stb\3.3.3\25dd6161988d7e65f71d5065c99902402ee32746\lwjgl-stb-3.3.3.jar to classpath.
[19:38:28] [main/DEBUG] (FabricLoader/Knot) Adding C:\Users\RK\.gradle\caches\modules-2\files-2.1\org.lwjgl\lwjgl-stb\3.3.3\1d9facdf6541de114b0f963be33505b7679c78cb\lwjgl-stb-3.3.3-natives-windows.jar to classpath.
[19:38:28] [main/DEBUG] (FabricLoader/Knot) Adding C:\Users\RK\.gradle\caches\modules-2\files-2.1\org.lwjgl\lwjgl-stb\3.3.3\a584ab44de569708871f0a79561f4d8c37487f2c\lwjgl-stb-3.3.3-natives-windows-arm64.jar to classpath.
[19:38:28] [main/DEBUG] (FabricLoader/Knot) Adding C:\Users\RK\.gradle\caches\modules-2\files-2.1\org.lwjgl\lwjgl-stb\3.3.3\b5c874687b9aac1a936501d4ed2c49567fd1b575\lwjgl-stb-3.3.3-natives-windows-x86.jar to classpath.
[19:38:28] [main/DEBUG] (FabricLoader/Knot) Adding C:\Users\RK\.gradle\caches\modules-2\files-2.1\org.lwjgl\lwjgl-tinyfd\3.3.3\82d755ca94b102e9ca77283b9e2dc46d1b15fbe5\lwjgl-tinyfd-3.3.3.jar to classpath.
[19:38:28] [main/DEBUG] (FabricLoader/Knot) Adding C:\Users\RK\.gradle\caches\modules-2\files-2.1\org.lwjgl\lwjgl-tinyfd\3.3.3\a6697981b0449a5087c1d546fc08b4f73e8f98c9\lwjgl-tinyfd-3.3.3-natives-windows.jar to classpath.
[19:38:28] [main/DEBUG] (FabricLoader/Knot) Adding C:\Users\RK\.gradle\caches\modules-2\files-2.1\org.lwjgl\lwjgl-tinyfd\3.3.3\a88c494f3006eb91a7433b12a3a55a9a6c20788b\lwjgl-tinyfd-3.3.3-natives-windows-arm64.jar to classpath.
[19:38:28] [main/DEBUG] (FabricLoader/Knot) Adding C:\Users\RK\.gradle\caches\modules-2\files-2.1\org.lwjgl\lwjgl-tinyfd\3.3.3\c336c84ee88cccb495c6ffa112395509e7378e8a\lwjgl-tinyfd-3.3.3-natives-windows-x86.jar to classpath.
[19:38:28] [main/DEBUG] (FabricLoader/Knot) Adding C:\Users\RK\.gradle\caches\modules-2\files-2.1\org.lwjgl\lwjgl\3.3.3\29589b5f87ed335a6c7e7ee6a5775f81f97ecb84\lwjgl-3.3.3.jar to classpath.
[19:38:28] [main/DEBUG] (FabricLoader/Knot) Adding C:\Users\RK\.gradle\caches\modules-2\files-2.1\org.lwjgl\lwjgl\3.3.3\a5ed18a2b82fc91b81f40d717cb1f64c9dcb0540\lwjgl-3.3.3-natives-windows.jar to classpath.
[19:38:28] [main/DEBUG] (FabricLoader/Knot) Adding C:\Users\RK\.gradle\caches\modules-2\files-2.1\org.lwjgl\lwjgl\3.3.3\e9aca8c5479b520a2a7f0d542a118140e812c5e8\lwjgl-3.3.3-natives-windows-arm64.jar to classpath.
[19:38:28] [main/DEBUG] (FabricLoader/Knot) Adding C:\Users\RK\.gradle\caches\modules-2\files-2.1\org.lwjgl\lwjgl\3.3.3\9e670718e050aeaeea0c2d5b907cffb142f2e58f\lwjgl-3.3.3-natives-windows-x86.jar to classpath.
[19:38:28] [main/DEBUG] (FabricLoader/Knot) Adding C:\Users\RK\Documents\Minecraft Modding\djs-fixed-progression-template-1.21.11\.gradle\loom-cache\minecraftMaven\net\minecraft\minecraft-common-6dd721cd7d\1.21.11-loom.mappings.1_21_11.layered+hash.2198-v2\minecraft-common-6dd721cd7d-1.21.11-loom.mappings.1_21_11.layered+hash.2198-v2.jar to classpath.
[19:38:28] [main/DEBUG] (FabricLoader/Knot) Adding C:\Users\RK\.gradle\caches\modules-2\files-2.1\io.netty\netty-transport-native-epoll\4.2.7.Final\e83998bfc10b5289d9bcbe807c4079ef0eed8e6f\netty-transport-native-epoll-4.2.7.Final-linux-x86_64.jar to classpath.
[19:38:28] [main/DEBUG] (FabricLoader/Knot) Adding C:\Users\RK\.gradle\caches\modules-2\files-2.1\io.netty\netty-transport-native-epoll\4.2.7.Final\98d02251c98c8f07a23ac5ea27657d9e0ef57614\netty-transport-native-epoll-4.2.7.Final-linux-aarch_64.jar to classpath.
[19:38:28] [main/DEBUG] (FabricLoader/Knot) Adding C:\Users\RK\.gradle\caches\modules-2\files-2.1\io.netty\netty-transport-native-kqueue\4.2.7.Final\40868fd4e43bce2798245f790624b58803dc26b6\netty-transport-native-kqueue-4.2.7.Final-osx-x86_64.jar to classpath.
[19:38:28] [main/DEBUG] (FabricLoader/Knot) Adding C:\Users\RK\.gradle\caches\modules-2\files-2.1\io.netty\netty-transport-native-kqueue\4.2.7.Final\e5a0feef41410c8a5ae00c6cb4e0c99bd0aded6a\netty-transport-native-kqueue-4.2.7.Final-osx-aarch_64.jar to classpath.
[19:38:28] [main/DEBUG] (FabricLoader/Knot) Adding C:\Users\RK\Documents\Minecraft Modding\djs-fixed-progression-template-1.21.11\.gradle\loom-cache\remapped_mods\remapped\net\fabricmc\fabric-api\fabric-api-4abd26ae-common\0.141.3+1.21.11\fabric-api-4abd26ae-common-0.141.3+1.21.11.jar to classpath.
[19:38:28] [main/DEBUG] (FabricLoader/Knot) Adding C:\Users\RK\Documents\Minecraft Modding\djs-fixed-progression-template-1.21.11\.gradle\loom-cache\remapped_mods\remapped\net\fabricmc\fabric-api\fabric-transfer-api-v1-4abd26ae-common\6.0.25+4fc5413f3e\fabric-transfer-api-v1-4abd26ae-common-6.0.25+4fc5413f3e.jar to classpath.
[19:38:28] [main/DEBUG] (FabricLoader/Knot) Adding C:\Users\RK\Documents\Minecraft Modding\djs-fixed-progression-template-1.21.11\.gradle\loom-cache\remapped_mods\remapped\net\fabricmc\fabric-api\fabric-api-lookup-api-v1-4abd26ae-common\1.6.114+20dc27073e\fabric-api-lookup-api-v1-4abd26ae-common-1.6.114+20dc27073e.jar to classpath.
[19:38:28] [main/DEBUG] (FabricLoader/Knot) Adding C:\Users\RK\Documents\Minecraft Modding\djs-fixed-progression-template-1.21.11\.gradle\loom-cache\remapped_mods\remapped\net\fabricmc\fabric-api\fabric-command-api-v2-4abd26ae-common\2.4.7+6b42a6003e\fabric-command-api-v2-4abd26ae-common-2.4.7+6b42a6003e.jar to classpath.
[19:38:28] [main/DEBUG] (FabricLoader/Knot) Adding C:\Users\RK\Documents\Minecraft Modding\djs-fixed-progression-template-1.21.11\.gradle\loom-cache\remapped_mods\remapped\net\fabricmc\fabric-api\fabric-content-registries-v0-4abd26ae-common\10.2.14+4fc5413f3e\fabric-content-registries-v0-4abd26ae-common-10.2.14+4fc5413f3e.jar to classpath.
[19:38:28] [main/DEBUG] (FabricLoader/Knot) Adding C:\Users\RK\Documents\Minecraft Modding\djs-fixed-progression-template-1.21.11\.gradle\loom-cache\remapped_mods\remapped\net\fabricmc\fabric-api\fabric-data-generation-api-v1-4abd26ae-common\23.4.0+69974c4e3e\fabric-data-generation-api-v1-4abd26ae-common-23.4.0+69974c4e3e.jar to classpath.
[19:38:28] [main/DEBUG] (FabricLoader/Knot) Adding C:\Users\RK\Documents\Minecraft Modding\djs-fixed-progression-template-1.21.11\.gradle\loom-cache\remapped_mods\remapped\net\fabricmc\fabric-api\fabric-convention-tags-v1-4abd26ae-common\2.1.55+7f945d5b3e\fabric-convention-tags-v1-4abd26ae-common-2.1.55+7f945d5b3e.jar to classpath.
[19:38:28] [main/DEBUG] (FabricLoader/Knot) Adding C:\Users\RK\Documents\Minecraft Modding\djs-fixed-progression-template-1.21.11\.gradle\loom-cache\remapped_mods\remapped\net\fabricmc\fabric-api\fabric-convention-tags-v2-4abd26ae-common\2.17.3+8ef948ba3e\fabric-convention-tags-v2-4abd26ae-common-2.17.3+8ef948ba3e.jar to classpath.
[19:38:28] [main/DEBUG] (FabricLoader/Knot) Adding C:\Users\RK\Documents\Minecraft Modding\djs-fixed-progression-template-1.21.11\.gradle\loom-cache\remapped_mods\remapped\net\fabricmc\fabric-api\fabric-data-attachment-api-v1-4abd26ae-common\1.8.47+eed0806f3e\fabric-data-attachment-api-v1-4abd26ae-common-1.8.47+eed0806f3e.jar to classpath.
[19:38:28] [main/DEBUG] (FabricLoader/Knot) Adding C:\Users\RK\Documents\Minecraft Modding\djs-fixed-progression-template-1.21.11\.gradle\loom-cache\remapped_mods\remapped\net\fabricmc\fabric-api\fabric-entity-events-v1-4abd26ae-common\3.1.1+1d0ab4303e\fabric-entity-events-v1-4abd26ae-common-3.1.1+1d0ab4303e.jar to classpath.
[19:38:28] [main/DEBUG] (FabricLoader/Knot) Adding C:\Users\RK\Documents\Minecraft Modding\djs-fixed-progression-template-1.21.11\.gradle\loom-cache\remapped_mods\remapped\net\fabricmc\fabric-api\fabric-events-interaction-v0-4abd26ae-common\4.1.0+3b89ecf63e\fabric-events-interaction-v0-4abd26ae-common-4.1.0+3b89ecf63e.jar to classpath.
[19:38:28] [main/DEBUG] (FabricLoader/Knot) Adding C:\Users\RK\Documents\Minecraft Modding\djs-fixed-progression-template-1.21.11\.gradle\loom-cache\remapped_mods\remapped\net\fabricmc\fabric-api\fabric-game-rule-api-v1-4abd26ae-common\2.0.3+4fc5413f3e\fabric-game-rule-api-v1-4abd26ae-common-2.0.3+4fc5413f3e.jar to classpath.
[19:38:28] [main/DEBUG] (FabricLoader/Knot) Adding C:\Users\RK\Documents\Minecraft Modding\djs-fixed-progression-template-1.21.11\.gradle\loom-cache\remapped_mods\remapped\net\fabricmc\fabric-api\fabric-gametest-api-v1-4abd26ae-common\3.1.27+4fc5413f3e\fabric-gametest-api-v1-4abd26ae-common-3.1.27+4fc5413f3e.jar to classpath.
[19:38:28] [main/DEBUG] (FabricLoader/Knot) Adding C:\Users\RK\Documents\Minecraft Modding\djs-fixed-progression-template-1.21.11\.gradle\loom-cache\remapped_mods\remapped\net\fabricmc\fabric-api\fabric-item-api-v1-4abd26ae-common\11.5.20+d0c46b9e3e\fabric-item-api-v1-4abd26ae-common-11.5.20+d0c46b9e3e.jar to classpath.
[19:38:28] [main/DEBUG] (FabricLoader/Knot) Adding C:\Users\RK\Documents\Minecraft Modding\djs-fixed-progression-template-1.21.11\.gradle\loom-cache\remapped_mods\remapped\net\fabricmc\fabric-api\fabric-item-group-api-v1-4abd26ae-common\4.2.36+4fc5413f3e\fabric-item-group-api-v1-4abd26ae-common-4.2.36+4fc5413f3e.jar to classpath.
[19:38:28] [main/DEBUG] (FabricLoader/Knot) Adding C:\Users\RK\Documents\Minecraft Modding\djs-fixed-progression-template-1.21.11\.gradle\loom-cache\remapped_mods\remapped\net\fabricmc\fabric-api\fabric-recipe-api-v1-4abd26ae-common\8.2.3+4ebb5c083e\fabric-recipe-api-v1-4abd26ae-common-8.2.3+4ebb5c083e.jar to classpath.
[19:38:28] [main/DEBUG] (FabricLoader/Knot) Adding C:\Users\RK\Documents\Minecraft Modding\djs-fixed-progression-template-1.21.11\.gradle\loom-cache\remapped_mods\remapped\net\fabricmc\fabric-api\fabric-lifecycle-events-v1-4abd26ae-common\2.6.15+4ebb5c083e\fabric-lifecycle-events-v1-4abd26ae-common-2.6.15+4ebb5c083e.jar to classpath.
[19:38:28] [main/DEBUG] (FabricLoader/Knot) Adding C:\Users\RK\Documents\Minecraft Modding\djs-fixed-progression-template-1.21.11\.gradle\loom-cache\remapped_mods\remapped\net\fabricmc\fabric-api\fabric-loot-api-v2-4abd26ae-common\3.0.73+3f89f5a53e\fabric-loot-api-v2-4abd26ae-common-3.0.73+3f89f5a53e.jar to classpath.
[19:38:28] [main/DEBUG] (FabricLoader/Knot) Adding C:\Users\RK\Documents\Minecraft Modding\djs-fixed-progression-template-1.21.11\.gradle\loom-cache\remapped_mods\remapped\net\fabricmc\fabric-api\fabric-loot-api-v3-4abd26ae-common\2.0.20+78c8b4663e\fabric-loot-api-v3-4abd26ae-common-2.0.20+78c8b4663e.jar to classpath.
[19:38:28] [main/DEBUG] (FabricLoader/Knot) Adding C:\Users\RK\Documents\Minecraft Modding\djs-fixed-progression-template-1.21.11\.gradle\loom-cache\remapped_mods\remapped\net\fabricmc\fabric-api\fabric-message-api-v1-4abd26ae-common\6.1.12+4ebb5c083e\fabric-message-api-v1-4abd26ae-common-6.1.12+4ebb5c083e.jar to classpath.
[19:38:28] [main/DEBUG] (FabricLoader/Knot) Adding C:\Users\RK\Documents\Minecraft Modding\djs-fixed-progression-template-1.21.11\.gradle\loom-cache\remapped_mods\remapped\net\fabricmc\fabric-api\fabric-particles-v1-4abd26ae-common\4.2.11+4fc5413f3e\fabric-particles-v1-4abd26ae-common-4.2.11+4fc5413f3e.jar to classpath.
[19:38:28] [main/DEBUG] (FabricLoader/Knot) Adding C:\Users\RK\Documents\Minecraft Modding\djs-fixed-progression-template-1.21.11\.gradle\loom-cache\remapped_mods\remapped\net\fabricmc\fabric-api\fabric-object-builder-api-v1-4abd26ae-common\21.1.39+4fc5413f3e\fabric-object-builder-api-v1-4abd26ae-common-21.1.39+4fc5413f3e.jar to classpath.
[19:38:28] [main/DEBUG] (FabricLoader/Knot) Adding C:\Users\RK\Documents\Minecraft Modding\djs-fixed-progression-template-1.21.11\.gradle\loom-cache\remapped_mods\remapped\net\fabricmc\fabric-api\fabric-screen-handler-api-v1-4abd26ae-common\1.3.161+4fc5413f3e\fabric-screen-handler-api-v1-4abd26ae-common-1.3.161+4fc5413f3e.jar to classpath.
[19:38:28] [main/DEBUG] (FabricLoader/Knot) Adding C:\Users\RK\Documents\Minecraft Modding\djs-fixed-progression-template-1.21.11\.gradle\loom-cache\remapped_mods\remapped\net\fabricmc\fabric-api\fabric-registry-sync-v0-4abd26ae-common\6.2.5+1718722b3e\fabric-registry-sync-v0-4abd26ae-common-6.2.5+1718722b3e.jar to classpath.
[19:38:28] [main/DEBUG] (FabricLoader/Knot) Adding C:\Users\RK\Documents\Minecraft Modding\djs-fixed-progression-template-1.21.11\.gradle\loom-cache\remapped_mods\remapped\net\fabricmc\fabric-api\fabric-networking-api-v1-4abd26ae-common\5.1.5+ae1e07683e\fabric-networking-api-v1-4abd26ae-common-5.1.5+ae1e07683e.jar to classpath.
[19:38:28] [main/DEBUG] (FabricLoader/Knot) Adding C:\Users\RK\Documents\Minecraft Modding\djs-fixed-progression-template-1.21.11\.gradle\loom-cache\remapped_mods\remapped\net\fabricmc\fabric-api\fabric-rendering-fluids-v1-4abd26ae-common\3.1.43+4ebb5c083e\fabric-rendering-fluids-v1-4abd26ae-common-3.1.43+4ebb5c083e.jar to classpath.
[19:38:28] [main/DEBUG] (FabricLoader/Knot) Adding C:\Users\RK\Documents\Minecraft Modding\djs-fixed-progression-template-1.21.11\.gradle\loom-cache\remapped_mods\remapped\net\fabricmc\fabric-api\fabric-tag-api-v1-4abd26ae-common\1.2.20+4fc5413f3e\fabric-tag-api-v1-4abd26ae-common-1.2.20+4fc5413f3e.jar to classpath.
[19:38:28] [main/DEBUG] (FabricLoader/Knot) Adding C:\Users\RK\Documents\Minecraft Modding\djs-fixed-progression-template-1.21.11\.gradle\loom-cache\remapped_mods\remapped\net\fabricmc\fabric-api\fabric-resource-loader-v0-4abd26ae-common\3.3.4+4fc5413f3e\fabric-resource-loader-v0-4abd26ae-common-3.3.4+4fc5413f3e.jar to classpath.
[19:38:28] [main/DEBUG] (FabricLoader/Knot) Adding C:\Users\RK\Documents\Minecraft Modding\djs-fixed-progression-template-1.21.11\.gradle\loom-cache\remapped_mods\remapped\net\fabricmc\fabric-api\fabric-resource-loader-v1-4abd26ae-common\1.0.10+78c8b4663e\fabric-resource-loader-v1-4abd26ae-common-1.0.10+78c8b4663e.jar to classpath.
[19:38:28] [main/DEBUG] (FabricLoader/Knot) Adding C:\Users\RK\Documents\Minecraft Modding\djs-fixed-progression-template-1.21.11\.gradle\loom-cache\remapped_mods\remapped\net\fabricmc\fabric-api\fabric-api-base-4abd26ae-common\1.0.5+4ebb5c083e\fabric-api-base-4abd26ae-common-1.0.5+4ebb5c083e.jar to classpath.
[19:38:28] [main/DEBUG] (FabricLoader/Knot) Adding C:\Users\RK\Documents\Minecraft Modding\djs-fixed-progression-template-1.21.11\.gradle\loom-cache\remapped_mods\remapped\net\fabricmc\fabric-api\fabric-biome-api-v1-4abd26ae-common\17.1.1+4fc5413f3e\fabric-biome-api-v1-4abd26ae-common-17.1.1+4fc5413f3e.jar to classpath.
[19:38:28] [main/DEBUG] (FabricLoader/Knot) Adding C:\Users\RK\Documents\Minecraft Modding\djs-fixed-progression-template-1.21.11\.gradle\loom-cache\remapped_mods\remapped\net\fabricmc\fabric-api\fabric-block-api-v1-4abd26ae-common\1.1.10+4ebb5c083e\fabric-block-api-v1-4abd26ae-common-1.1.10+4ebb5c083e.jar to classpath.
[19:38:28] [main/DEBUG] (FabricLoader/Knot) Adding C:\Users\RK\Documents\Minecraft Modding\djs-fixed-progression-template-1.21.11\.gradle\loom-cache\remapped_mods\remapped\net\fabricmc\fabric-api\fabric-block-view-api-v2-4abd26ae-common\1.0.39+4ebb5c083e\fabric-block-view-api-v2-4abd26ae-common-1.0.39+4ebb5c083e.jar to classpath.
[19:38:28] [main/DEBUG] (FabricLoader/Knot) Adding C:\Users\RK\Documents\Minecraft Modding\djs-fixed-progression-template-1.21.11\.gradle\loom-cache\remapped_mods\remapped\net\fabricmc\fabric-api\fabric-crash-report-info-v1-4abd26ae-common\0.3.23+4ebb5c083e\fabric-crash-report-info-v1-4abd26ae-common-0.3.23+4ebb5c083e.jar to classpath.
[19:38:28] [main/DEBUG] (FabricLoader/Knot) Adding C:\Users\RK\Documents\Minecraft Modding\djs-fixed-progression-template-1.21.11\.gradle\loom-cache\remapped_mods\remapped\net\fabricmc\fabric-api\fabric-dimensions-v1-4abd26ae-common\4.0.28+4fc5413f3e\fabric-dimensions-v1-4abd26ae-common-4.0.28+4fc5413f3e.jar to classpath.
[19:38:28] [main/DEBUG] (FabricLoader/Knot) Adding C:\Users\RK\Documents\Minecraft Modding\djs-fixed-progression-template-1.21.11\.gradle\loom-cache\remapped_mods\remapped\net\fabricmc\fabric-api\fabric-resource-conditions-api-v1-4abd26ae-common\5.0.35+4fc5413f3e\fabric-resource-conditions-api-v1-4abd26ae-common-5.0.35+4fc5413f3e.jar to classpath.
[19:38:28] [main/DEBUG] (FabricLoader/Knot) Adding C:\Users\RK\Documents\Minecraft Modding\djs-fixed-progression-template-1.21.11\.gradle\loom-cache\remapped_mods\remapped\net\fabricmc\fabric-api\fabric-serialization-api-v1-4abd26ae-common\1.0.5+4ebb5c083e\fabric-serialization-api-v1-4abd26ae-common-1.0.5+4ebb5c083e.jar to classpath.
[19:38:28] [main/DEBUG] (FabricLoader/Knot) Adding C:\Users\RK\Documents\Minecraft Modding\djs-fixed-progression-template-1.21.11\.gradle\loom-cache\remapped_mods\remapped\net\fabricmc\fabric-api\fabric-transitive-access-wideners-v1-4abd26ae-common\7.1.0+014c8cec3e\fabric-transitive-access-wideners-v1-4abd26ae-common-7.1.0+014c8cec3e.jar to classpath.
[19:38:28] [main/DEBUG] (FabricLoader/Entrypoint) No subscribers for entrypoint 'preLaunch'
[19:38:28] [main/DEBUG] (FabricLoader/Mixin) Preparing mixins for MixinEnvironment[DEFAULT]
[19:38:28] [main/DEBUG] (FabricLoader/Mixin) Selecting config fabric-item-api-v1.mixins.json
[19:38:28] [main/DEBUG] (FabricLoader/Mixin) Selecting config fabric-message-api-v1.mixins.json
[19:38:28] [main/DEBUG] (FabricLoader/Mixin) Selecting config entityculling.mixins.json
[19:38:28] [main/DEBUG] (FabricLoader/Mixin) Remapping refMap entityculling.refmap.mixins.json using remapper chain
[19:38:28] [main/DEBUG] (FabricLoader/Mixin) Selecting config fabric-serialization-api-v1.mixins.json
[19:38:28] [main/DEBUG] (FabricLoader/Mixin) Selecting config fabric-crash-report-info-v1.mixins.json
[19:38:28] [main/DEBUG] (FabricLoader/Mixin) Selecting config fabric-biome-api-v1.mixins.json
[19:38:28] [main/DEBUG] (FabricLoader/Mixin) Selecting config jade.mixins.json
[19:38:28] [main/DEBUG] (FabricLoader/Mixin) Selecting config fabric-transfer-api-v1.mixins.json
[19:38:28] [main/DEBUG] (FabricLoader/Mixin) Selecting config lithium.mixins.json
[19:38:28] [main/DEBUG] (Lithium) Loaded net.caffeinemc.mods.lithium.fabric.FabricMixinOverrides@5e89e2b4 for service interface net.caffeinemc.mods.lithium.common.services.PlatformMixinOverrides
[19:38:28] [main/INFO] (Lithium) Loaded configuration file for Lithium: 171 options available, 0 override(s) found.
[19:38:28] [main/DEBUG] (Lithium) Loaded net.caffeinemc.mods.lithium.fabric.FabricRuntimeInformation@1e03224d for service interface net.caffeinemc.mods.lithium.common.services.PlatformRuntimeInformation
[19:38:28] [main/DEBUG] (FabricLoader/Mixin) Selecting config lithium-fabric.mixins.json
[19:38:28] [main/DEBUG] (FabricLoader/Mixin) Selecting config fabric-item-group-api-v1.mixins.json
[19:38:28] [main/DEBUG] (FabricLoader/Mixin) Selecting config fabric-content-registries-v0.mixins.json
[19:38:28] [main/DEBUG] (FabricLoader/Mixin) Selecting config fabric-tag-api-v1.mixins.json
[19:38:28] [main/DEBUG] (FabricLoader/Mixin) Selecting config jei.mixins.json
[19:38:28] [main/DEBUG] (FabricLoader/Mixin) Selecting config fabric-convention-tags-api-v2.mixins.json
[19:38:28] [main/DEBUG] (FabricLoader/Mixin) Selecting config fabric-loot-api-v3.mixins.json
[19:38:28] [main/DEBUG] (FabricLoader/Mixin) Selecting config djs-fixed-progression.mixins.json
[19:38:28] [main/DEBUG] (FabricLoader/Mixin) Selecting config fabric-game-rule-api-v1.mixins.json
[19:38:28] [main/DEBUG] (FabricLoader/Mixin) Selecting config fabric-lifecycle-events-v1.mixins.json
[19:38:28] [main/DEBUG] (FabricLoader/Mixin) Selecting config fabric-registry-sync-v0.mixins.json
[19:38:28] [main/DEBUG] (FabricLoader/Mixin) Selecting config fabric-data-attachment-api-v1.mixins.json
[19:38:28] [main/DEBUG] (FabricLoader/Mixin) Selecting config fabric-command-api-v2.mixins.json
[19:38:28] [main/DEBUG] (FabricLoader/Mixin) Selecting config fabric-events-interaction-v0.mixins.json
[19:38:28] [main/DEBUG] (FabricLoader/Mixin) Selecting config fabric-object-builder-v1.mixins.json
[19:38:28] [main/DEBUG] (FabricLoader/Mixin) Selecting config transition.mixins.json
[19:38:28] [main/DEBUG] (FabricLoader/Mixin) Remapping refMap transition.refmap.mixins.json using remapper chain
[19:38:28] [main/DEBUG] (FabricLoader/Mixin) Selecting config fabric-resource-loader-v1.mixins.json
[19:38:28] [main/DEBUG] (FabricLoader/Mixin) Selecting config fabric-gametest-api-v1.mixins.json
[19:38:28] [main/DEBUG] (FabricLoader/Mixin) Selecting config fabric-api-lookup-api-v1.mixins.json
[19:38:28] [main/DEBUG] (FabricLoader/Mixin) Selecting config ferritecore.accessors.mixin.json
[19:38:28] [main/DEBUG] (FabricLoader/Mixin) Remapping refMap ferritecore-8.2.0-fabric-refmap.json using remapper chain
[19:38:28] [main/DEBUG] (FabricLoader/Mixin) Selecting config ferritecore.blockstatecache.mixin.json
[19:38:28] [main/DEBUG] (FabricLoader/Mixin) Remapping refMap ferritecore-8.2.0-fabric-refmap.json using remapper chain
[19:38:28] [main/DEBUG] (FabricLoader/Mixin) Selecting config ferritecore.fastmap.mixin.json
[19:38:28] [main/DEBUG] (FabricLoader/Mixin) Remapping refMap ferritecore-8.2.0-fabric-refmap.json using remapper chain
[19:38:28] [main/DEBUG] (FabricLoader/Mixin) Selecting config ferritecore.datacomponents.mixin.json
[19:38:28] [main/DEBUG] (FabricLoader/Mixin) Remapping refMap ferritecore-8.2.0-fabric-refmap.json using remapper chain
[19:38:28] [main/DEBUG] (FabricLoader/Mixin) Selecting config ferritecore.threaddetec.mixin.json
[19:38:28] [main/DEBUG] (FabricLoader/Mixin) Remapping refMap ferritecore-8.2.0-fabric-refmap.json using remapper chain
[19:38:28] [main/DEBUG] (FabricLoader/Mixin) Selecting config fabric-dimensions-v1.mixins.json
[19:38:28] [main/DEBUG] (FabricLoader/Mixin) Selecting config trender.mixins.json
[19:38:28] [main/DEBUG] (FabricLoader/Mixin) Remapping refMap trender.refmap.mixins.json using remapper chain
[19:38:28] [main/DEBUG] (FabricLoader/Mixin) Selecting config fabric-data-generation-api-v1.mixins.json
[19:38:28] [main/DEBUG] (FabricLoader/Mixin) Selecting config fabric-block-api-v1.mixins.json
[19:38:28] [main/DEBUG] (FabricLoader/Mixin) Selecting config fabric-recipe-api-v1.mixins.json
[19:38:28] [main/DEBUG] (FabricLoader/Mixin) Selecting config fabric-loot-api-v2.mixins.json
[19:38:28] [main/DEBUG] (FabricLoader/Mixin) Selecting config mixinextras.init.mixins.json
[19:38:28] [main/DEBUG] (FabricLoader/MixinExtras|Service) com.llamalad7.mixinextras.service.MixinExtrasServiceImpl(version=0.5.4) is taking over from null
[19:38:28] [main/DEBUG] (FabricLoader/Mixin) Registering new injector for @Inject with org.spongepowered.asm.mixin.injection.struct.CallbackInjectionInfo
[19:38:28] [main/DEBUG] (FabricLoader/Mixin) Registering new injector for @ModifyArg with org.spongepowered.asm.mixin.injection.struct.ModifyArgInjectionInfo
[19:38:28] [main/DEBUG] (FabricLoader/Mixin) Registering new injector for @ModifyArgs with org.spongepowered.asm.mixin.injection.struct.ModifyArgsInjectionInfo
[19:38:28] [main/DEBUG] (FabricLoader/Mixin) Registering new injector for @Redirect with org.spongepowered.asm.mixin.injection.struct.RedirectInjectionInfo
[19:38:28] [main/DEBUG] (FabricLoader/Mixin) Registering new injector for @ModifyVariable with org.spongepowered.asm.mixin.injection.struct.ModifyVariableInjectionInfo
[19:38:28] [main/DEBUG] (FabricLoader/Mixin) Registering new injector for @ModifyConstant with org.spongepowered.asm.mixin.injection.struct.ModifyConstantInjectionInfo
[19:38:28] [main/DEBUG] (FabricLoader/Mixin) Selecting config fabric-resource-conditions-api-v1.mixins.json
[19:38:28] [main/DEBUG] (FabricLoader/Mixin) Selecting config fabric-entity-events-v1.mixins.json
[19:38:28] [main/DEBUG] (FabricLoader/Mixin) Selecting config fabric-particles-v1.mixins.json
[19:38:28] [main/DEBUG] (FabricLoader/Mixin) Selecting config fabric-block-view-api-v2.mixins.json
[19:38:28] [main/DEBUG] (FabricLoader/Mixin) Selecting config fabric-networking-api-v1.mixins.json
[19:38:28] [main/DEBUG] (FabricLoader/Mixin) Selecting config ali.mixins.json
[19:38:28] [main/DEBUG] (FabricLoader/Mixin) Selecting config ali.fabric.mixins.json
[19:38:28] [main/DEBUG] (FabricLoader/Mixin) Selecting config fabric-screen-handler-api-v1.mixins.json
[19:38:28] [main/DEBUG] (FabricLoader/Mixin) Preparing fabric-item-api-v1.mixins.json (17)
[19:38:28] [main/DEBUG] (FabricLoader/Mixin) Preparing fabric-message-api-v1.mixins.json (2)
[19:38:28] [main/DEBUG] (FabricLoader/Mixin) Preparing entityculling.mixins.json (9)
[19:38:28] [main/DEBUG] (FabricLoader/Mixin) Preparing fabric-serialization-api-v1.mixins.json (4)
[19:38:28] [main/DEBUG] (FabricLoader/Mixin) Preparing fabric-crash-report-info-v1.mixins.json (2)
[19:38:28] [main/DEBUG] (FabricLoader/Mixin) Preparing fabric-biome-api-v1.mixins.json (9)
[19:38:28] [main/DEBUG] (FabricLoader/Mixin) Preparing jade.mixins.json (14)
[19:38:29] [main/DEBUG] (FabricLoader/Mixin) Preparing fabric-transfer-api-v1.mixins.json (17)
[19:38:29] [main/DEBUG] (FabricLoader/Mixin) Preparing lithium.mixins.json (272)
[19:38:29] [main/DEBUG] (FabricLoader/Mixin) Preparing lithium-fabric.mixins.json (8)
[19:38:29] [main/DEBUG] (FabricLoader/Mixin) Preparing fabric-item-group-api-v1.mixins.json (3)
[19:38:29] [main/DEBUG] (FabricLoader/Mixin) Preparing fabric-content-registries-v0.mixins.json (18)
[19:38:29] [main/DEBUG] (FabricLoader/Mixin) Preparing fabric-tag-api-v1.mixins.json (5)
[19:38:29] [main/DEBUG] (FabricLoader/Mixin) Preparing jei.mixins.json (6)
[19:38:29] [main/DEBUG] (FabricLoader/Mixin) Preparing fabric-convention-tags-api-v2.mixins.json (1)
[19:38:29] [main/DEBUG] (FabricLoader/Mixin) Preparing fabric-loot-api-v3.mixins.json (8)
[19:38:29] [main/DEBUG] (FabricLoader/Mixin) Preparing djs-fixed-progression.mixins.json (61)
[19:38:30] [main/DEBUG] (FabricLoader/Mixin) Preparing fabric-game-rule-api-v1.mixins.json (5)
[19:38:30] [main/DEBUG] (FabricLoader/Mixin) Preparing fabric-lifecycle-events-v1.mixins.json (11)
[19:38:30] [main/DEBUG] (FabricLoader/Mixin) Preparing fabric-registry-sync-v0.mixins.json (16)
[19:38:30] [main/DEBUG] (FabricLoader/Mixin) Preparing fabric-data-attachment-api-v1.mixins.json (14)
[19:38:30] [main/DEBUG] (FabricLoader/Mixin) Preparing fabric-command-api-v2.mixins.json (5)
[19:38:30] [main/DEBUG] (FabricLoader/Mixin) Preparing fabric-events-interaction-v0.mixins.json (7)
[19:38:30] [main/DEBUG] (FabricLoader/Mixin) Preparing fabric-object-builder-v1.mixins.json (10)
[19:38:30] [main/DEBUG] (FabricLoader/Mixin) Preparing transition.mixins.json (7)
[19:38:30] [main/DEBUG] (FabricLoader/Mixin) Preparing fabric-resource-loader-v1.mixins.json (15)
[19:38:30] [main/DEBUG] (FabricLoader/Mixin) Preparing fabric-gametest-api-v1.mixins.json (4)
[19:38:30] [main/DEBUG] (FabricLoader/Mixin) Preparing fabric-api-lookup-api-v1.mixins.json (2)
[19:38:30] [main/DEBUG] (FabricLoader/Mixin) Preparing ferritecore.accessors.mixin.json (6)
[19:38:30] [main/DEBUG] (FabricLoader/Mixin) Preparing ferritecore.blockstatecache.mixin.json (2)
[19:38:30] [main/DEBUG] (FabricLoader/Mixin) Preparing ferritecore.fastmap.mixin.json (1)
[19:38:30] [main/DEBUG] (FabricLoader/Mixin) Preparing ferritecore.datacomponents.mixin.json (1)
[19:38:30] [main/DEBUG] (FabricLoader/Mixin) Preparing ferritecore.threaddetec.mixin.json (1)
[19:38:30] [main/DEBUG] (FabricLoader/Mixin) Preparing fabric-dimensions-v1.mixins.json (4)
[19:38:30] [main/DEBUG] (FabricLoader/Mixin) Preparing trender.mixins.json (2)
[19:38:30] [main/DEBUG] (FabricLoader/Mixin) Preparing fabric-data-generation-api-v1.mixins.json (18)
[19:38:30] [main/DEBUG] (FabricLoader/Mixin) Preparing fabric-block-api-v1.mixins.json (5)
[19:38:30] [main/DEBUG] (FabricLoader/Mixin) Preparing fabric-recipe-api-v1.mixins.json (10)
[19:38:30] [main/DEBUG] (FabricLoader/Mixin) Preparing fabric-loot-api-v2.mixins.json (2)
[19:38:30] [main/DEBUG] (FabricLoader/Mixin) Preparing mixinextras.init.mixins.json (0)
[19:38:30] [main/DEBUG] (FabricLoader/Mixin) Preparing fabric-resource-conditions-api-v1.mixins.json (7)
[19:38:30] [main/DEBUG] (FabricLoader/Mixin) Preparing fabric-entity-events-v1.mixins.json (13)
[19:38:30] [main/DEBUG] (FabricLoader/Mixin) Preparing fabric-particles-v1.mixins.json (8)
[19:38:30] [main/DEBUG] (FabricLoader/Mixin) Preparing fabric-block-view-api-v2.mixins.json (3)
[19:38:30] [main/DEBUG] (FabricLoader/Mixin) Preparing fabric-networking-api-v1.mixins.json (24)
[19:38:30] [main/DEBUG] (FabricLoader/Mixin) Preparing ali.mixins.json (2)
[19:38:30] [main/DEBUG] (FabricLoader/Mixin) Preparing ali.fabric.mixins.json (2)
[19:38:30] [main/DEBUG] (FabricLoader/Mixin) Preparing fabric-screen-handler-api-v1.mixins.json (2)
[19:38:30] [main/DEBUG] (FabricLoader/Mixin) Inner class net/fabricmc/fabric/mixin/transfer/ChiseledBookShelfBlockEntityMixin$1 in net/fabricmc/fabric/mixin/transfer/ChiseledBookShelfBlockEntityMixin on net/minecraft/world/level/block/entity/ChiseledBookShelfBlockEntity gets unique name net/minecraft/world/level/block/entity/ChiseledBookShelfBlockEntity$Anonymous$6b8fabc9a3dd3f94be74f1199f97fdb5
[19:38:30] [main/DEBUG] (FabricLoader/Mixin) Inner class net/caffeinemc/mods/lithium/mixin/ai/poi/PoiSectionMixin$1 in net/caffeinemc/mods/lithium/mixin/ai/poi/PoiSectionMixin on net/minecraft/world/entity/ai/village/poi/PoiSection gets unique name net/minecraft/world/entity/ai/village/poi/PoiSection$Anonymous$6e41bbc8921a338ea4ba8b098a274faa
[19:38:30] [main/DEBUG] (FabricLoader/Mixin) Inner class net/caffeinemc/mods/lithium/mixin/ai/poi/SectionStorageMixin$1 in net/caffeinemc/mods/lithium/mixin/ai/poi/SectionStorageMixin on net/minecraft/world/level/chunk/storage/SectionStorage gets unique name net/minecraft/world/level/chunk/storage/SectionStorage$Anonymous$c91756a876a139f6904d44e69e5e21d7
[19:38:30] [main/DEBUG] (FabricLoader/Mixin) Inner class net/caffeinemc/mods/lithium/mixin/ai/useless_behaviors/BrainMixin$1 in net/caffeinemc/mods/lithium/mixin/ai/useless_behaviors/BrainMixin on net/minecraft/world/entity/ai/Brain gets unique name net/minecraft/world/entity/ai/Brain$Anonymous$f17b4f8efe7039bbac9f14e2394e633f
[19:38:30] [main/DEBUG] (FabricLoader/Mixin) Inner class net/caffeinemc/mods/lithium/mixin/minimal_nonvanilla/spawning/EntitySectionStorageMixin$1 in net/caffeinemc/mods/lithium/mixin/minimal_nonvanilla/spawning/EntitySectionStorageMixin on net/minecraft/world/level/entity/EntitySectionStorage gets unique name net/minecraft/world/level/entity/EntitySectionStorage$Anonymous$8bd463eeb1493ce79f3e2caef1941c86
[19:38:30] [main/DEBUG] (FabricLoader/Mixin) Inner class net/caffeinemc/mods/lithium/mixin/world/chunk_ticking/random_block_ticking/PalettedContainerMixin$1 in net/caffeinemc/mods/lithium/mixin/world/chunk_ticking/random_block_ticking/PalettedContainerMixin on net/minecraft/world/level/chunk/PalettedContainer gets unique name net/minecraft/world/level/chunk/PalettedContainer$Anonymous$575972630b53368581d4a92693344961
[19:38:30] [main/DEBUG] (FabricLoader/Mixin) Inner class net/caffeinemc/mods/lithium/mixin/world/explosions/entity_raycast/ServerExplosionMixin$1 in net/caffeinemc/mods/lithium/mixin/world/explosions/entity_raycast/ServerExplosionMixin on net/minecraft/world/level/ServerExplosion gets unique name net/minecraft/world/level/ServerExplosion$Anonymous$6e56f93541273671b65038ae9b14256f
[19:38:30] [main/DEBUG] (FabricLoader/Mixin) Inner class net/caffeinemc/mods/lithium/mixin/world/raycast/BlockGetterMixin$1 in net/caffeinemc/mods/lithium/mixin/world/raycast/BlockGetterMixin on net/minecraft/world/level/BlockGetter gets unique name net/minecraft/world/level/BlockGetter$Anonymous$b8cf0743f18c361ab1c3839a14be0047
[19:38:30] [main/DEBUG] (FabricLoader/Mixin) Inner class net/fabricmc/fabric/mixin/itemgroup/CreativeModeTabsMixin$1ItemGroupPosition in net/fabricmc/fabric/mixin/itemgroup/CreativeModeTabsMixin on net/minecraft/world/item/CreativeModeTabs gets unique name net/minecraft/world/item/CreativeModeTabs$1ItemGroupPosition$a7c372a248503948890466983521f4d6
[19:38:30] [main/DEBUG] (FabricLoader/Mixin) Inner class djabouty47/djsfixedprogression/mixin/EnchantmentMenuMixin$1 in djabouty47/djsfixedprogression/mixin/EnchantmentMenuMixin on net/minecraft/world/inventory/EnchantmentMenu gets unique name net/minecraft/world/inventory/EnchantmentMenu$Anonymous$88a40e388e9f3d04af46b178f86bb7ec
[19:38:30] [main/DEBUG] (FabricLoader/Mixin) Inner class net/fabricmc/fabric/mixin/registry/sync/MappedRegistryMixin$1 in net/fabricmc/fabric/mixin/registry/sync/MappedRegistryMixin on net/minecraft/core/MappedRegistry gets unique name net/minecraft/core/MappedRegistry$Anonymous$0a3f9fa0a200368cad403406b73f8d7f
[19:38:30] [main/DEBUG] (FabricLoader/Mixin) Prepared 609 mixins in 2.236 sec (3.7ms avg) (0ms load, 0ms transform, 0ms plugin)
[19:38:30] [main/INFO] (FabricLoader/MixinExtras|Service) Initializing MixinExtras via com.llamalad7.mixinextras.service.MixinExtrasServiceImpl(version=0.5.4).
[19:38:30] [main/DEBUG] (FabricLoader/Mixin) Registering new injector for @SugarWrapper with com.llamalad7.mixinextras.sugar.impl.SugarWrapperInjectionInfo
[19:38:30] [main/DEBUG] (FabricLoader/Mixin) Registering new injector for @FactoryRedirectWrapper with com.llamalad7.mixinextras.wrapper.factory.FactoryRedirectWrapperInjectionInfo
[19:38:30] [main/DEBUG] (FabricLoader/Mixin) Registering new injector for @ExpressionInjectorWrapper with com.llamalad7.mixinextras.expression.impl.wrapper.ExpressionInjectorWrapperInjectionInfo
[19:38:30] [main/DEBUG] (FabricLoader/Mixin) Mixing MainMixin from fabric-registry-sync-v0.mixins.json into net.minecraft.server.Main
[19:38:30] [main/DEBUG] (FabricLoader/Mixin) Mixing server.MainMixin from fabric-gametest-api-v1.mixins.json into net.minecraft.server.Main
[19:38:30] [main/DEBUG] (FabricLoader/Mixin) Mixing server.MainMixin from fabric-data-generation-api-v1.mixins.json into net.minecraft.server.Main
[19:38:31] [main/DEBUG] (FabricLoader/Mixin) fabric-registry-sync-v0.mixins.json:MainMixin from mod fabric-registry-sync-v0->@Inject::afterModInit(Lorg/spongepowered/asm/mixin/injection/callback/CallbackInfo;)V doesn't use it's CallbackInfo
[19:38:31] [main/DEBUG] (FabricLoader/Mixin) fabric-gametest-api-v1.mixins.json:server.MainMixin from mod fabric-gametest-api-v1->@Inject::main([Ljava/lang/String;Lorg/spongepowered/asm/mixin/injection/callback/CallbackInfo;)V does use it's CallbackInfo
[19:38:31] [main/DEBUG] (FabricLoader/Mixin) fabric-gametest-api-v1.mixins.json:server.MainMixin from mod fabric-gametest-api-v1->@Inject::exitOnError(Lorg/spongepowered/asm/mixin/injection/callback/CallbackInfo;)V doesn't use it's CallbackInfo
[19:38:31] [main/DEBUG] (FabricLoader/Mixin) fabric-data-generation-api-v1.mixins.json:server.MainMixin from mod fabric-data-generation-api-v1->@Inject::main([Ljava/lang/String;Lorg/spongepowered/asm/mixin/injection/callback/CallbackInfo;)V does use it's CallbackInfo
[19:38:31] [main/DEBUG] (io.netty.util.internal.logging.InternalLoggerFactory) Using SLF4J as the default logging framework
[19:38:31] [main/DEBUG] (io.netty.util.ResourceLeakDetector) -Dio.netty.leakDetection.level: simple
[19:38:31] [main/DEBUG] (io.netty.util.ResourceLeakDetector) -Dio.netty.leakDetection.targetRecords: 4
[19:38:31] [main/DEBUG] (FabricLoader/Mixin) Mixing math.sine_lut.MthMixin from lithium.mixins.json into net.minecraft.util.Mth
[19:38:31] [main/DEBUG] (FabricLoader/Mixin) lithium.mixins.json:math.sine_lut.MthMixin from mod lithium->@Inject::onClassInit(Lorg/spongepowered/asm/mixin/injection/callback/CallbackInfo;)V doesn't use it's CallbackInfo
[19:38:31] [main/DEBUG] (FabricLoader/Mixin) Mixing alloc.nbt.CompoundTagMixin from lithium.mixins.json into net.minecraft.nbt.CompoundTag
[19:38:31] [main/DEBUG] (FabricLoader/Mixin) Mixing SystemReportMixin from fabric-crash-report-info-v1.mixins.json into net.minecraft.SystemReport
[19:38:31] [main/DEBUG] (FabricLoader/Mixin) Renaming synthetic method lambda$appendMods$1(Lnet/fabricmc/loader/api/ModContainer;)Ljava/lang/String; to mdb752e4$fabric-crash-report-info-v1$lambda$appendMods$1$0 in fabric-crash-report-info-v1.mixins.json:SystemReportMixin from mod fabric-crash-report-info-v1
[19:38:31] [main/DEBUG] (FabricLoader/Mixin) Renaming synthetic method lambda$fillSystemDetails$0()Ljava/lang/String; to mdb752e4$fabric-crash-report-info-v1$lambda$fillSystemDetails$0$1 in fabric-crash-report-info-v1.mixins.json:SystemReportMixin from mod fabric-crash-report-info-v1
[19:38:31] [main/DEBUG] (FabricLoader/Mixin) fabric-crash-report-info-v1.mixins.json:SystemReportMixin from mod fabric-crash-report-info-v1->@Inject::fillSystemDetails(Lorg/spongepowered/asm/mixin/injection/callback/CallbackInfo;)V doesn't use it's CallbackInfo
[19:38:31] [main/DEBUG] (FabricLoader/Mixin) fabric-crash-report-info-v1.mixins.json:SystemReportMixin from mod fabric-crash-report-info-v1->@Inject::fillSystemDetails(Lorg/spongepowered/asm/mixin/injection/callback/CallbackInfo;)V has 0 override(s) in child classes
[19:38:31] [main/DEBUG] (FabricLoader/Mixin) fabric-crash-report-info-v1.mixins.json:SystemReportMixin from mod fabric-crash-report-info-v1->@Inject::fillSystemDetails(Lorg/spongepowered/asm/mixin/injection/callback/CallbackInfo;)V won't be passed a CallbackInfo as a result
[19:38:32] [main/WARN] (oshi.driver.windows.perfmon.PerfmonDisabled) Invalid registry value type detected for PerfOS counters. Should be REG_DWORD. Ignoring: HKEY_LOCAL_MACHINE\SYSTEM\CurrentControlSet\Services\PerfOS\Performance\Disable Performance Counters.
[19:38:33] [main/DEBUG] (FabricLoader/Mixin) Mixing BootstrapMixin from fabric-registry-sync-v0.mixins.json into net.minecraft.server.Bootstrap
[19:38:33] [main/DEBUG] (FabricLoader/Mixin) Renaming synthetic method lambda$afterInitialize$1(Lnet/minecraft/world/level/material/Fluid;)Ljava/util/Collection; to mdb752e4$fabric-registry-sync-v0$lambda$afterInitialize$1$0 in fabric-registry-sync-v0.mixins.json:BootstrapMixin from mod fabric-registry-sync-v0
[19:38:33] [main/DEBUG] (FabricLoader/Mixin) Renaming synthetic method lambda$afterInitialize$0(Lnet/minecraft/world/level/block/Block;)Ljava/util/Collection; to mdb752e4$fabric-registry-sync-v0$lambda$afterInitialize$0$1 in fabric-registry-sync-v0.mixins.json:BootstrapMixin from mod fabric-registry-sync-v0
[19:38:33] [main/DEBUG] (FabricLoader/Mixin) fabric-registry-sync-v0.mixins.json:BootstrapMixin from mod fabric-registry-sync-v0->@Inject::afterInitialize(Lorg/spongepowered/asm/mixin/injection/callback/CallbackInfo;)V doesn't use it's CallbackInfo
[19:38:33] [main/DEBUG] (FabricLoader/Mixin) Mixing RegistryMixin from fabric-registry-sync-v0.mixins.json into net.minecraft.core.Registry
[19:38:33] [main/DEBUG] (FabricLoader/Mixin) Mixing BuiltInRegistriesMixin from fabric-item-api-v1.mixins.json into net.minecraft.core.registries.BuiltInRegistries
[19:38:33] [main/DEBUG] (FabricLoader/Mixin) Mixing BuiltInRegistriesAccessor from fabric-registry-sync-v0.mixins.json into net.minecraft.core.registries.BuiltInRegistries
[19:38:33] [main/DEBUG] (FabricLoader/Mixin) Renaming @Accessor method getWRITABLE_REGISTRY()Lnet/minecraft/core/WritableRegistry; to getWRITABLE_REGISTRY$fabric-registry-sync-v0_$md$b752e4$0 in fabric-registry-sync-v0.mixins.json:BuiltInRegistriesAccessor from mod fabric-registry-sync-v0
[19:38:33] [main/DEBUG] (FabricLoader/Mixin) Mixing BuiltInRegistriesMixin from fabric-registry-sync-v0.mixins.json into net.minecraft.core.registries.BuiltInRegistries
[19:38:33] [main/DEBUG] (FabricLoader/Mixin) fabric-item-api-v1.mixins.json:BuiltInRegistriesMixin from mod fabric-item-api-v1->@Inject::modifyDefaultItemComponents(Lorg/spongepowered/asm/mixin/injection/callback/CallbackInfo;)V doesn't use it's CallbackInfo
[19:38:33] [main/DEBUG] (FabricLoader/Mixin) fabric-registry-sync-v0.mixins.json:BuiltInRegistriesMixin from mod fabric-registry-sync-v0->@Inject::init(Lorg/spongepowered/asm/mixin/injection/callback/CallbackInfo;)V does use it's CallbackInfo
[19:38:33] [main/DEBUG] (FabricLoader/Mixin) Mixing MappedRegistryMixin from fabric-tag-api-v1.mixins.json into net.minecraft.core.MappedRegistry
[19:38:33] [main/DEBUG] (FabricLoader/Mixin) Mixing MappedRegistryAccessor from fabric-registry-sync-v0.mixins.json into net.minecraft.core.MappedRegistry
[19:38:33] [main/DEBUG] (FabricLoader/Mixin) Mixing MappedRegistryMixin from fabric-registry-sync-v0.mixins.json into net.minecraft.core.MappedRegistry
[19:38:33] [main/DEBUG] (FabricLoader/Mixin) Renaming synthetic method lambda$remap$5()Lnet/fabricmc/fabric/impl/registry/sync/RemapException; to mdb752e4$fabric-registry-sync-v0$lambda$remap$5$0 in fabric-registry-sync-v0.mixins.json:MappedRegistryMixin from mod fabric-registry-sync-v0
[19:38:33] [main/DEBUG] (FabricLoader/Mixin) Renaming synthetic method lambda$init$4([Lnet/fabricmc/fabric/api/event/registry/RegistryIdRemapCallback;)Lnet/fabricmc/fabric/api/event/registry/RegistryIdRemapCallback; to mdb752e4$fabric-registry-sync-v0$lambda$init$4$1 in fabric-registry-sync-v0.mixins.json:MappedRegistryMixin from mod fabric-registry-sync-v0
[19:38:33] [main/DEBUG] (FabricLoader/Mixin) Renaming synthetic method lambda$init$3([Lnet/fabricmc/fabric/api/event/registry/RegistryIdRemapCallback;Lnet/fabricmc/fabric/api/event/registry/RegistryIdRemapCallback$RemapState;)V to mdb752e4$fabric-registry-sync-v0$lambda$init$3$2 in fabric-registry-sync-v0.mixins.json:MappedRegistryMixin from mod fabric-registry-sync-v0
[19:38:33] [main/DEBUG] (FabricLoader/Mixin) Renaming synthetic method lambda$init$2(ILnet/minecraft/resources/Identifier;Ljava/lang/Object;)V to mdb752e4$fabric-registry-sync-v0$lambda$init$2$3 in fabric-registry-sync-v0.mixins.json:MappedRegistryMixin from mod fabric-registry-sync-v0
[19:38:33] [main/DEBUG] (FabricLoader/Mixin) Renaming synthetic method lambda$init$1([Lnet/fabricmc/fabric/api/event/registry/RegistryEntryAddedCallback;)Lnet/fabricmc/fabric/api/event/registry/RegistryEntryAddedCallback; to mdb752e4$fabric-registry-sync-v0$lambda$init$1$4 in fabric-registry-sync-v0.mixins.json:MappedRegistryMixin from mod fabric-registry-sync-v0
[19:38:33] [main/DEBUG] (FabricLoader/Mixin) Renaming synthetic method lambda$init$0([Lnet/fabricmc/fabric/api/event/registry/RegistryEntryAddedCallback;ILnet/minecraft/resources/Identifier;Ljava/lang/Object;)V to mdb752e4$fabric-registry-sync-v0$lambda$init$0$5 in fabric-registry-sync-v0.mixins.json:MappedRegistryMixin from mod fabric-registry-sync-v0
[19:38:33] [main/DEBUG] (FabricLoader/Mixin) fabric-registry-sync-v0.mixins.json:MappedRegistryMixin from mod fabric-registry-sync-v0->@Inject::init(Lnet/minecraft/resources/ResourceKey;Lcom/mojang/serialization/Lifecycle;ZLorg/spongepowered/asm/mixin/injection/callback/CallbackInfo;)V doesn't use it's CallbackInfo
[19:38:33] [main/DEBUG] (FabricLoader/Mixin) fabric-registry-sync-v0.mixins.json:MappedRegistryMixin from mod fabric-registry-sync-v0->@Inject::init(Lnet/minecraft/resources/ResourceKey;Lcom/mojang/serialization/Lifecycle;ZLorg/spongepowered/asm/mixin/injection/callback/CallbackInfo;)V has 0 override(s) in child classes
[19:38:33] [main/DEBUG] (FabricLoader/Mixin) fabric-registry-sync-v0.mixins.json:MappedRegistryMixin from mod fabric-registry-sync-v0->@Inject::init(Lnet/minecraft/resources/ResourceKey;Lcom/mojang/serialization/Lifecycle;ZLorg/spongepowered/asm/mixin/injection/callback/CallbackInfo;)V won't be passed a CallbackInfo as a result
[19:38:33] [main/DEBUG] (FabricLoader/Mixin) fabric-registry-sync-v0.mixins.json:MappedRegistryMixin from mod fabric-registry-sync-v0->@Inject::set(Lnet/minecraft/resources/ResourceKey;Ljava/lang/Object;Lnet/minecraft/core/RegistrationInfo;Lorg/spongepowered/asm/mixin/injection/callback/CallbackInfoReturnable;)V does use it's CallbackInfoReturnable
[19:38:33] [main/DEBUG] (FabricLoader/Mixin) Mixing RegistriesMixin from fabric-registry-sync-v0.mixins.json into net.minecraft.core.registries.Registries
[19:38:33] [main/DEBUG] (FabricLoader/Mixin) Mixing effect.MobEffectMixin from fabric-entity-events-v1.mixins.json into net.minecraft.world.effect.MobEffect
[19:38:33] [main/DEBUG] (FabricLoader/Mixin) Mixing ArgumentTypeInfosAccessor from fabric-command-api-v2.mixins.json into net.minecraft.commands.synchronization.ArgumentTypeInfos
[19:38:33] [main/DEBUG] (FabricLoader/Mixin) Renaming @Accessor method fabric_getClassMap()Ljava/util/Map; to fabric_getClassMap$fabric-command-api-v2_$md$b752e4$0 in fabric-command-api-v2.mixins.json:ArgumentTypeInfosAccessor from mod fabric-command-api-v2
[19:38:33] [main/DEBUG] (FabricLoader/Mixin) Mixing collections.poi_types.PoiTypesMixin from lithium-fabric.mixins.json into net.minecraft.world.entity.ai.village.poi.PoiTypes
[19:38:33] [main/DEBUG] (FabricLoader/Mixin) Mixing CreativeModeTabsMixin from fabric-item-group-api-v1.mixins.json into net.minecraft.world.item.CreativeModeTabs
[19:38:33] [main/DEBUG] (FabricLoader/Mixin) Renaming synthetic method lambda$paginateGroups$0(Lnet/minecraft/core/Holder$Reference;Lnet/minecraft/core/Holder$Reference;)I to mdb752e4$fabric-item-group-api-v1$lambda$paginateGroups$0$0 in fabric-item-group-api-v1.mixins.json:CreativeModeTabsMixin from mod fabric-item-group-api-v1
[19:38:33] [main/DEBUG] (FabricLoader/Mixin) fabric-item-group-api-v1.mixins.json:CreativeModeTabsMixin from mod fabric-item-group-api-v1->@Inject::deferDuplicateCheck(Lorg/spongepowered/asm/mixin/injection/callback/CallbackInfo;)V does use it's CallbackInfo
[19:38:33] [main/DEBUG] (FabricLoader/Mixin) fabric-item-group-api-v1.mixins.json:CreativeModeTabsMixin from mod fabric-item-group-api-v1->@Inject::paginateGroups(Lorg/spongepowered/asm/mixin/injection/callback/CallbackInfo;)V doesn't use it's CallbackInfo
[19:38:33] [main/DEBUG] (FabricLoader/Mixin) Mixing CreativeModeTabAccessor from fabric-item-group-api-v1.mixins.json into net.minecraft.world.item.CreativeModeTab
[19:38:33] [main/DEBUG] (FabricLoader/Mixin) Mixing CreativeModeTabMixin from fabric-item-group-api-v1.mixins.json into net.minecraft.world.item.CreativeModeTab
[19:38:33] [main/DEBUG] (FabricLoader/Mixin) Renaming synthetic method lambda$getStacks$0(Lnet/minecraft/world/item/CreativeModeTab;)Ljava/lang/IllegalStateException; to mdb752e4$fabric-item-group-api-v1$lambda$getStacks$0$0 in fabric-item-group-api-v1.mixins.json:CreativeModeTabMixin from mod fabric-item-group-api-v1
[19:38:33] [main/DEBUG] (FabricLoader/Mixin) fabric-item-group-api-v1.mixins.json:CreativeModeTabMixin from mod fabric-item-group-api-v1->@Inject::getStacks(Lnet/minecraft/world/item/CreativeModeTab$ItemDisplayParameters;Lorg/spongepowered/asm/mixin/injection/callback/CallbackInfo;)V doesn't use it's CallbackInfo
[19:38:33] [main/DEBUG] (FabricLoader/Mixin) fabric-item-group-api-v1.mixins.json:CreativeModeTabMixin from mod fabric-item-group-api-v1->@Inject::getStacks(Lnet/minecraft/world/item/CreativeModeTab$ItemDisplayParameters;Lorg/spongepowered/asm/mixin/injection/callback/CallbackInfo;)V has 0 override(s) in child classes
[19:38:33] [main/DEBUG] (FabricLoader/Mixin) fabric-item-group-api-v1.mixins.json:CreativeModeTabMixin from mod fabric-item-group-api-v1->@Inject::getStacks(Lnet/minecraft/world/item/CreativeModeTab$ItemDisplayParameters;Lorg/spongepowered/asm/mixin/injection/callback/CallbackInfo;)V won't be passed a CallbackInfo as a result
[19:38:33] [main/DEBUG] (FabricLoader/Mixin) Mixing GameRuleMixin from fabric-game-rule-api-v1.mixins.json into net.minecraft.world.level.gamerules.GameRule
[19:38:33] [main/DEBUG] (FabricLoader/Mixin) Renaming synthetic method lambda$deserializeEnum$1(Ljava/lang/String;)Ljava/lang/String; to mdb752e4$fabric-game-rule-api-v1$lambda$deserializeEnum$1$0 in fabric-game-rule-api-v1.mixins.json:GameRuleMixin from mod fabric-game-rule-api-v1
[19:38:33] [main/DEBUG] (FabricLoader/Mixin) Renaming synthetic method lambda$deserializeEnum$0(Ljava/lang/String;Ljava/lang/Class;)Ljava/lang/String; to mdb752e4$fabric-game-rule-api-v1$lambda$deserializeEnum$0$1 in fabric-game-rule-api-v1.mixins.json:GameRuleMixin from mod fabric-game-rule-api-v1
[19:38:33] [main/DEBUG] (FabricLoader/Mixin) Mixing FireBlockMixin from fabric-content-registries-v0.mixins.json into net.minecraft.world.level.block.FireBlock
[19:38:33] [main/DEBUG] (FabricLoader/Mixin) Mixing FireBlockMixin from djs-fixed-progression.mixins.json into net.minecraft.world.level.block.FireBlock
[19:38:33] [main/DEBUG] (FabricLoader/Mixin) fabric-content-registries-v0.mixins.json:FireBlockMixin from mod fabric-content-registries-v0->@Inject::afterConstruct(Lnet/minecraft/world/level/block/state/BlockBehaviour$Properties;Lorg/spongepowered/asm/mixin/injection/callback/CallbackInfo;)V doesn't use it's CallbackInfo
[19:38:33] [main/DEBUG] (FabricLoader/Mixin) fabric-content-registries-v0.mixins.json:FireBlockMixin from mod fabric-content-registries-v0->@Inject::afterConstruct(Lnet/minecraft/world/level/block/state/BlockBehaviour$Properties;Lorg/spongepowered/asm/mixin/injection/callback/CallbackInfo;)V has 0 override(s) in child classes
[19:38:33] [main/DEBUG] (FabricLoader/Mixin) fabric-content-registries-v0.mixins.json:FireBlockMixin from mod fabric-content-registries-v0->@Inject::afterConstruct(Lnet/minecraft/world/level/block/state/BlockBehaviour$Properties;Lorg/spongepowered/asm/mixin/injection/callback/CallbackInfo;)V won't be passed a CallbackInfo as a result
[19:38:33] [main/DEBUG] (FabricLoader/Mixin) fabric-content-registries-v0.mixins.json:FireBlockMixin from mod fabric-content-registries-v0->@Inject::getFabricBurnChance(Lnet/minecraft/world/level/block/state/BlockState;Lorg/spongepowered/asm/mixin/injection/callback/CallbackInfoReturnable;)V does use it's CallbackInfoReturnable
[19:38:33] [main/DEBUG] (FabricLoader/Mixin) fabric-content-registries-v0.mixins.json:FireBlockMixin from mod fabric-content-registries-v0->@Inject::getFabricSpreadChance(Lnet/minecraft/world/level/block/state/BlockState;Lorg/spongepowered/asm/mixin/injection/callback/CallbackInfoReturnable;)V does use it's CallbackInfoReturnable
[19:38:33] [main/DEBUG] (FabricLoader/Mixin) djs-fixed-progression.mixins.json:FireBlockMixin from mod djs-fixed-progression->@Inject::preventFireSpread(Lnet/minecraft/world/level/block/state/BlockState;Lnet/minecraft/server/level/ServerLevel;Lnet/minecraft/core/BlockPos;Lnet/minecraft/util/RandomSource;Lorg/spongepowered/asm/mixin/injection/callback/CallbackInfo;)V does use it's CallbackInfo
[19:38:34] [main/DEBUG] (FabricLoader/Mixin) Mixing shapes.blockstate_cache.BlockMixin from lithium.mixins.json into net.minecraft.world.level.block.Block
[19:38:34] [main/DEBUG] (FabricLoader/Mixin) Renaming synthetic method lambda$static$0(Lnet/minecraft/world/phys/shapes/VoxelShape;)Z to mdb752e4$lithium$lambda$static$0$0 in lithium.mixins.json:shapes.blockstate_cache.BlockMixin from mod lithium
[19:38:34] [main/DEBUG] (FabricLoader/Mixin) Mixing BlockAccessor from djs-fixed-progression.mixins.json into net.minecraft.world.level.block.Block
[19:38:34] [main/DEBUG] (FabricLoader/Mixin) Mixing BlockMixin from djs-fixed-progression.mixins.json into net.minecraft.world.level.block.Block
[19:38:34] [main/DEBUG] (FabricLoader/Mixin) Mixing BlockMixin from fabric-block-api-v1.mixins.json into net.minecraft.world.level.block.Block
[19:38:34] [main/DEBUG] (FabricLoader/Mixin) djs-fixed-progression.mixins.json:BlockMixin from mod djs-fixed-progression->@Inject::readUpgradesFromItem(Lnet/minecraft/world/level/Level;Lnet/minecraft/core/BlockPos;Lnet/minecraft/world/level/block/state/BlockState;Lnet/minecraft/world/entity/LivingEntity;Lnet/minecraft/world/item/ItemStack;Lorg/spongepowered/asm/mixin/injection/callback/CallbackInfo;)V doesn't use it's CallbackInfo
[19:38:34] [main/DEBUG] (FabricLoader/Mixin) djs-fixed-progression.mixins.json:BlockMixin from mod djs-fixed-progression->@Inject::readUpgradesFromItem(Lnet/minecraft/world/level/Level;Lnet/minecraft/core/BlockPos;Lnet/minecraft/world/level/block/state/BlockState;Lnet/minecraft/world/entity/LivingEntity;Lnet/minecraft/world/item/ItemStack;Lorg/spongepowered/asm/mixin/injection/callback/CallbackInfo;)V has 0 override(s) in child classes
[19:38:34] [main/DEBUG] (FabricLoader/Mixin) djs-fixed-progression.mixins.json:BlockMixin from mod djs-fixed-progression->@Inject::readUpgradesFromItem(Lnet/minecraft/world/level/Level;Lnet/minecraft/core/BlockPos;Lnet/minecraft/world/level/block/state/BlockState;Lnet/minecraft/world/entity/LivingEntity;Lnet/minecraft/world/item/ItemStack;Lorg/spongepowered/asm/mixin/injection/callback/CallbackInfo;)V won't be passed a CallbackInfo as a result
[19:38:34] [main/DEBUG] (FabricLoader/Mixin) Mixing block.hopper.BlockBehaviourMixin from lithium.mixins.json into net.minecraft.world.level.block.state.BlockBehaviour
[19:38:34] [main/DEBUG] (FabricLoader/Mixin) Mixing BlockBehaviourAccessor from fabric-content-registries-v0.mixins.json into net.minecraft.world.level.block.state.BlockBehaviour
[19:38:34] [main/DEBUG] (FabricLoader/Mixin) Mixing BlockBehaviorMixin from djs-fixed-progression.mixins.json into net.minecraft.world.level.block.state.BlockBehaviour
[19:38:34] [main/DEBUG] (FabricLoader/Mixin) lithium.mixins.json:block.hopper.BlockBehaviourMixin from mod lithium->@Inject::notifyOnShapeUpdate(Lnet/minecraft/world/level/block/state/BlockState;Lnet/minecraft/world/level/LevelReader;Lnet/minecraft/world/level/ScheduledTickAccess;Lnet/minecraft/core/BlockPos;Lnet/minecraft/core/Direction;Lnet/minecraft/core/BlockPos;Lnet/minecraft/world/level/block/state/BlockState;Lnet/minecraft/util/RandomSource;Lorg/spongepowered/asm/mixin/injection/callback/CallbackInfoReturnable;)V doesn't use it's CallbackInfoReturnable
[19:38:34] [main/DEBUG] (FabricLoader/Mixin) lithium.mixins.json:block.hopper.BlockBehaviourMixin from mod lithium->@Inject::notifyOnShapeUpdate(Lnet/minecraft/world/level/block/state/BlockState;Lnet/minecraft/world/level/LevelReader;Lnet/minecraft/world/level/ScheduledTickAccess;Lnet/minecraft/core/BlockPos;Lnet/minecraft/core/Direction;Lnet/minecraft/core/BlockPos;Lnet/minecraft/world/level/block/state/BlockState;Lnet/minecraft/util/RandomSource;Lorg/spongepowered/asm/mixin/injection/callback/CallbackInfoReturnable;)V has 0 override(s) in child classes
[19:38:34] [main/DEBUG] (FabricLoader/Mixin) lithium.mixins.json:block.hopper.BlockBehaviourMixin from mod lithium->@Inject::notifyOnShapeUpdate(Lnet/minecraft/world/level/block/state/BlockState;Lnet/minecraft/world/level/LevelReader;Lnet/minecraft/world/level/ScheduledTickAccess;Lnet/minecraft/core/BlockPos;Lnet/minecraft/core/Direction;Lnet/minecraft/core/BlockPos;Lnet/minecraft/world/level/block/state/BlockState;Lnet/minecraft/util/RandomSource;Lorg/spongepowered/asm/mixin/injection/callback/CallbackInfoReturnable;)V won't be passed a CallbackInfoReturnable as a result
[19:38:34] [main/DEBUG] (FabricLoader/Mixin) djs-fixed-progression.mixins.json:BlockBehaviorMixin from mod djs-fixed-progression->@Inject::scheduleWaterloggedTick(Lnet/minecraft/world/level/block/state/BlockState;Lnet/minecraft/world/level/LevelReader;Lnet/minecraft/world/level/ScheduledTickAccess;Lnet/minecraft/core/BlockPos;Lnet/minecraft/core/Direction;Lnet/minecraft/core/BlockPos;Lnet/minecraft/world/level/block/state/BlockState;Lnet/minecraft/util/RandomSource;Lorg/spongepowered/asm/mixin/injection/callback/CallbackInfoReturnable;)V doesn't use it's CallbackInfoReturnable
[19:38:34] [main/DEBUG] (FabricLoader/Mixin) djs-fixed-progression.mixins.json:BlockBehaviorMixin from mod djs-fixed-progression->@Inject::scheduleWaterloggedTick(Lnet/minecraft/world/level/block/state/BlockState;Lnet/minecraft/world/level/LevelReader;Lnet/minecraft/world/level/ScheduledTickAccess;Lnet/minecraft/core/BlockPos;Lnet/minecraft/core/Direction;Lnet/minecraft/core/BlockPos;Lnet/minecraft/world/level/block/state/BlockState;Lnet/minecraft/util/RandomSource;Lorg/spongepowered/asm/mixin/injection/callback/CallbackInfoReturnable;)V has 0 override(s) in child classes
[19:38:34] [main/DEBUG] (FabricLoader/Mixin) djs-fixed-progression.mixins.json:BlockBehaviorMixin from mod djs-fixed-progression->@Inject::scheduleWaterloggedTick(Lnet/minecraft/world/level/block/state/BlockState;Lnet/minecraft/world/level/LevelReader;Lnet/minecraft/world/level/ScheduledTickAccess;Lnet/minecraft/core/BlockPos;Lnet/minecraft/core/Direction;Lnet/minecraft/core/BlockPos;Lnet/minecraft/world/level/block/state/BlockState;Lnet/minecraft/util/RandomSource;Lorg/spongepowered/asm/mixin/injection/callback/CallbackInfoReturnable;)V won't be passed a CallbackInfoReturnable as a result
[19:38:34] [main/DEBUG] (FabricLoader/Mixin) Mixing math.fast_blockpos.BlockPosMixin from lithium.mixins.json into net.minecraft.core.BlockPos
[19:38:34] [main/DEBUG] (FabricLoader/Mixin) Mixing world.raycast.BlockGetterMixin from lithium.mixins.json into net.minecraft.world.level.BlockGetter
[19:38:34] [main/DEBUG] (FabricLoader/Mixin) Mixing BlockGetterMixin from fabric-block-view-api-v2.mixins.json into net.minecraft.world.level.BlockGetter
[19:38:34] [main/DEBUG] (FabricLoader/Mixin) Mixing FluidMixin from fabric-transfer-api-v1.mixins.json into net.minecraft.world.level.material.Fluid
[19:38:34] [main/DEBUG] (FabricLoader/Mixin) fabric-transfer-api-v1.mixins.json:FluidMixin from mod fabric-transfer-api-v1->@Inject::hookGetBucketFillSound(Lorg/spongepowered/asm/mixin/injection/callback/CallbackInfoReturnable;)V does use it's CallbackInfoReturnable
[19:38:34] [main/DEBUG] (FabricLoader/Mixin) Mixing block.fluid.flow.FlowingFluidMixin from lithium.mixins.json into net.minecraft.world.level.material.FlowingFluid
[19:38:34] [main/DEBUG] (FabricLoader/Mixin) lithium.mixins.json:block.fluid.flow.FlowingFluidMixin from mod lithium->@Inject::getSpread(Lnet/minecraft/server/level/ServerLevel;Lnet/minecraft/core/BlockPos;Lnet/minecraft/world/level/block/state/BlockState;Lorg/spongepowered/asm/mixin/injection/callback/CallbackInfoReturnable;)V does use it's CallbackInfoReturnable
[19:38:34] [main/DEBUG] (FabricLoader/Mixin) Mixing EntityAccess from jade.mixins.json into net.minecraft.world.entity.Entity
[19:38:34] [main/DEBUG] (FabricLoader/Mixin) Mixing alloc.deep_passengers.EntityMixin from lithium.mixins.json into net.minecraft.world.entity.Entity
[19:38:34] [main/DEBUG] (FabricLoader/Mixin) Mixing block.hopper.EntityAccessor from lithium.mixins.json into net.minecraft.world.entity.Entity
[19:38:34] [main/DEBUG] (FabricLoader/Mixin) Mixing collections.fluid_submersion.EntityMixin from lithium.mixins.json into net.minecraft.world.entity.Entity
[19:38:34] [main/DEBUG] (FabricLoader/Mixin) Mixing entity.collisions.movement.EntityMixin from lithium.mixins.json into net.minecraft.world.entity.Entity
[19:38:34] [main/DEBUG] (FabricLoader/Mixin) Mixing entity.collisions.unpushable_cramming.EntityMixin from lithium.mixins.json into net.minecraft.world.entity.Entity
[19:38:34] [main/DEBUG] (FabricLoader/Mixin) Mixing entity.sprinting_particles.EntityMixin from lithium.mixins.json into net.minecraft.world.entity.Entity
[19:38:34] [main/DEBUG] (FabricLoader/Mixin) Mixing util.in_world_tracking.entity.EntityMixin from lithium.mixins.json into net.minecraft.world.entity.Entity
[19:38:34] [main/DEBUG] (FabricLoader/Mixin) Mixing entity.collisions.fluid.EntityMixin from lithium-fabric.mixins.json into net.minecraft.world.entity.Entity
[19:38:34] [main/DEBUG] (FabricLoader/Mixin) Mixing AttachmentTargetsMixin from fabric-data-attachment-api-v1.mixins.json into net.minecraft.world.entity.Entity
[19:38:34] [main/DEBUG] (FabricLoader/Mixin) Renaming synthetic method lambda$fabric_readAttachmentsFromNbt$3(Lnet/minecraft/world/level/storage/ValueInput;Lnet/fabricmc/fabric/api/attachment/v1/AttachmentType;Ljava/lang/Object;)V to mdb752e4$fabric-data-attachment-api-v1$lambda$fabric_readAttachmentsFromNbt$3$0 in fabric-data-attachment-api-v1.mixins.json:AttachmentTargetsMixin from mod fabric-data-attachment-api-v1
[19:38:34] [main/DEBUG] (FabricLoader/Mixin) Renaming synthetic method lambda$onAttachedSet$2(Lnet/fabricmc/fabric/api/attachment/v1/AttachmentType;)Lnet/fabricmc/fabric/api/event/Event; to mdb752e4$fabric-data-attachment-api-v1$lambda$onAttachedSet$2$1 in fabric-data-attachment-api-v1.mixins.json:AttachmentTargetsMixin from mod fabric-data-attachment-api-v1
[19:38:34] [main/DEBUG] (FabricLoader/Mixin) Renaming synthetic method lambda$onAttachedSet$1([Lnet/fabricmc/fabric/api/attachment/v1/AttachmentTarget$OnAttachedSet;)Lnet/fabricmc/fabric/api/attachment/v1/AttachmentTarget$OnAttachedSet; to mdb752e4$fabric-data-attachment-api-v1$lambda$onAttachedSet$1$2 in fabric-data-attachment-api-v1.mixins.json:AttachmentTargetsMixin from mod fabric-data-attachment-api-v1
[19:38:34] [main/DEBUG] (FabricLoader/Mixin) Renaming synthetic method lambda$onAttachedSet$0([Lnet/fabricmc/fabric/api/attachment/v1/AttachmentTarget$OnAttachedSet;Ljava/lang/Object;Ljava/lang/Object;)V to mdb752e4$fabric-data-attachment-api-v1$lambda$onAttachedSet$0$3 in fabric-data-attachment-api-v1.mixins.json:AttachmentTargetsMixin from mod fabric-data-attachment-api-v1
[19:38:34] [main/DEBUG] (FabricLoader/Mixin) Mixing EntityMixin from fabric-data-attachment-api-v1.mixins.json into net.minecraft.world.entity.Entity
[19:38:34] [main/DEBUG] (FabricLoader/Mixin) Renaming synthetic method lambda$fabric_syncChange$0(Lnet/fabricmc/fabric/api/attachment/v1/AttachmentSyncPredicate;Lnet/fabricmc/fabric/impl/attachment/sync/AttachmentChange;Lnet/minecraft/server/level/ServerPlayer;)V to mdb752e4$fabric-data-attachment-api-v1$lambda$fabric_syncChange$0$4 in fabric-data-attachment-api-v1.mixins.json:EntityMixin from mod fabric-data-attachment-api-v1
[19:38:34] [main/DEBUG] (FabricLoader/Mixin) Mixing EntityMixin from fabric-entity-events-v1.mixins.json into net.minecraft.world.entity.Entity
[19:38:34] [main/DEBUG] (FabricLoader/Mixin) Mixing EntityMixin from fabric-particles-v1.mixins.json into net.minecraft.world.entity.Entity
[19:38:34] [main/DEBUG] (FabricLoader/Mixin) lithium.mixins.json:collections.fluid_submersion.EntityMixin from mod lithium->@Inject::useReferenceArraySet(Lorg/spongepowered/asm/mixin/injection/callback/CallbackInfo;)V doesn't use it's CallbackInfo
[19:38:34] [main/DEBUG] (FabricLoader/Mixin) lithium.mixins.json:collections.fluid_submersion.EntityMixin from mod lithium->@Inject::useReferenceArraySet(Lorg/spongepowered/asm/mixin/injection/callback/CallbackInfo;)V has 0 override(s) in child classes
[19:38:34] [main/DEBUG] (FabricLoader/Mixin) lithium.mixins.json:collections.fluid_submersion.EntityMixin from mod lithium->@Inject::useReferenceArraySet(Lorg/spongepowered/asm/mixin/injection/callback/CallbackInfo;)V won't be passed a CallbackInfo as a result
[19:38:34] [main/DEBUG] (FabricLoader/Mixin) lithium.mixins.json:entity.collisions.unpushable_cramming.EntityMixin from mod lithium->@Inject::onPositionChanged(DDDLorg/spongepowered/asm/mixin/injection/callback/CallbackInfo;)V doesn't use it's CallbackInfo
[19:38:34] [main/DEBUG] (FabricLoader/Mixin) lithium.mixins.json:entity.collisions.unpushable_cramming.EntityMixin from mod lithium->@Inject::onPositionChanged(DDDLorg/spongepowered/asm/mixin/injection/callback/CallbackInfo;)V has 0 override(s) in child classes
[19:38:34] [main/DEBUG] (FabricLoader/Mixin) lithium.mixins.json:entity.collisions.unpushable_cramming.EntityMixin from mod lithium->@Inject::onPositionChanged(DDDLorg/spongepowered/asm/mixin/injection/callback/CallbackInfo;)V won't be passed a CallbackInfo as a result
[19:38:34] [main/DEBUG] (FabricLoader/Mixin) lithium.mixins.json:entity.collisions.unpushable_cramming.EntityMixin from mod lithium->@Inject::onBaseTick(Lorg/spongepowered/asm/mixin/injection/callback/CallbackInfo;)V doesn't use it's CallbackInfo
[19:38:34] [main/DEBUG] (FabricLoader/Mixin) lithium.mixins.json:entity.collisions.unpushable_cramming.EntityMixin from mod lithium->@Inject::onBaseTick(Lorg/spongepowered/asm/mixin/injection/callback/CallbackInfo;)V has 0 override(s) in child classes
[19:38:34] [main/DEBUG] (FabricLoader/Mixin) lithium.mixins.json:entity.collisions.unpushable_cramming.EntityMixin from mod lithium->@Inject::onBaseTick(Lorg/spongepowered/asm/mixin/injection/callback/CallbackInfo;)V won't be passed a CallbackInfo as a result
[19:38:34] [main/DEBUG] (FabricLoader/Mixin) lithium.mixins.json:entity.collisions.unpushable_cramming.EntityMixin from mod lithium->@Inject::onBlockCached(Lorg/spongepowered/asm/mixin/injection/callback/CallbackInfoReturnable;)V doesn't use it's CallbackInfoReturnable
[19:38:34] [main/DEBUG] (FabricLoader/Mixin) lithium.mixins.json:entity.collisions.unpushable_cramming.EntityMixin from mod lithium->@Inject::onBlockCached(Lorg/spongepowered/asm/mixin/injection/callback/CallbackInfoReturnable;)V has 0 override(s) in child classes
[19:38:34] [main/DEBUG] (FabricLoader/Mixin) lithium.mixins.json:entity.collisions.unpushable_cramming.EntityMixin from mod lithium->@Inject::onBlockCached(Lorg/spongepowered/asm/mixin/injection/callback/CallbackInfoReturnable;)V won't be passed a CallbackInfoReturnable as a result
[19:38:34] [main/DEBUG] (FabricLoader/Mixin) lithium.mixins.json:util.in_world_tracking.entity.EntityMixin from mod lithium->@Inject::emitMaybeInLevelEvents(Lnet/minecraft/world/level/entity/EntityInLevelCallback;Lorg/spongepowered/asm/mixin/injection/callback/CallbackInfo;)V doesn't use it's CallbackInfo
[19:38:34] [main/DEBUG] (FabricLoader/Mixin) lithium.mixins.json:util.in_world_tracking.entity.EntityMixin from mod lithium->@Inject::emitMaybeInLevelEvents(Lnet/minecraft/world/level/entity/EntityInLevelCallback;Lorg/spongepowered/asm/mixin/injection/callback/CallbackInfo;)V has 0 override(s) in child classes
[19:38:34] [main/DEBUG] (FabricLoader/Mixin) lithium.mixins.json:util.in_world_tracking.entity.EntityMixin from mod lithium->@Inject::emitMaybeInLevelEvents(Lnet/minecraft/world/level/entity/EntityInLevelCallback;Lorg/spongepowered/asm/mixin/injection/callback/CallbackInfo;)V won't be passed a CallbackInfo as a result
[19:38:34] [main/DEBUG] (FabricLoader/Mixin) lithium-fabric.mixins.json:entity.collisions.fluid.EntityMixin from mod lithium->@Inject::tryShortcutFluidPushing(Lnet/minecraft/tags/TagKey;DLorg/spongepowered/asm/mixin/injection/callback/CallbackInfoReturnable;)V does use it's CallbackInfoReturnable
[19:38:34] [main/DEBUG] (FabricLoader/Mixin) fabric-data-attachment-api-v1.mixins.json:EntityMixin from mod fabric-data-attachment-api-v1->@Inject::readEntityAttachments(Lnet/minecraft/world/level/storage/ValueInput;Lorg/spongepowered/asm/mixin/injection/callback/CallbackInfo;)V doesn't use it's CallbackInfo
[19:38:34] [main/DEBUG] (FabricLoader/Mixin) fabric-data-attachment-api-v1.mixins.json:EntityMixin from mod fabric-data-attachment-api-v1->@Inject::readEntityAttachments(Lnet/minecraft/world/level/storage/ValueInput;Lorg/spongepowered/asm/mixin/injection/callback/CallbackInfo;)V has 0 override(s) in child classes
[19:38:34] [main/DEBUG] (FabricLoader/Mixin) fabric-data-attachment-api-v1.mixins.json:EntityMixin from mod fabric-data-attachment-api-v1->@Inject::readEntityAttachments(Lnet/minecraft/world/level/storage/ValueInput;Lorg/spongepowered/asm/mixin/injection/callback/CallbackInfo;)V won't be passed a CallbackInfo as a result
[19:38:34] [main/DEBUG] (FabricLoader/Mixin) fabric-data-attachment-api-v1.mixins.json:EntityMixin from mod fabric-data-attachment-api-v1->@Inject::writeEntityAttachments(Lnet/minecraft/world/level/storage/ValueOutput;Lorg/spongepowered/asm/mixin/injection/callback/CallbackInfo;)V doesn't use it's CallbackInfo
[19:38:34] [main/DEBUG] (FabricLoader/Mixin) fabric-data-attachment-api-v1.mixins.json:EntityMixin from mod fabric-data-attachment-api-v1->@Inject::writeEntityAttachments(Lnet/minecraft/world/level/storage/ValueOutput;Lorg/spongepowered/asm/mixin/injection/callback/CallbackInfo;)V has 0 override(s) in child classes
[19:38:34] [main/DEBUG] (FabricLoader/Mixin) fabric-data-attachment-api-v1.mixins.json:EntityMixin from mod fabric-data-attachment-api-v1->@Inject::writeEntityAttachments(Lnet/minecraft/world/level/storage/ValueOutput;Lorg/spongepowered/asm/mixin/injection/callback/CallbackInfo;)V won't be passed a CallbackInfo as a result
[19:38:34] [main/DEBUG] (FabricLoader/Mixin) Mixing PlayerMixin from djs-fixed-progression.mixins.json into net.minecraft.world.entity.player.Player
[19:38:34] [main/DEBUG] (FabricLoader/Mixin) Mixing PlayerMixin from fabric-entity-events-v1.mixins.json into net.minecraft.world.entity.player.Player
[19:38:34] [main/DEBUG] (FabricLoader/Mixin) djs-fixed-progression.mixins.json:PlayerMixin from mod djs-fixed-progression->@Inject::preventVanillaNightSkip(Lorg/spongepowered/asm/mixin/injection/callback/CallbackInfoReturnable;)V does use it's CallbackInfoReturnable
[19:38:34] [main/DEBUG] (FabricLoader/Mixin) djs-fixed-progression.mixins.json:PlayerMixin from mod djs-fixed-progression->@Inject::saveFoodHistory(Lnet/minecraft/world/level/storage/ValueOutput;Lorg/spongepowered/asm/mixin/injection/callback/CallbackInfo;)V doesn't use it's CallbackInfo
[19:38:34] [main/DEBUG] (FabricLoader/Mixin) djs-fixed-progression.mixins.json:PlayerMixin from mod djs-fixed-progression->@Inject::saveFoodHistory(Lnet/minecraft/world/level/storage/ValueOutput;Lorg/spongepowered/asm/mixin/injection/callback/CallbackInfo;)V has 0 override(s) in child classes
[19:38:34] [main/DEBUG] (FabricLoader/Mixin) djs-fixed-progression.mixins.json:PlayerMixin from mod djs-fixed-progression->@Inject::saveFoodHistory(Lnet/minecraft/world/level/storage/ValueOutput;Lorg/spongepowered/asm/mixin/injection/callback/CallbackInfo;)V won't be passed a CallbackInfo as a result
[19:38:34] [main/DEBUG] (FabricLoader/Mixin) djs-fixed-progression.mixins.json:PlayerMixin from mod djs-fixed-progression->@Inject::loadFoodHistory(Lnet/minecraft/world/level/storage/ValueInput;Lorg/spongepowered/asm/mixin/injection/callback/CallbackInfo;)V doesn't use it's CallbackInfo
[19:38:34] [main/DEBUG] (FabricLoader/Mixin) djs-fixed-progression.mixins.json:PlayerMixin from mod djs-fixed-progression->@Inject::loadFoodHistory(Lnet/minecraft/world/level/storage/ValueInput;Lorg/spongepowered/asm/mixin/injection/callback/CallbackInfo;)V has 0 override(s) in child classes
[19:38:34] [main/DEBUG] (FabricLoader/Mixin) djs-fixed-progression.mixins.json:PlayerMixin from mod djs-fixed-progression->@Inject::loadFoodHistory(Lnet/minecraft/world/level/storage/ValueInput;Lorg/spongepowered/asm/mixin/injection/callback/CallbackInfo;)V won't be passed a CallbackInfo as a result
[19:38:34] [main/DEBUG] (FabricLoader/Mixin) djs-fixed-progression.mixins.json:PlayerMixin from mod djs-fixed-progression->@Inject::lockAttackUntilCharged(Lnet/minecraft/world/entity/Entity;Lorg/spongepowered/asm/mixin/injection/callback/CallbackInfo;)V does use it's CallbackInfo
[19:38:34] [main/DEBUG] (FabricLoader/Mixin) djs-fixed-progression.mixins.json:PlayerMixin from mod djs-fixed-progression->@Inject::makeXPLinear(Lorg/spongepowered/asm/mixin/injection/callback/CallbackInfoReturnable;)V does use it's CallbackInfoReturnable
[19:38:34] [main/DEBUG] (FabricLoader/Mixin) djs-fixed-progression.mixins.json:PlayerMixin from mod djs-fixed-progression->@Inject::boostDeepslateMiningSpeed(Lnet/minecraft/world/level/block/state/BlockState;Lorg/spongepowered/asm/mixin/injection/callback/CallbackInfoReturnable;)V does use it's CallbackInfoReturnable
[19:38:34] [main/DEBUG] (FabricLoader/Mixin) djs-fixed-progression.mixins.json:PlayerMixin from mod djs-fixed-progression->@Inject::preventElytraBunnyHopping(Lorg/spongepowered/asm/mixin/injection/callback/CallbackInfoReturnable;)V does use it's CallbackInfoReturnable
[19:38:34] [main/DEBUG] (FabricLoader/Mixin) fabric-entity-events-v1.mixins.json:PlayerMixin from mod fabric-entity-events-v1->@Inject::onTrySleep(Lnet/minecraft/core/BlockPos;Lorg/spongepowered/asm/mixin/injection/callback/CallbackInfoReturnable;)V does use it's CallbackInfoReturnable
[19:38:34] [main/DEBUG] (FabricLoader/Mixin) fabric-entity-events-v1.mixins.json:PlayerMixin from mod fabric-entity-events-v1->@Inject::onIsSleepingLongEnough(Lorg/spongepowered/asm/mixin/injection/callback/CallbackInfoReturnable;)V does use it's CallbackInfoReturnable
[19:38:34] [main/DEBUG] (FabricLoader/Mixin) Mixing LivingEntityMixin from fabric-item-api-v1.mixins.json into net.minecraft.world.entity.LivingEntity
[19:38:34] [main/DEBUG] (FabricLoader/Mixin) Mixing LivingEntityMixin from jade.mixins.json into net.minecraft.world.entity.LivingEntity
[19:38:34] [main/DEBUG] (FabricLoader/Mixin) Mixing entity.collisions.unpushable_cramming.LivingEntityMixin from lithium.mixins.json into net.minecraft.world.entity.LivingEntity
[19:38:34] [main/DEBUG] (FabricLoader/Mixin) Mixing entity.equipment_tracking.enchantment_ticking.LivingEntityMixin from lithium.mixins.json into net.minecraft.world.entity.LivingEntity
[19:38:34] [main/DEBUG] (FabricLoader/Mixin) Mixing entity.equipment_tracking.equipment_changes.LivingEntityMixin from lithium.mixins.json into net.minecraft.world.entity.LivingEntity
[19:38:34] [main/DEBUG] (FabricLoader/Mixin) Mixing entity.fast_elytra_check.LivingEntityMixin from lithium.mixins.json into net.minecraft.world.entity.LivingEntity
[19:38:34] [main/DEBUG] (FabricLoader/Mixin) Mixing entity.fast_hand_swing.LivingEntityMixin from lithium.mixins.json into net.minecraft.world.entity.LivingEntity
[19:38:34] [main/DEBUG] (FabricLoader/Mixin) Mixing entity.fast_powder_snow_check.LivingEntityMixin from lithium.mixins.json into net.minecraft.world.entity.LivingEntity
[19:38:34] [main/DEBUG] (FabricLoader/Mixin) Mixing entity.inactive_navigations.LivingEntityMixin from lithium.mixins.json into net.minecraft.world.entity.LivingEntity
[19:38:34] [main/DEBUG] (FabricLoader/Mixin) Mixing util.in_world_tracking.entity.LivingEntityMixin from lithium.mixins.json into net.minecraft.world.entity.LivingEntity
[19:38:34] [main/DEBUG] (FabricLoader/Mixin) Mixing LivingEntityMixin from djs-fixed-progression.mixins.json into net.minecraft.world.entity.LivingEntity
[19:38:34] [main/DEBUG] (FabricLoader/Mixin) Mixing LivingEntityMixin from fabric-lifecycle-events-v1.mixins.json into net.minecraft.world.entity.LivingEntity
[19:38:34] [main/DEBUG] (FabricLoader/Mixin) Mixing LivingEntityMixin from fabric-block-api-v1.mixins.json into net.minecraft.world.entity.LivingEntity
[19:38:34] [main/DEBUG] (FabricLoader/Mixin) Mixing LivingEntityMixin from fabric-entity-events-v1.mixins.json into net.minecraft.world.entity.LivingEntity
[19:38:34] [main/DEBUG] (FabricLoader/Mixin) Mixing effect.LivingEntityMixin from fabric-entity-events-v1.mixins.json into net.minecraft.world.entity.LivingEntity
[19:38:34] [main/DEBUG] (FabricLoader/Mixin) Mixing elytra.LivingEntityMixin from fabric-entity-events-v1.mixins.json into net.minecraft.world.entity.LivingEntity
[19:38:34] [main/DEBUG] (FabricLoader/Mixin) Mixing LivingEntityMixin from fabric-particles-v1.mixins.json into net.minecraft.world.entity.LivingEntity
[19:38:34] [main/DEBUG] (FabricLoader/Mixin) fabric-item-api-v1.mixins.json:LivingEntityMixin from mod fabric-item-api-v1->@Inject::onGetPreferredEquipmentSlot(Lnet/minecraft/world/item/ItemStack;Lorg/spongepowered/asm/mixin/injection/callback/CallbackInfoReturnable;)V does use it's CallbackInfoReturnable
[19:38:34] [main/DEBUG] (FabricLoader/Mixin) jade.mixins.json:LivingEntityMixin from mod jade->@Inject::jade$addEffect(Lnet/minecraft/world/effect/MobEffectInstance;Lnet/minecraft/world/entity/Entity;Lorg/spongepowered/asm/mixin/injection/callback/CallbackInfoReturnable;)V doesn't use it's CallbackInfoReturnable
[19:38:34] [main/DEBUG] (FabricLoader/Mixin) jade.mixins.json:LivingEntityMixin from mod jade->@Inject::jade$addEffect(Lnet/minecraft/world/effect/MobEffectInstance;Lnet/minecraft/world/entity/Entity;Lorg/spongepowered/asm/mixin/injection/callback/CallbackInfoReturnable;)V has 0 override(s) in child classes
[19:38:34] [main/DEBUG] (FabricLoader/Mixin) jade.mixins.json:LivingEntityMixin from mod jade->@Inject::jade$addEffect(Lnet/minecraft/world/effect/MobEffectInstance;Lnet/minecraft/world/entity/Entity;Lorg/spongepowered/asm/mixin/injection/callback/CallbackInfoReturnable;)V won't be passed a CallbackInfoReturnable as a result
[19:38:34] [main/DEBUG] (FabricLoader/Mixin) lithium.mixins.json:entity.equipment_tracking.equipment_changes.LivingEntityMixin from mod lithium->@Inject::skipSentEquipmentComparison(Lorg/spongepowered/asm/mixin/injection/callback/CallbackInfoReturnable;)V does use it's CallbackInfoReturnable
[19:38:34] [main/DEBUG] (FabricLoader/Mixin) lithium.mixins.json:entity.equipment_tracking.equipment_changes.LivingEntityMixin from mod lithium->@Inject::resetEquipmentChanged(Lorg/spongepowered/asm/mixin/injection/callback/CallbackInfo;)V doesn't use it's CallbackInfo
[19:38:34] [main/DEBUG] (FabricLoader/Mixin) lithium.mixins.json:entity.equipment_tracking.equipment_changes.LivingEntityMixin from mod lithium->@Inject::resetEquipmentChanged(Lorg/spongepowered/asm/mixin/injection/callback/CallbackInfo;)V has 0 override(s) in child classes
[19:38:34] [main/DEBUG] (FabricLoader/Mixin) lithium.mixins.json:entity.equipment_tracking.equipment_changes.LivingEntityMixin from mod lithium->@Inject::resetEquipmentChanged(Lorg/spongepowered/asm/mixin/injection/callback/CallbackInfo;)V won't be passed a CallbackInfo as a result
[19:38:34] [main/DEBUG] (FabricLoader/Mixin) lithium.mixins.json:entity.fast_elytra_check.LivingEntityMixin from mod lithium->@Inject::skipStopFlying(Lorg/spongepowered/asm/mixin/injection/callback/CallbackInfo;)V does use it's CallbackInfo
[19:38:34] [main/DEBUG] (FabricLoader/Mixin) lithium.mixins.json:entity.fast_hand_swing.LivingEntityMixin from mod lithium->@Inject::skipGetDuration(Lorg/spongepowered/asm/mixin/injection/callback/CallbackInfo;)V does use it's CallbackInfo
[19:38:34] [main/DEBUG] (FabricLoader/Mixin) lithium.mixins.json:entity.inactive_navigations.LivingEntityMixin from mod lithium->@Inject::handleStopRiding(Lorg/spongepowered/asm/mixin/injection/callback/CallbackInfo;)V doesn't use it's CallbackInfo
[19:38:34] [main/DEBUG] (FabricLoader/Mixin) lithium.mixins.json:entity.inactive_navigations.LivingEntityMixin from mod lithium->@Inject::handleStopRiding(Lorg/spongepowered/asm/mixin/injection/callback/CallbackInfo;)V has 0 override(s) in child classes
[19:38:34] [main/DEBUG] (FabricLoader/Mixin) lithium.mixins.json:entity.inactive_navigations.LivingEntityMixin from mod lithium->@Inject::handleStopRiding(Lorg/spongepowered/asm/mixin/injection/callback/CallbackInfo;)V won't be passed a CallbackInfo as a result
[19:38:34] [main/DEBUG] (FabricLoader/Mixin) djs-fixed-progression.mixins.json:LivingEntityMixin from mod djs-fixed-progression->@Inject::makeShieldInstant(Lorg/spongepowered/asm/mixin/injection/callback/CallbackInfoReturnable;)V does use it's CallbackInfoReturnable
[19:38:34] [main/DEBUG] (FabricLoader/Mixin) djs-fixed-progression.mixins.json:LivingEntityMixin from mod djs-fixed-progression->@Inject::addParryWindowVisual(Lnet/minecraft/world/InteractionHand;Lorg/spongepowered/asm/mixin/injection/callback/CallbackInfo;)V doesn't use it's CallbackInfo
[19:38:34] [main/DEBUG] (FabricLoader/Mixin) djs-fixed-progression.mixins.json:LivingEntityMixin from mod djs-fixed-progression->@Inject::addParryWindowVisual(Lnet/minecraft/world/InteractionHand;Lorg/spongepowered/asm/mixin/injection/callback/CallbackInfo;)V has 0 override(s) in child classes
[19:38:34] [main/DEBUG] (FabricLoader/Mixin) djs-fixed-progression.mixins.json:LivingEntityMixin from mod djs-fixed-progression->@Inject::addParryWindowVisual(Lnet/minecraft/world/InteractionHand;Lorg/spongepowered/asm/mixin/injection/callback/CallbackInfo;)V won't be passed a CallbackInfo as a result
[19:38:34] [main/DEBUG] (FabricLoader/Mixin) djs-fixed-progression.mixins.json:LivingEntityMixin from mod djs-fixed-progression->@Inject::modifyBlockedDamage(Lnet/minecraft/server/level/ServerLevel;Lnet/minecraft/world/damagesource/DamageSource;FLorg/spongepowered/asm/mixin/injection/callback/CallbackInfoReturnable;)V does use it's CallbackInfoReturnable
[19:38:34] [main/DEBUG] (FabricLoader/Mixin) djs-fixed-progression.mixins.json:LivingEntityMixin from mod djs-fixed-progression->@Inject::modifyBlockedDamage(Lnet/minecraft/server/level/ServerLevel;Lnet/minecraft/world/damagesource/DamageSource;FLorg/spongepowered/asm/mixin/injection/callback/CallbackInfoReturnable;)V does use it's CallbackInfoReturnable
[19:38:34] [main/DEBUG] (FabricLoader/Mixin) djs-fixed-progression.mixins.json:LivingEntityMixin from mod djs-fixed-progression->@Inject::modifyBlockedDamage(Lnet/minecraft/server/level/ServerLevel;Lnet/minecraft/world/damagesource/DamageSource;FLorg/spongepowered/asm/mixin/injection/callback/CallbackInfoReturnable;)V does use it's CallbackInfoReturnable
[19:38:34] [main/DEBUG] (FabricLoader/Mixin) djs-fixed-progression.mixins.json:LivingEntityMixin from mod djs-fixed-progression->@Inject::modifyBlockedDamage(Lnet/minecraft/server/level/ServerLevel;Lnet/minecraft/world/damagesource/DamageSource;FLorg/spongepowered/asm/mixin/injection/callback/CallbackInfoReturnable;)V does use it's CallbackInfoReturnable
[19:38:34] [main/DEBUG] (FabricLoader/Mixin) djs-fixed-progression.mixins.json:LivingEntityMixin from mod djs-fixed-progression->@Inject::modifyBlockedDamage(Lnet/minecraft/server/level/ServerLevel;Lnet/minecraft/world/damagesource/DamageSource;FLorg/spongepowered/asm/mixin/injection/callback/CallbackInfoReturnable;)V does use it's CallbackInfoReturnable
[19:38:34] [main/DEBUG] (FabricLoader/Mixin) djs-fixed-progression.mixins.json:LivingEntityMixin from mod djs-fixed-progression->@Inject::interruptConsumables(Lnet/minecraft/server/level/ServerLevel;Lnet/minecraft/world/damagesource/DamageSource;FLorg/spongepowered/asm/mixin/injection/callback/CallbackInfoReturnable;)V doesn't use it's CallbackInfoReturnable
[19:38:34] [main/DEBUG] (FabricLoader/Mixin) djs-fixed-progression.mixins.json:LivingEntityMixin from mod djs-fixed-progression->@Inject::interruptConsumables(Lnet/minecraft/server/level/ServerLevel;Lnet/minecraft/world/damagesource/DamageSource;FLorg/spongepowered/asm/mixin/injection/callback/CallbackInfoReturnable;)V has 0 override(s) in child classes
[19:38:34] [main/DEBUG] (FabricLoader/Mixin) djs-fixed-progression.mixins.json:LivingEntityMixin from mod djs-fixed-progression->@Inject::interruptConsumables(Lnet/minecraft/server/level/ServerLevel;Lnet/minecraft/world/damagesource/DamageSource;FLorg/spongepowered/asm/mixin/injection/callback/CallbackInfoReturnable;)V won't be passed a CallbackInfoReturnable as a result
[19:38:34] [main/DEBUG] (FabricLoader/Mixin) djs-fixed-progression.mixins.json:LivingEntityMixin from mod djs-fixed-progression->@Inject::boostNightXP(Lnet/minecraft/server/level/ServerLevel;Lnet/minecraft/world/entity/Entity;Lorg/spongepowered/asm/mixin/injection/callback/CallbackInfoReturnable;)V does use it's CallbackInfoReturnable
[19:38:34] [main/DEBUG] (FabricLoader/Mixin) djs-fixed-progression.mixins.json:LivingEntityMixin from mod djs-fixed-progression->@Inject::removeProjectileInvulnerabilityFrames(Lnet/minecraft/server/level/ServerLevel;Lnet/minecraft/world/damagesource/DamageSource;FLorg/spongepowered/asm/mixin/injection/callback/CallbackInfoReturnable;)V doesn't use it's CallbackInfoReturnable
[19:38:34] [main/DEBUG] (FabricLoader/Mixin) djs-fixed-progression.mixins.json:LivingEntityMixin from mod djs-fixed-progression->@Inject::removeProjectileInvulnerabilityFrames(Lnet/minecraft/server/level/ServerLevel;Lnet/minecraft/world/damagesource/DamageSource;FLorg/spongepowered/asm/mixin/injection/callback/CallbackInfoReturnable;)V has 0 override(s) in child classes
[19:38:34] [main/DEBUG] (FabricLoader/Mixin) djs-fixed-progression.mixins.json:LivingEntityMixin from mod djs-fixed-progression->@Inject::removeProjectileInvulnerabilityFrames(Lnet/minecraft/server/level/ServerLevel;Lnet/minecraft/world/damagesource/DamageSource;FLorg/spongepowered/asm/mixin/injection/callback/CallbackInfoReturnable;)V won't be passed a CallbackInfoReturnable as a result
[19:38:34] [main/DEBUG] (FabricLoader/Mixin) djs-fixed-progression.mixins.json:LivingEntityMixin from mod djs-fixed-progression->@Inject::onTickElytraNerfs(Lorg/spongepowered/asm/mixin/injection/callback/CallbackInfo;)V doesn't use it's CallbackInfo
[19:38:34] [main/DEBUG] (FabricLoader/Mixin) djs-fixed-progression.mixins.json:LivingEntityMixin from mod djs-fixed-progression->@Inject::onTickElytraNerfs(Lorg/spongepowered/asm/mixin/injection/callback/CallbackInfo;)V has 0 override(s) in child classes
[19:38:34] [main/DEBUG] (FabricLoader/Mixin) djs-fixed-progression.mixins.json:LivingEntityMixin from mod djs-fixed-progression->@Inject::onTickElytraNerfs(Lorg/spongepowered/asm/mixin/injection/callback/CallbackInfo;)V won't be passed a CallbackInfo as a result
[19:38:34] [main/DEBUG] (FabricLoader/Mixin) djs-fixed-progression.mixins.json:LivingEntityMixin from mod djs-fixed-progression->@Inject::stopFlyingOnDamage(Lnet/minecraft/server/level/ServerLevel;Lnet/minecraft/world/damagesource/DamageSource;FLorg/spongepowered/asm/mixin/injection/callback/CallbackInfoReturnable;)V does use it's CallbackInfoReturnable
[19:38:34] [main/DEBUG] (FabricLoader/Mixin) djs-fixed-progression.mixins.json:LivingEntityMixin from mod djs-fixed-progression->@Inject::stopFlyingOnDamage(Lnet/minecraft/server/level/ServerLevel;Lnet/minecraft/world/damagesource/DamageSource;FLorg/spongepowered/asm/mixin/injection/callback/CallbackInfoReturnable;)V does use it's CallbackInfoReturnable
[19:38:34] [main/DEBUG] (FabricLoader/Mixin) djs-fixed-progression.mixins.json:LivingEntityMixin from mod djs-fixed-progression->@Inject::stopFlyingOnDamage(Lnet/minecraft/server/level/ServerLevel;Lnet/minecraft/world/damagesource/DamageSource;FLorg/spongepowered/asm/mixin/injection/callback/CallbackInfoReturnable;)V does use it's CallbackInfoReturnable
[19:38:34] [main/DEBUG] (FabricLoader/Mixin) djs-fixed-progression.mixins.json:LivingEntityMixin from mod djs-fixed-progression->@Inject::stopFlyingOnDamage(Lnet/minecraft/server/level/ServerLevel;Lnet/minecraft/world/damagesource/DamageSource;FLorg/spongepowered/asm/mixin/injection/callback/CallbackInfoReturnable;)V does use it's CallbackInfoReturnable
[19:38:34] [main/DEBUG] (FabricLoader/Mixin) djs-fixed-progression.mixins.json:LivingEntityMixin from mod djs-fixed-progression->@Inject::stopFlyingOnDamage(Lnet/minecraft/server/level/ServerLevel;Lnet/minecraft/world/damagesource/DamageSource;FLorg/spongepowered/asm/mixin/injection/callback/CallbackInfoReturnable;)V does use it's CallbackInfoReturnable
[19:38:34] [main/DEBUG] (FabricLoader/Mixin) djs-fixed-progression.mixins.json:LivingEntityMixin from mod djs-fixed-progression->@Inject::vampirismLifeSteal(Lnet/minecraft/server/level/ServerLevel;Lnet/minecraft/world/damagesource/DamageSource;FLorg/spongepowered/asm/mixin/injection/callback/CallbackInfoReturnable;)V does use it's CallbackInfoReturnable
[19:38:34] [main/DEBUG] (FabricLoader/Mixin) djs-fixed-progression.mixins.json:LivingEntityMixin from mod djs-fixed-progression->@Inject::vampirismLifeSteal(Lnet/minecraft/server/level/ServerLevel;Lnet/minecraft/world/damagesource/DamageSource;FLorg/spongepowered/asm/mixin/injection/callback/CallbackInfoReturnable;)V does use it's CallbackInfoReturnable
[19:38:34] [main/DEBUG] (FabricLoader/Mixin) djs-fixed-progression.mixins.json:LivingEntityMixin from mod djs-fixed-progression->@Inject::vampirismLifeSteal(Lnet/minecraft/server/level/ServerLevel;Lnet/minecraft/world/damagesource/DamageSource;FLorg/spongepowered/asm/mixin/injection/callback/CallbackInfoReturnable;)V does use it's CallbackInfoReturnable
[19:38:34] [main/DEBUG] (FabricLoader/Mixin) djs-fixed-progression.mixins.json:LivingEntityMixin from mod djs-fixed-progression->@Inject::vampirismLifeSteal(Lnet/minecraft/server/level/ServerLevel;Lnet/minecraft/world/damagesource/DamageSource;FLorg/spongepowered/asm/mixin/injection/callback/CallbackInfoReturnable;)V does use it's CallbackInfoReturnable
[19:38:34] [main/DEBUG] (FabricLoader/Mixin) djs-fixed-progression.mixins.json:LivingEntityMixin from mod djs-fixed-progression->@Inject::vampirismLifeSteal(Lnet/minecraft/server/level/ServerLevel;Lnet/minecraft/world/damagesource/DamageSource;FLorg/spongepowered/asm/mixin/injection/callback/CallbackInfoReturnable;)V does use it's CallbackInfoReturnable
[19:38:34] [main/DEBUG] (FabricLoader/Mixin) djs-fixed-progression.mixins.json:LivingEntityMixin from mod djs-fixed-progression->@Inject::cancelAmbushLoot(Lnet/minecraft/server/level/ServerLevel;Lnet/minecraft/world/damagesource/DamageSource;Lorg/spongepowered/asm/mixin/injection/callback/CallbackInfo;)V does use it's CallbackInfo
[19:38:34] [main/DEBUG] (FabricLoader/Mixin) djs-fixed-progression.mixins.json:LivingEntityMixin from mod djs-fixed-progression->@Inject::cancelAmbushXP(Lnet/minecraft/server/level/ServerLevel;Lnet/minecraft/world/entity/Entity;Lorg/spongepowered/asm/mixin/injection/callback/CallbackInfoReturnable;)V does use it's CallbackInfoReturnable
[19:38:34] [main/DEBUG] (FabricLoader/Mixin) fabric-lifecycle-events-v1.mixins.json:LivingEntityMixin from mod fabric-lifecycle-events-v1->@Inject::getEquipmentChanges(Lorg/spongepowered/asm/mixin/injection/callback/CallbackInfoReturnable;)V doesn't use it's CallbackInfoReturnable
[19:38:34] [main/DEBUG] (FabricLoader/Mixin) fabric-lifecycle-events-v1.mixins.json:LivingEntityMixin from mod fabric-lifecycle-events-v1->@Inject::getEquipmentChanges(Lorg/spongepowered/asm/mixin/injection/callback/CallbackInfoReturnable;)V has 0 override(s) in child classes
[19:38:34] [main/DEBUG] (FabricLoader/Mixin) fabric-lifecycle-events-v1.mixins.json:LivingEntityMixin from mod fabric-lifecycle-events-v1->@Inject::getEquipmentChanges(Lorg/spongepowered/asm/mixin/injection/callback/CallbackInfoReturnable;)V won't be passed a CallbackInfoReturnable as a result
[19:38:34] [main/DEBUG] (FabricLoader/Mixin) fabric-block-api-v1.mixins.json:LivingEntityMixin from mod fabric-block-api-v1->@Inject::allowTaggedBlocksForTrapdoorClimbing(Lnet/minecraft/core/BlockPos;Lnet/minecraft/world/level/block/state/BlockState;Lorg/spongepowered/asm/mixin/injection/callback/CallbackInfoReturnable;)V does use it's CallbackInfoReturnable
[19:38:34] [main/DEBUG] (FabricLoader/Mixin) fabric-entity-events-v1.mixins.json:LivingEntityMixin from mod fabric-entity-events-v1->@Inject::notifyDeath(Lnet/minecraft/world/damagesource/DamageSource;Lorg/spongepowered/asm/mixin/injection/callback/CallbackInfo;)V doesn't use it's CallbackInfo
[19:38:34] [main/DEBUG] (FabricLoader/Mixin) fabric-entity-events-v1.mixins.json:LivingEntityMixin from mod fabric-entity-events-v1->@Inject::notifyDeath(Lnet/minecraft/world/damagesource/DamageSource;Lorg/spongepowered/asm/mixin/injection/callback/CallbackInfo;)V has 0 override(s) in child classes
[19:38:34] [main/DEBUG] (FabricLoader/Mixin) fabric-entity-events-v1.mixins.json:LivingEntityMixin from mod fabric-entity-events-v1->@Inject::notifyDeath(Lnet/minecraft/world/damagesource/DamageSource;Lorg/spongepowered/asm/mixin/injection/callback/CallbackInfo;)V won't be passed a CallbackInfo as a result
[19:38:34] [main/DEBUG] (FabricLoader/Mixin) fabric-entity-events-v1.mixins.json:LivingEntityMixin from mod fabric-entity-events-v1->@Inject::beforeDamage(Lnet/minecraft/server/level/ServerLevel;Lnet/minecraft/world/damagesource/DamageSource;FLorg/spongepowered/asm/mixin/injection/callback/CallbackInfoReturnable;)V does use it's CallbackInfoReturnable
[19:38:34] [main/DEBUG] (FabricLoader/Mixin) fabric-entity-events-v1.mixins.json:LivingEntityMixin from mod fabric-entity-events-v1->@Inject::afterDamage(Lnet/minecraft/server/level/ServerLevel;Lnet/minecraft/world/damagesource/DamageSource;FLorg/spongepowered/asm/mixin/injection/callback/CallbackInfoReturnable;)V doesn't use it's CallbackInfoReturnable
[19:38:34] [main/DEBUG] (FabricLoader/Mixin) fabric-entity-events-v1.mixins.json:LivingEntityMixin from mod fabric-entity-events-v1->@Inject::afterDamage(Lnet/minecraft/server/level/ServerLevel;Lnet/minecraft/world/damagesource/DamageSource;FLorg/spongepowered/asm/mixin/injection/callback/CallbackInfoReturnable;)V has 0 override(s) in child classes
[19:38:34] [main/DEBUG] (FabricLoader/Mixin) fabric-entity-events-v1.mixins.json:LivingEntityMixin from mod fabric-entity-events-v1->@Inject::afterDamage(Lnet/minecraft/server/level/ServerLevel;Lnet/minecraft/world/damagesource/DamageSource;FLorg/spongepowered/asm/mixin/injection/callback/CallbackInfoReturnable;)V won't be passed a CallbackInfoReturnable as a result
[19:38:34] [main/DEBUG] (FabricLoader/Mixin) fabric-entity-events-v1.mixins.json:LivingEntityMixin from mod fabric-entity-events-v1->@Inject::onSleep(Lnet/minecraft/core/BlockPos;Lorg/spongepowered/asm/mixin/injection/callback/CallbackInfo;)V doesn't use it's CallbackInfo
[19:38:34] [main/DEBUG] (FabricLoader/Mixin) fabric-entity-events-v1.mixins.json:LivingEntityMixin from mod fabric-entity-events-v1->@Inject::onSleep(Lnet/minecraft/core/BlockPos;Lorg/spongepowered/asm/mixin/injection/callback/CallbackInfo;)V has 0 override(s) in child classes
[19:38:34] [main/DEBUG] (FabricLoader/Mixin) fabric-entity-events-v1.mixins.json:LivingEntityMixin from mod fabric-entity-events-v1->@Inject::onSleep(Lnet/minecraft/core/BlockPos;Lorg/spongepowered/asm/mixin/injection/callback/CallbackInfo;)V won't be passed a CallbackInfo as a result
[19:38:34] [main/DEBUG] (FabricLoader/Mixin) fabric-entity-events-v1.mixins.json:LivingEntityMixin from mod fabric-entity-events-v1->@Inject::onWakeUp(Lorg/spongepowered/asm/mixin/injection/callback/CallbackInfo;)V doesn't use it's CallbackInfo
[19:38:34] [main/DEBUG] (FabricLoader/Mixin) fabric-entity-events-v1.mixins.json:LivingEntityMixin from mod fabric-entity-events-v1->@Inject::onWakeUp(Lorg/spongepowered/asm/mixin/injection/callback/CallbackInfo;)V has 0 override(s) in child classes
[19:38:34] [main/DEBUG] (FabricLoader/Mixin) fabric-entity-events-v1.mixins.json:LivingEntityMixin from mod fabric-entity-events-v1->@Inject::onWakeUp(Lorg/spongepowered/asm/mixin/injection/callback/CallbackInfo;)V won't be passed a CallbackInfo as a result
[19:38:34] [main/DEBUG] (FabricLoader/Mixin) fabric-entity-events-v1.mixins.json:LivingEntityMixin from mod fabric-entity-events-v1->@Inject::onIsSleepingInBed(Lnet/minecraft/core/BlockPos;Lorg/spongepowered/asm/mixin/injection/callback/CallbackInfoReturnable;)V does use it's CallbackInfoReturnable
[19:38:34] [main/DEBUG] (FabricLoader/Mixin) fabric-entity-events-v1.mixins.json:effect.LivingEntityMixin from mod fabric-entity-events-v1->@Inject::beforeAddEffect(Lnet/minecraft/world/effect/MobEffectInstance;Lnet/minecraft/world/entity/Entity;Lorg/spongepowered/asm/mixin/injection/callback/CallbackInfoReturnable;)V doesn't use it's CallbackInfoReturnable
[19:38:34] [main/DEBUG] (FabricLoader/Mixin) fabric-entity-events-v1.mixins.json:effect.LivingEntityMixin from mod fabric-entity-events-v1->@Inject::beforeAddEffect(Lnet/minecraft/world/effect/MobEffectInstance;Lnet/minecraft/world/entity/Entity;Lorg/spongepowered/asm/mixin/injection/callback/CallbackInfoReturnable;)V has 0 override(s) in child classes
[19:38:34] [main/DEBUG] (FabricLoader/Mixin) fabric-entity-events-v1.mixins.json:effect.LivingEntityMixin from mod fabric-entity-events-v1->@Inject::beforeAddEffect(Lnet/minecraft/world/effect/MobEffectInstance;Lnet/minecraft/world/entity/Entity;Lorg/spongepowered/asm/mixin/injection/callback/CallbackInfoReturnable;)V won't be passed a CallbackInfoReturnable as a result
[19:38:34] [main/DEBUG] (FabricLoader/Mixin) fabric-entity-events-v1.mixins.json:effect.LivingEntityMixin from mod fabric-entity-events-v1->@Inject::beforeForceAddEffect(Lnet/minecraft/world/effect/MobEffectInstance;Lnet/minecraft/world/entity/Entity;Lorg/spongepowered/asm/mixin/injection/callback/CallbackInfo;)V doesn't use it's CallbackInfo
[19:38:34] [main/DEBUG] (FabricLoader/Mixin) fabric-entity-events-v1.mixins.json:effect.LivingEntityMixin from mod fabric-entity-events-v1->@Inject::beforeForceAddEffect(Lnet/minecraft/world/effect/MobEffectInstance;Lnet/minecraft/world/entity/Entity;Lorg/spongepowered/asm/mixin/injection/callback/CallbackInfo;)V has 0 override(s) in child classes
[19:38:34] [main/DEBUG] (FabricLoader/Mixin) fabric-entity-events-v1.mixins.json:effect.LivingEntityMixin from mod fabric-entity-events-v1->@Inject::beforeForceAddEffect(Lnet/minecraft/world/effect/MobEffectInstance;Lnet/minecraft/world/entity/Entity;Lorg/spongepowered/asm/mixin/injection/callback/CallbackInfo;)V won't be passed a CallbackInfo as a result
[19:38:34] [main/DEBUG] (FabricLoader/Mixin) fabric-entity-events-v1.mixins.json:effect.LivingEntityMixin from mod fabric-entity-events-v1->@Inject::afterAddEffect(Lnet/minecraft/world/effect/MobEffectInstance;Lnet/minecraft/world/entity/Entity;Lorg/spongepowered/asm/mixin/injection/callback/CallbackInfo;)V doesn't use it's CallbackInfo
[19:38:34] [main/DEBUG] (FabricLoader/Mixin) fabric-entity-events-v1.mixins.json:effect.LivingEntityMixin from mod fabric-entity-events-v1->@Inject::afterAddEffect(Lnet/minecraft/world/effect/MobEffectInstance;Lnet/minecraft/world/entity/Entity;Lorg/spongepowered/asm/mixin/injection/callback/CallbackInfo;)V has 0 override(s) in child classes
[19:38:34] [main/DEBUG] (FabricLoader/Mixin) fabric-entity-events-v1.mixins.json:effect.LivingEntityMixin from mod fabric-entity-events-v1->@Inject::afterAddEffect(Lnet/minecraft/world/effect/MobEffectInstance;Lnet/minecraft/world/entity/Entity;Lorg/spongepowered/asm/mixin/injection/callback/CallbackInfo;)V won't be passed a CallbackInfo as a result
[19:38:34] [main/DEBUG] (FabricLoader/Mixin) fabric-entity-events-v1.mixins.json:effect.LivingEntityMixin from mod fabric-entity-events-v1->@Inject::beforeRemoveEffect(Lnet/minecraft/core/Holder;Lorg/spongepowered/asm/mixin/injection/callback/CallbackInfoReturnable;)V doesn't use it's CallbackInfoReturnable
[19:38:34] [main/DEBUG] (FabricLoader/Mixin) fabric-entity-events-v1.mixins.json:effect.LivingEntityMixin from mod fabric-entity-events-v1->@Inject::beforeRemoveEffect(Lnet/minecraft/core/Holder;Lorg/spongepowered/asm/mixin/injection/callback/CallbackInfoReturnable;)V has 0 override(s) in child classes
[19:38:34] [main/DEBUG] (FabricLoader/Mixin) fabric-entity-events-v1.mixins.json:effect.LivingEntityMixin from mod fabric-entity-events-v1->@Inject::beforeRemoveEffect(Lnet/minecraft/core/Holder;Lorg/spongepowered/asm/mixin/injection/callback/CallbackInfoReturnable;)V won't be passed a CallbackInfoReturnable as a result
[19:38:34] [main/DEBUG] (FabricLoader/Mixin) fabric-entity-events-v1.mixins.json:effect.LivingEntityMixin from mod fabric-entity-events-v1->@Inject::beforeExpireRemoveEffect(Lorg/spongepowered/asm/mixin/injection/callback/CallbackInfo;)V doesn't use it's CallbackInfo
[19:38:34] [main/DEBUG] (FabricLoader/Mixin) fabric-entity-events-v1.mixins.json:effect.LivingEntityMixin from mod fabric-entity-events-v1->@Inject::beforeExpireRemoveEffect(Lorg/spongepowered/asm/mixin/injection/callback/CallbackInfo;)V has 0 override(s) in child classes
[19:38:34] [main/DEBUG] (FabricLoader/Mixin) fabric-entity-events-v1.mixins.json:effect.LivingEntityMixin from mod fabric-entity-events-v1->@Inject::beforeExpireRemoveEffect(Lorg/spongepowered/asm/mixin/injection/callback/CallbackInfo;)V won't be passed a CallbackInfo as a result
[19:38:34] [main/DEBUG] (FabricLoader/Mixin) fabric-entity-events-v1.mixins.json:effect.LivingEntityMixin from mod fabric-entity-events-v1->@Inject::beforeRemoveAllEffects(Lorg/spongepowered/asm/mixin/injection/callback/CallbackInfoReturnable;)V doesn't use it's CallbackInfoReturnable
[19:38:34] [main/DEBUG] (FabricLoader/Mixin) fabric-entity-events-v1.mixins.json:effect.LivingEntityMixin from mod fabric-entity-events-v1->@Inject::beforeRemoveAllEffects(Lorg/spongepowered/asm/mixin/injection/callback/CallbackInfoReturnable;)V has 0 override(s) in child classes
[19:38:34] [main/DEBUG] (FabricLoader/Mixin) fabric-entity-events-v1.mixins.json:effect.LivingEntityMixin from mod fabric-entity-events-v1->@Inject::beforeRemoveAllEffects(Lorg/spongepowered/asm/mixin/injection/callback/CallbackInfoReturnable;)V won't be passed a CallbackInfoReturnable as a result
[19:38:34] [main/DEBUG] (FabricLoader/Mixin) fabric-entity-events-v1.mixins.json:effect.LivingEntityMixin from mod fabric-entity-events-v1->@Inject::afterRemoveEffect(Ljava/util/Collection;Lorg/spongepowered/asm/mixin/injection/callback/CallbackInfo;)V doesn't use it's CallbackInfo
[19:38:34] [main/DEBUG] (FabricLoader/Mixin) fabric-entity-events-v1.mixins.json:effect.LivingEntityMixin from mod fabric-entity-events-v1->@Inject::afterRemoveEffect(Ljava/util/Collection;Lorg/spongepowered/asm/mixin/injection/callback/CallbackInfo;)V has 0 override(s) in child classes
[19:38:34] [main/DEBUG] (FabricLoader/Mixin) fabric-entity-events-v1.mixins.json:effect.LivingEntityMixin from mod fabric-entity-events-v1->@Inject::afterRemoveEffect(Ljava/util/Collection;Lorg/spongepowered/asm/mixin/injection/callback/CallbackInfo;)V won't be passed a CallbackInfo as a result
[19:38:34] [main/DEBUG] (FabricLoader/Mixin) fabric-entity-events-v1.mixins.json:effect.LivingEntityMixin from mod fabric-entity-events-v1->@Inject::afterRemoveEffect(Ljava/util/Collection;Lorg/spongepowered/asm/mixin/injection/callback/CallbackInfo;)V doesn't use it's CallbackInfo
[19:38:34] [main/DEBUG] (FabricLoader/Mixin) fabric-entity-events-v1.mixins.json:effect.LivingEntityMixin from mod fabric-entity-events-v1->@Inject::afterRemoveEffect(Ljava/util/Collection;Lorg/spongepowered/asm/mixin/injection/callback/CallbackInfo;)V has 0 override(s) in child classes
[19:38:34] [main/DEBUG] (FabricLoader/Mixin) fabric-entity-events-v1.mixins.json:effect.LivingEntityMixin from mod fabric-entity-events-v1->@Inject::afterRemoveEffect(Ljava/util/Collection;Lorg/spongepowered/asm/mixin/injection/callback/CallbackInfo;)V won't be passed a CallbackInfo as a result
[19:38:34] [main/DEBUG] (FabricLoader/Mixin) fabric-entity-events-v1.mixins.json:elytra.LivingEntityMixin from mod fabric-entity-events-v1->@Inject::injectElytraTick(Lorg/spongepowered/asm/mixin/injection/callback/CallbackInfo;)V does use it's CallbackInfo
[19:38:34] [main/DEBUG] (FabricLoader/Mixin) fabric-entity-events-v1.mixins.json:elytra.LivingEntityMixin from mod fabric-entity-events-v1->@Inject::injectElytraCheck(Lorg/spongepowered/asm/mixin/injection/callback/CallbackInfoReturnable;)V does use it's CallbackInfoReturnable
[19:38:34] [main/DEBUG] (FabricLoader/Mixin) Mixing FastMapStateHolderMixin from ferritecore.fastmap.mixin.json into net.minecraft.world.level.block.state.StateHolder
[19:38:34] [main/DEBUG] (FabricLoader/Mixin) ferritecore.fastmap.mixin.json:FastMapStateHolderMixin from mod ferritecore: Class version 65 required is higher than the class version supported by the current version of Mixin (JAVA_17 supports class version 61)
[19:38:34] [main/DEBUG] (FabricLoader/Mixin) Mixing BlockStateMixin from fabric-block-api-v1.mixins.json into net.minecraft.world.level.block.state.BlockState
[19:38:34] [main/DEBUG] (FabricLoader/Mixin) Mixing ai.pathing.BlockStateBaseMixin from lithium.mixins.json into net.minecraft.world.level.block.state.BlockBehaviour$BlockStateBase
[19:38:34] [main/DEBUG] (FabricLoader/Mixin) Mixing BlockBehaviourBlockStateBaseMixin from fabric-content-registries-v0.mixins.json into net.minecraft.world.level.block.state.BlockBehaviour$BlockStateBase
[19:38:34] [main/DEBUG] (FabricLoader/Mixin) Mixing BlockStateBaseMixin from djs-fixed-progression.mixins.json into net.minecraft.world.level.block.state.BlockBehaviour$BlockStateBase
[19:38:34] [main/DEBUG] (FabricLoader/Mixin) Mixing BlockBehaviourBlockStateBaseMixin from fabric-events-interaction-v0.mixins.json into net.minecraft.world.level.block.state.BlockBehaviour$BlockStateBase
[19:38:34] [main/DEBUG] (FabricLoader/Mixin) Mixing BlockStateBaseMixin from ferritecore.blockstatecache.mixin.json into net.minecraft.world.level.block.state.BlockBehaviour$BlockStateBase
[19:38:34] [main/DEBUG] (FabricLoader/Mixin) ferritecore.blockstatecache.mixin.json:BlockStateBaseMixin from mod ferritecore: Class version 65 required is higher than the class version supported by the current version of Mixin (JAVA_17 supports class version 61)
[19:38:34] [main/DEBUG] (FabricLoader/Mixin) Mixing util.block_tracking.BlockStateBaseMixin from lithium.mixins.json into net.minecraft.world.level.block.state.BlockBehaviour$BlockStateBase
[19:38:34] [main/DEBUG] (FabricLoader/Mixin) djs-fixed-progression.mixins.json:BlockStateBaseMixin from mod djs-fixed-progression->@Inject::makeVaultsAndTrialSpawnersIndestructible(Lnet/minecraft/world/level/BlockGetter;Lnet/minecraft/core/BlockPos;Lorg/spongepowered/asm/mixin/injection/callback/CallbackInfoReturnable;)V does use it's CallbackInfoReturnable
[19:38:34] [main/DEBUG] (FabricLoader/Mixin) djs-fixed-progression.mixins.json:BlockStateBaseMixin from mod djs-fixed-progression->@Inject::getGlobalWaterloggedFluidState(Lorg/spongepowered/asm/mixin/injection/callback/CallbackInfoReturnable;)V does use it's CallbackInfoReturnable
[19:38:34] [main/DEBUG] (FabricLoader/Mixin) fabric-events-interaction-v0.mixins.json:BlockBehaviourBlockStateBaseMixin from mod fabric-events-interaction-v0->@Inject::callUseItemOnEvent(Lnet/minecraft/world/item/ItemStack;Lnet/minecraft/world/level/Level;Lnet/minecraft/world/entity/player/Player;Lnet/minecraft/world/InteractionHand;Lnet/minecraft/world/phys/BlockHitResult;Lorg/spongepowered/asm/mixin/injection/callback/CallbackInfoReturnable;)V does use it's CallbackInfoReturnable
[19:38:34] [main/DEBUG] (FabricLoader/Mixin) fabric-events-interaction-v0.mixins.json:BlockBehaviourBlockStateBaseMixin from mod fabric-events-interaction-v0->@Inject::callUseWithoutItemEvent(Lnet/minecraft/world/level/Level;Lnet/minecraft/world/entity/player/Player;Lnet/minecraft/world/phys/BlockHitResult;Lorg/spongepowered/asm/mixin/injection/callback/CallbackInfoReturnable;)V does use it's CallbackInfoReturnable
[19:38:34] [main/DEBUG] (FabricLoader/Mixin) ferritecore.blockstatecache.mixin.json:BlockStateBaseMixin from mod ferritecore->@Inject::cacheStateHead(Lorg/spongepowered/asm/mixin/injection/callback/CallbackInfo;)V doesn't use it's CallbackInfo
[19:38:34] [main/DEBUG] (FabricLoader/Mixin) ferritecore.blockstatecache.mixin.json:BlockStateBaseMixin from mod ferritecore->@Inject::cacheStateHead(Lorg/spongepowered/asm/mixin/injection/callback/CallbackInfo;)V has 0 override(s) in child classes
[19:38:34] [main/DEBUG] (FabricLoader/Mixin) ferritecore.blockstatecache.mixin.json:BlockStateBaseMixin from mod ferritecore->@Inject::cacheStateHead(Lorg/spongepowered/asm/mixin/injection/callback/CallbackInfo;)V won't be passed a CallbackInfo as a result
[19:38:34] [main/DEBUG] (FabricLoader/Mixin) ferritecore.blockstatecache.mixin.json:BlockStateBaseMixin from mod ferritecore->@Inject::cacheStateTail(Lorg/spongepowered/asm/mixin/injection/callback/CallbackInfo;)V doesn't use it's CallbackInfo
[19:38:34] [main/DEBUG] (FabricLoader/Mixin) ferritecore.blockstatecache.mixin.json:BlockStateBaseMixin from mod ferritecore->@Inject::cacheStateTail(Lorg/spongepowered/asm/mixin/injection/callback/CallbackInfo;)V has 0 override(s) in child classes
[19:38:34] [main/DEBUG] (FabricLoader/Mixin) ferritecore.blockstatecache.mixin.json:BlockStateBaseMixin from mod ferritecore->@Inject::cacheStateTail(Lorg/spongepowered/asm/mixin/injection/callback/CallbackInfo;)V won't be passed a CallbackInfo as a result
[19:38:34] [main/DEBUG] (FabricLoader/Mixin) Mixing alloc.chunk_random.LevelMixin from lithium.mixins.json into net.minecraft.world.level.Level
[19:38:34] [main/DEBUG] (FabricLoader/Mixin) Mixing entity.collisions.intersection.LevelMixin from lithium.mixins.json into net.minecraft.world.level.Level
[19:38:34] [main/DEBUG] (FabricLoader/Mixin) Mixing entity.collisions.unpushable_cramming.LevelMixin from lithium.mixins.json into net.minecraft.world.level.Level
[19:38:34] [main/DEBUG] (FabricLoader/Mixin) Mixing minimal_nonvanilla.collisions.empty_space.LevelMixin from lithium.mixins.json into net.minecraft.world.level.Level
[19:38:34] [main/DEBUG] (FabricLoader/Mixin) Renaming synthetic method lambda$findFreePosition$0(Lnet/minecraft/world/level/border/WorldBorder;Lnet/minecraft/world/phys/shapes/VoxelShape;)Z to mdb752e4$lithium$lambda$findFreePosition$0$0 in lithium.mixins.json:minimal_nonvanilla.collisions.empty_space.LevelMixin from mod lithium
[19:38:34] [main/DEBUG] (FabricLoader/Mixin) Mixing util.accessors.LevelAccessor from lithium.mixins.json into net.minecraft.world.level.Level
[19:38:34] [main/DEBUG] (FabricLoader/Mixin) Mixing util.block_entity_retrieval.LevelMixin from lithium.mixins.json into net.minecraft.world.level.Level
[19:38:34] [main/DEBUG] (FabricLoader/Mixin) Mixing util.data_storage.LevelMixin from lithium.mixins.json into net.minecraft.world.level.Level
[19:38:34] [main/DEBUG] (FabricLoader/Mixin) Mixing world.block_entity_ticking.chunk_tickable.LevelMixin from lithium.mixins.json into net.minecraft.world.level.Level
[19:38:34] [main/DEBUG] (FabricLoader/Mixin) Mixing world.block_entity_ticking.sleeping.LevelMixin from lithium.mixins.json into net.minecraft.world.level.Level
[19:38:34] [main/DEBUG] (FabricLoader/Mixin) Mixing world.chunk_access.LevelMixin from lithium.mixins.json into net.minecraft.world.level.Level
[19:38:34] [main/DEBUG] (FabricLoader/Mixin) Mixing world.inline_block_access.LevelMixin from lithium.mixins.json into net.minecraft.world.level.Level
[19:38:34] [main/DEBUG] (FabricLoader/Mixin) Mixing world.inline_height.LevelMixin from lithium.mixins.json into net.minecraft.world.level.Level
[19:38:34] [main/DEBUG] (FabricLoader/Mixin) Mixing block.hopper.LevelMixin from lithium-fabric.mixins.json into net.minecraft.world.level.Level
[19:38:34] [main/DEBUG] (FabricLoader/Mixin) Mixing LevelMixin from fabric-lifecycle-events-v1.mixins.json into net.minecraft.world.level.Level
[19:38:34] [main/DEBUG] (FabricLoader/Mixin) Mixing AttachmentTargetsMixin from fabric-data-attachment-api-v1.mixins.json into net.minecraft.world.level.Level
[19:38:34] [main/DEBUG] (FabricLoader/Mixin) Mixing LevelMixin from fabric-data-attachment-api-v1.mixins.json into net.minecraft.world.level.Level
[19:38:34] [main/DEBUG] (FabricLoader/Mixin) lithium.mixins.json:util.data_storage.LevelMixin from mod lithium->@Inject::initLithiumData(Lnet/minecraft/world/level/storage/WritableLevelData;Lnet/minecraft/resources/ResourceKey;Lnet/minecraft/core/RegistryAccess;Lnet/minecraft/core/Holder;ZZJILorg/spongepowered/asm/mixin/injection/callback/CallbackInfo;)V doesn't use it's CallbackInfo
[19:38:34] [main/DEBUG] (FabricLoader/Mixin) lithium.mixins.json:util.data_storage.LevelMixin from mod lithium->@Inject::initLithiumData(Lnet/minecraft/world/level/storage/WritableLevelData;Lnet/minecraft/resources/ResourceKey;Lnet/minecraft/core/RegistryAccess;Lnet/minecraft/core/Holder;ZZJILorg/spongepowered/asm/mixin/injection/callback/CallbackInfo;)V has 0 override(s) in child classes
[19:38:34] [main/DEBUG] (FabricLoader/Mixin) lithium.mixins.json:util.data_storage.LevelMixin from mod lithium->@Inject::initLithiumData(Lnet/minecraft/world/level/storage/WritableLevelData;Lnet/minecraft/resources/ResourceKey;Lnet/minecraft/core/RegistryAccess;Lnet/minecraft/core/Holder;ZZJILorg/spongepowered/asm/mixin/injection/callback/CallbackInfo;)V won't be passed a CallbackInfo as a result
[19:38:34] [main/DEBUG] (FabricLoader/Mixin) lithium.mixins.json:world.inline_height.LevelMixin from mod lithium->@Inject::initHeightCache(Lnet/minecraft/world/level/storage/WritableLevelData;Lnet/minecraft/resources/ResourceKey;Lnet/minecraft/core/RegistryAccess;Lnet/minecraft/core/Holder;ZZJILorg/spongepowered/asm/mixin/injection/callback/CallbackInfo;)V doesn't use it's CallbackInfo
[19:38:34] [main/DEBUG] (FabricLoader/Mixin) lithium.mixins.json:world.inline_height.LevelMixin from mod lithium->@Inject::initHeightCache(Lnet/minecraft/world/level/storage/WritableLevelData;Lnet/minecraft/resources/ResourceKey;Lnet/minecraft/core/RegistryAccess;Lnet/minecraft/core/Holder;ZZJILorg/spongepowered/asm/mixin/injection/callback/CallbackInfo;)V has 0 override(s) in child classes
[19:38:34] [main/DEBUG] (FabricLoader/Mixin) lithium.mixins.json:world.inline_height.LevelMixin from mod lithium->@Inject::initHeightCache(Lnet/minecraft/world/level/storage/WritableLevelData;Lnet/minecraft/resources/ResourceKey;Lnet/minecraft/core/RegistryAccess;Lnet/minecraft/core/Holder;ZZJILorg/spongepowered/asm/mixin/injection/callback/CallbackInfo;)V won't be passed a CallbackInfo as a result
[19:38:34] [main/DEBUG] (FabricLoader/Mixin) lithium-fabric.mixins.json:block.hopper.LevelMixin from mod lithium->@Inject::updateHopperOnUpdateSuppression(Lnet/minecraft/core/BlockPos;Lnet/minecraft/world/level/block/state/BlockState;IILorg/spongepowered/asm/mixin/injection/callback/CallbackInfoReturnable;)V doesn't use it's CallbackInfoReturnable
[19:38:34] [main/DEBUG] (FabricLoader/Mixin) lithium-fabric.mixins.json:block.hopper.LevelMixin from mod lithium->@Inject::updateHopperOnUpdateSuppression(Lnet/minecraft/core/BlockPos;Lnet/minecraft/world/level/block/state/BlockState;IILorg/spongepowered/asm/mixin/injection/callback/CallbackInfoReturnable;)V has 0 override(s) in child classes
[19:38:34] [main/DEBUG] (FabricLoader/Mixin) lithium-fabric.mixins.json:block.hopper.LevelMixin from mod lithium->@Inject::updateHopperOnUpdateSuppression(Lnet/minecraft/core/BlockPos;Lnet/minecraft/world/level/block/state/BlockState;IILorg/spongepowered/asm/mixin/injection/callback/CallbackInfoReturnable;)V won't be passed a CallbackInfoReturnable as a result
[19:38:34] [main/DEBUG] (FabricLoader/Mixin) Mixing entity.collisions.intersection.EntityGetterMixin from lithium.mixins.json into net.minecraft.world.level.EntityGetter
[19:38:34] [main/DEBUG] (FabricLoader/Mixin) Mixing util.chunk_access.LevelReaderMixin from lithium.mixins.json into net.minecraft.world.level.LevelReader
[19:38:34] [main/DEBUG] (FabricLoader/Mixin) Mixing LevelReaderMixin from fabric-block-view-api-v2.mixins.json into net.minecraft.world.level.LevelReader
[19:38:34] [main/DEBUG] (FabricLoader/Mixin) Mixing alloc.chunk_random.ServerLevelMixin from lithium.mixins.json into net.minecraft.server.level.ServerLevel
[19:38:34] [main/DEBUG] (FabricLoader/Mixin) Mixing entity.inactive_navigations.ServerLevelMixin from lithium.mixins.json into net.minecraft.server.level.ServerLevel
[19:38:34] [main/DEBUG] (FabricLoader/Mixin) Discarding sythetic bridge method synthetic in environmentAttributes because existing method in lithium.mixins.json:entity.inactive_navigations.ServerLevelMixin from mod lithium is compatible
[19:38:34] [main/DEBUG] (FabricLoader/Mixin) Mixing minimal_nonvanilla.spawning.ServerLevelAccessor from lithium.mixins.json into net.minecraft.server.level.ServerLevel
[19:38:34] [main/DEBUG] (FabricLoader/Mixin) Mixing util.accessors.ServerLevelAccessor from lithium.mixins.json into net.minecraft.server.level.ServerLevel
[19:38:34] [main/DEBUG] (FabricLoader/Mixin) Mixing util.entity_movement_tracking.ServerLevelAccessor from lithium.mixins.json into net.minecraft.server.level.ServerLevel
[19:38:34] [main/DEBUG] (FabricLoader/Mixin) Mixing world.block_entity_ticking.sleeping.ServerLevelMixin from lithium.mixins.json into net.minecraft.server.level.ServerLevel
[19:38:34] [main/DEBUG] (FabricLoader/Mixin) Mixing world.chunk_ticking.precipitation.ServerLevelMixin from lithium.mixins.json into net.minecraft.server.level.ServerLevel
[19:38:34] [main/DEBUG] (FabricLoader/Mixin) Discarding sythetic bridge method synthetic in environmentAttributes because existing method in lithium.mixins.json:world.chunk_ticking.precipitation.ServerLevelMixin from mod lithium is compatible
[19:38:34] [main/DEBUG] (FabricLoader/Mixin) Discarding sythetic bridge method synthetic in getChunk because existing method in lithium.mixins.json:world.chunk_ticking.precipitation.ServerLevelMixin from mod lithium is compatible
[19:38:34] [main/DEBUG] (FabricLoader/Mixin) Mixing world.chunk_ticking.random_block_ticking.ServerLevelMixin from lithium.mixins.json into net.minecraft.server.level.ServerLevel
[19:38:34] [main/DEBUG] (FabricLoader/Mixin) Discarding sythetic bridge method synthetic in environmentAttributes because existing method in lithium.mixins.json:world.chunk_ticking.random_block_ticking.ServerLevelMixin from mod lithium is compatible
[19:38:34] [main/DEBUG] (FabricLoader/Mixin) Discarding sythetic bridge method synthetic in getChunk because existing method in lithium.mixins.json:world.chunk_ticking.random_block_ticking.ServerLevelMixin from mod lithium is compatible
[19:38:34] [main/DEBUG] (FabricLoader/Mixin) Mixing PreventSpawningMixin from djs-fixed-progression.mixins.json into net.minecraft.server.level.ServerLevel
[19:38:34] [main/DEBUG] (FabricLoader/Mixin) Mixing ServerLevelMixin from djs-fixed-progression.mixins.json into net.minecraft.server.level.ServerLevel
[19:38:34] [main/DEBUG] (FabricLoader/Mixin) Mixing ServerLevelMixin from fabric-lifecycle-events-v1.mixins.json into net.minecraft.server.level.ServerLevel
[19:38:34] [main/DEBUG] (FabricLoader/Mixin) Mixing ServerLevelMixin from fabric-data-attachment-api-v1.mixins.json into net.minecraft.server.level.ServerLevel
[19:38:34] [main/DEBUG] (FabricLoader/Mixin) Discarding sythetic bridge method synthetic in environmentAttributes because existing method in fabric-data-attachment-api-v1.mixins.json:ServerLevelMixin from mod fabric-data-attachment-api-v1 is compatible
[19:38:34] [main/DEBUG] (FabricLoader/Mixin) Discarding sythetic bridge method synthetic in getChunk because existing method in fabric-data-attachment-api-v1.mixins.json:ServerLevelMixin from mod fabric-data-attachment-api-v1 is compatible
[19:38:34] [main/DEBUG] (FabricLoader/Mixin) Renaming synthetic method lambda$fabric_syncChange$1(Lnet/fabricmc/fabric/api/attachment/v1/AttachmentType;Lnet/fabricmc/fabric/impl/attachment/sync/AttachmentChange;Lnet/minecraft/server/level/ServerPlayer;)V to mdb752e4$fabric-data-attachment-api-v1$lambda$fabric_syncChange$1$0 in fabric-data-attachment-api-v1.mixins.json:ServerLevelMixin from mod fabric-data-attachment-api-v1
[19:38:34] [main/DEBUG] (FabricLoader/Mixin) Renaming synthetic method lambda$createAttachmentsPersistentState$0(Lnet/minecraft/server/level/ServerLevel;)Lnet/fabricmc/fabric/impl/attachment/AttachmentPersistentState; to mdb752e4$fabric-data-attachment-api-v1$lambda$createAttachmentsPersistentState$0$1 in fabric-data-attachment-api-v1.mixins.json:ServerLevelMixin from mod fabric-data-attachment-api-v1
[19:38:34] [main/DEBUG] (FabricLoader/Mixin) Mixing ServerLevelMixin from fabric-api-lookup-api-v1.mixins.json into net.minecraft.server.level.ServerLevel
[19:38:34] [main/DEBUG] (FabricLoader/Mixin) Renaming synthetic method lambda$fabric_invalidateCache$5(Ljava/util/Map$Entry;)Z to mdb752e4$fabric-api-lookup-api-v1$lambda$fabric_invalidateCache$5$2 in fabric-api-lookup-api-v1.mixins.json:ServerLevelMixin from mod fabric-api-lookup-api-v1
[19:38:34] [main/DEBUG] (FabricLoader/Mixin) Renaming synthetic method lambda$fabric_invalidateCache$4(Ljava/lang/ref/WeakReference;)Z to mdb752e4$fabric-api-lookup-api-v1$lambda$fabric_invalidateCache$4$3 in fabric-api-lookup-api-v1.mixins.json:ServerLevelMixin from mod fabric-api-lookup-api-v1
[19:38:34] [main/DEBUG] (FabricLoader/Mixin) Renaming synthetic method lambda$fabric_invalidateCache$3(Ljava/lang/ref/WeakReference;)V to mdb752e4$fabric-api-lookup-api-v1$lambda$fabric_invalidateCache$3$4 in fabric-api-lookup-api-v1.mixins.json:ServerLevelMixin from mod fabric-api-lookup-api-v1
[19:38:34] [main/DEBUG] (FabricLoader/Mixin) Renaming synthetic method lambda$fabric_invalidateCache$2(Ljava/lang/ref/WeakReference;)Z to mdb752e4$fabric-api-lookup-api-v1$lambda$fabric_invalidateCache$2$5 in fabric-api-lookup-api-v1.mixins.json:ServerLevelMixin from mod fabric-api-lookup-api-v1
[19:38:34] [main/DEBUG] (FabricLoader/Mixin) Renaming synthetic method lambda$fabric_registerCache$1(Ljava/lang/ref/WeakReference;)Z to mdb752e4$fabric-api-lookup-api-v1$lambda$fabric_registerCache$1$6 in fabric-api-lookup-api-v1.mixins.json:ServerLevelMixin from mod fabric-api-lookup-api-v1
[19:38:34] [main/DEBUG] (FabricLoader/Mixin) Renaming synthetic method lambda$fabric_registerCache$0(Lnet/minecraft/core/BlockPos;)Ljava/util/List; to mdb752e4$fabric-api-lookup-api-v1$lambda$fabric_registerCache$0$7 in fabric-api-lookup-api-v1.mixins.json:ServerLevelMixin from mod fabric-api-lookup-api-v1
[19:38:34] [main/DEBUG] (FabricLoader/Mixin) lithium.mixins.json:entity.inactive_navigations.ServerLevelMixin from mod lithium->@Inject::init(Lnet/minecraft/server/MinecraftServer;Ljava/util/concurrent/Executor;Lnet/minecraft/world/level/storage/LevelStorageSource$LevelStorageAccess;Lnet/minecraft/world/level/storage/ServerLevelData;Lnet/minecraft/resources/ResourceKey;Lnet/minecraft/world/level/dimension/LevelStem;ZJLjava/util/List;ZLnet/minecraft/world/RandomSequences;Lorg/spongepowered/asm/mixin/injection/callback/CallbackInfo;)V doesn't use it's CallbackInfo
[19:38:34] [main/DEBUG] (FabricLoader/Mixin) lithium.mixins.json:entity.inactive_navigations.ServerLevelMixin from mod lithium->@Inject::init(Lnet/minecraft/server/MinecraftServer;Ljava/util/concurrent/Executor;Lnet/minecraft/world/level/storage/LevelStorageSource$LevelStorageAccess;Lnet/minecraft/world/level/storage/ServerLevelData;Lnet/minecraft/resources/ResourceKey;Lnet/minecraft/world/level/dimension/LevelStem;ZJLjava/util/List;ZLnet/minecraft/world/RandomSequences;Lorg/spongepowered/asm/mixin/injection/callback/CallbackInfo;)V has 0 override(s) in child classes
[19:38:34] [main/DEBUG] (FabricLoader/Mixin) lithium.mixins.json:entity.inactive_navigations.ServerLevelMixin from mod lithium->@Inject::init(Lnet/minecraft/server/MinecraftServer;Ljava/util/concurrent/Executor;Lnet/minecraft/world/level/storage/LevelStorageSource$LevelStorageAccess;Lnet/minecraft/world/level/storage/ServerLevelData;Lnet/minecraft/resources/ResourceKey;Lnet/minecraft/world/level/dimension/LevelStem;ZJLjava/util/List;ZLnet/minecraft/world/RandomSequences;Lorg/spongepowered/asm/mixin/injection/callback/CallbackInfo;)V won't be passed a CallbackInfo as a result
[19:38:34] [main/DEBUG] (FabricLoader/Mixin) lithium.mixins.json:entity.inactive_navigations.ServerLevelMixin from mod lithium->@Inject::updateActiveListeners(Lnet/minecraft/core/BlockPos;Lnet/minecraft/world/level/block/state/BlockState;Lnet/minecraft/world/level/block/state/BlockState;ILorg/spongepowered/asm/mixin/injection/callback/CallbackInfo;Lnet/minecraft/world/phys/shapes/VoxelShape;Lnet/minecraft/world/phys/shapes/VoxelShape;Ljava/util/List;)V doesn't use it's CallbackInfo
[19:38:34] [main/DEBUG] (FabricLoader/Mixin) lithium.mixins.json:entity.inactive_navigations.ServerLevelMixin from mod lithium->@Inject::updateActiveListeners(Lnet/minecraft/core/BlockPos;Lnet/minecraft/world/level/block/state/BlockState;Lnet/minecraft/world/level/block/state/BlockState;ILorg/spongepowered/asm/mixin/injection/callback/CallbackInfo;Lnet/minecraft/world/phys/shapes/VoxelShape;Lnet/minecraft/world/phys/shapes/VoxelShape;Ljava/util/List;)V has 0 override(s) in child classes
[19:38:34] [main/DEBUG] (FabricLoader/Mixin) lithium.mixins.json:entity.inactive_navigations.ServerLevelMixin from mod lithium->@Inject::updateActiveListeners(Lnet/minecraft/core/BlockPos;Lnet/minecraft/world/level/block/state/BlockState;Lnet/minecraft/world/level/block/state/BlockState;ILorg/spongepowered/asm/mixin/injection/callback/CallbackInfo;Lnet/minecraft/world/phys/shapes/VoxelShape;Lnet/minecraft/world/phys/shapes/VoxelShape;Ljava/util/List;)V won't be passed a CallbackInfo as a result
[19:38:34] [main/DEBUG] (FabricLoader/Mixin) lithium.mixins.json:world.chunk_ticking.precipitation.ServerLevelMixin from mod lithium->@Inject::skipIfAllBiomesDoNotCreateIceOrSnowAtPos(Lnet/minecraft/core/BlockPos;Lorg/spongepowered/asm/mixin/injection/callback/CallbackInfo;)V does use it's CallbackInfo
[19:38:34] [main/DEBUG] (FabricLoader/Mixin) djs-fixed-progression.mixins.json:PreventSpawningMixin from mod djs-fixed-progression->@Inject::blockHostileMobSpawns(Lnet/minecraft/world/entity/Entity;Lorg/spongepowered/asm/mixin/injection/callback/CallbackInfoReturnable;)V does use it's CallbackInfoReturnable
[19:38:34] [main/DEBUG] (FabricLoader/Mixin) djs-fixed-progression.mixins.json:ServerLevelMixin from mod djs-fixed-progression->@Inject::startWorldLateInDay(Lorg/spongepowered/asm/mixin/injection/callback/CallbackInfo;)V doesn't use it's CallbackInfo
[19:38:34] [main/DEBUG] (FabricLoader/Mixin) djs-fixed-progression.mixins.json:ServerLevelMixin from mod djs-fixed-progression->@Inject::startWorldLateInDay(Lorg/spongepowered/asm/mixin/injection/callback/CallbackInfo;)V has 0 override(s) in child classes
[19:38:34] [main/DEBUG] (FabricLoader/Mixin) djs-fixed-progression.mixins.json:ServerLevelMixin from mod djs-fixed-progression->@Inject::startWorldLateInDay(Lorg/spongepowered/asm/mixin/injection/callback/CallbackInfo;)V won't be passed a CallbackInfo as a result
[19:38:34] [main/DEBUG] (FabricLoader/Mixin) fabric-lifecycle-events-v1.mixins.json:ServerLevelMixin from mod fabric-lifecycle-events-v1->@Inject::startWorldTick(Ljava/util/function/BooleanSupplier;Lorg/spongepowered/asm/mixin/injection/callback/CallbackInfo;)V doesn't use it's CallbackInfo
[19:38:34] [main/DEBUG] (FabricLoader/Mixin) fabric-lifecycle-events-v1.mixins.json:ServerLevelMixin from mod fabric-lifecycle-events-v1->@Inject::startWorldTick(Ljava/util/function/BooleanSupplier;Lorg/spongepowered/asm/mixin/injection/callback/CallbackInfo;)V has 0 override(s) in child classes
[19:38:34] [main/DEBUG] (FabricLoader/Mixin) fabric-lifecycle-events-v1.mixins.json:ServerLevelMixin from mod fabric-lifecycle-events-v1->@Inject::startWorldTick(Ljava/util/function/BooleanSupplier;Lorg/spongepowered/asm/mixin/injection/callback/CallbackInfo;)V won't be passed a CallbackInfo as a result
[19:38:34] [main/DEBUG] (FabricLoader/Mixin) fabric-lifecycle-events-v1.mixins.json:ServerLevelMixin from mod fabric-lifecycle-events-v1->@Inject::endWorldTick(Ljava/util/function/BooleanSupplier;Lorg/spongepowered/asm/mixin/injection/callback/CallbackInfo;)V doesn't use it's CallbackInfo
[19:38:34] [main/DEBUG] (FabricLoader/Mixin) fabric-lifecycle-events-v1.mixins.json:ServerLevelMixin from mod fabric-lifecycle-events-v1->@Inject::endWorldTick(Ljava/util/function/BooleanSupplier;Lorg/spongepowered/asm/mixin/injection/callback/CallbackInfo;)V has 0 override(s) in child classes
[19:38:34] [main/DEBUG] (FabricLoader/Mixin) fabric-lifecycle-events-v1.mixins.json:ServerLevelMixin from mod fabric-lifecycle-events-v1->@Inject::endWorldTick(Ljava/util/function/BooleanSupplier;Lorg/spongepowered/asm/mixin/injection/callback/CallbackInfo;)V won't be passed a CallbackInfo as a result
[19:38:34] [main/DEBUG] (FabricLoader/Mixin) fabric-data-attachment-api-v1.mixins.json:ServerLevelMixin from mod fabric-data-attachment-api-v1->@Inject::createAttachmentsPersistentState(Lorg/spongepowered/asm/mixin/injection/callback/CallbackInfo;)V doesn't use it's CallbackInfo
[19:38:34] [main/DEBUG] (FabricLoader/Mixin) fabric-data-attachment-api-v1.mixins.json:ServerLevelMixin from mod fabric-data-attachment-api-v1->@Inject::createAttachmentsPersistentState(Lorg/spongepowered/asm/mixin/injection/callback/CallbackInfo;)V has 0 override(s) in child classes
[19:38:34] [main/DEBUG] (FabricLoader/Mixin) fabric-data-attachment-api-v1.mixins.json:ServerLevelMixin from mod fabric-data-attachment-api-v1->@Inject::createAttachmentsPersistentState(Lorg/spongepowered/asm/mixin/injection/callback/CallbackInfo;)V won't be passed a CallbackInfo as a result
[19:38:34] [main/DEBUG] (FabricLoader/Mixin) Unexpected: Registered method getEntityManager()Lnet/minecraft/world/level/entity/PersistentEntitySectionManager; in net.minecraft.server.level.ServerLevel was not merged
[19:38:34] [main/DEBUG] (FabricLoader/Mixin) Unexpected: Registered method getEntityManager()Lnet/minecraft/world/level/entity/PersistentEntitySectionManager; in net.minecraft.server.level.ServerLevel was not merged
[19:38:34] [main/DEBUG] (FabricLoader/Mixin) Mixing util.accessors.ItemEntityAccessor from lithium.mixins.json into net.minecraft.world.entity.item.ItemEntity
[19:38:34] [main/DEBUG] (FabricLoader/Mixin) Mixing util.item_component_and_count_tracking.ItemEntityMixin from lithium.mixins.json into net.minecraft.world.entity.item.ItemEntity
[19:38:34] [main/DEBUG] (FabricLoader/Mixin) lithium.mixins.json:util.item_component_and_count_tracking.ItemEntityMixin from mod lithium->@Inject::beforeSetStack(Lnet/minecraft/world/item/ItemStack;Lorg/spongepowered/asm/mixin/injection/callback/CallbackInfo;)V doesn't use it's CallbackInfo
[19:38:34] [main/DEBUG] (FabricLoader/Mixin) lithium.mixins.json:util.item_component_and_count_tracking.ItemEntityMixin from mod lithium->@Inject::beforeSetStack(Lnet/minecraft/world/item/ItemStack;Lorg/spongepowered/asm/mixin/injection/callback/CallbackInfo;)V has 0 override(s) in child classes
[19:38:34] [main/DEBUG] (FabricLoader/Mixin) lithium.mixins.json:util.item_component_and_count_tracking.ItemEntityMixin from mod lithium->@Inject::beforeSetStack(Lnet/minecraft/world/item/ItemStack;Lorg/spongepowered/asm/mixin/injection/callback/CallbackInfo;)V won't be passed a CallbackInfo as a result
[19:38:34] [main/DEBUG] (FabricLoader/Mixin) Mixing math.fast_blockpos.DirectionMixin from lithium.mixins.json into net.minecraft.core.Direction
[19:38:34] [main/DEBUG] (FabricLoader/Mixin) Mixing math.fast_util.DirectionMixin from lithium.mixins.json into net.minecraft.core.Direction
[19:38:34] [main/DEBUG] (FabricLoader/Mixin) lithium.mixins.json:math.fast_blockpos.DirectionMixin from mod lithium->@Inject::reinit(Ljava/lang/String;IIIILjava/lang/String;Lnet/minecraft/core/Direction$AxisDirection;Lnet/minecraft/core/Direction$Axis;Lnet/minecraft/core/Vec3i;Lorg/spongepowered/asm/mixin/injection/callback/CallbackInfo;)V doesn't use it's CallbackInfo
[19:38:34] [main/DEBUG] (FabricLoader/Mixin) Mixing IdMapperMixin from fabric-registry-sync-v0.mixins.json into net.minecraft.core.IdMapper
[19:38:34] [main/DEBUG] (FabricLoader/Mixin) Renaming synthetic method lambda$fabric_remapIds$0(Lit/unimi/dsi/fastutil/ints/Int2IntMap;Ljava/lang/Object;Ljava/lang/Integer;)Ljava/lang/Integer; to mdb752e4$fabric-registry-sync-v0$lambda$fabric_remapIds$0$0 in fabric-registry-sync-v0.mixins.json:IdMapperMixin from mod fabric-registry-sync-v0
[19:38:34] [main/DEBUG] (FabricLoader/Mixin) Mixing block.moving_block_shapes.VoxelShapeMixin from lithium.mixins.json into net.minecraft.world.phys.shapes.VoxelShape
[19:38:34] [main/DEBUG] (FabricLoader/Mixin) Mixing shapes.specialized_shapes.VoxelShapeMixin from lithium.mixins.json into net.minecraft.world.phys.shapes.VoxelShape
[19:38:34] [main/DEBUG] (FabricLoader/Mixin) Mixing VoxelShapeAccess from ferritecore.accessors.mixin.json into net.minecraft.world.phys.shapes.VoxelShape
[19:38:34] [main/DEBUG] (FabricLoader/Mixin) ferritecore.accessors.mixin.json:VoxelShapeAccess from mod ferritecore: Class version 65 required is higher than the class version supported by the current version of Mixin (JAVA_17 supports class version 61)
[19:38:34] [main/DEBUG] (FabricLoader/Mixin) Mixing shapes.optimized_matching.ShapesMixin from lithium.mixins.json into net.minecraft.world.phys.shapes.Shapes
[19:38:34] [main/DEBUG] (FabricLoader/Mixin) Mixing shapes.shape_merging.ShapesMixin from lithium.mixins.json into net.minecraft.world.phys.shapes.Shapes
[19:38:34] [main/DEBUG] (FabricLoader/Mixin) Mixing shapes.specialized_shapes.ShapesMixin from lithium.mixins.json into net.minecraft.world.phys.shapes.Shapes
[19:38:34] [main/DEBUG] (FabricLoader/Mixin) lithium.mixins.json:shapes.optimized_matching.ShapesMixin from mod lithium->@Inject::cuboidMatchesAnywhere(Lnet/minecraft/world/phys/shapes/VoxelShape;Lnet/minecraft/world/phys/shapes/VoxelShape;Lnet/minecraft/world/phys/shapes/BooleanOp;Lorg/spongepowered/asm/mixin/injection/callback/CallbackInfoReturnable;)V does use it's CallbackInfoReturnable
[19:38:34] [main/DEBUG] (FabricLoader/Mixin) lithium.mixins.json:shapes.shape_merging.ShapesMixin from mod lithium->@Inject::injectCustomListPair(ILit/unimi/dsi/fastutil/doubles/DoubleList;Lit/unimi/dsi/fastutil/doubles/DoubleList;ZZLorg/spongepowered/asm/mixin/injection/callback/CallbackInfoReturnable;)V does use it's CallbackInfoReturnable
[19:38:34] [main/DEBUG] (FabricLoader/Mixin) Mixing DiscreteVSAccess from ferritecore.accessors.mixin.json into net.minecraft.world.phys.shapes.DiscreteVoxelShape
[19:38:34] [main/DEBUG] (FabricLoader/Mixin) ferritecore.accessors.mixin.json:DiscreteVSAccess from mod ferritecore: Class version 65 required is higher than the class version supported by the current version of Mixin (JAVA_17 supports class version 61)
[19:38:34] [main/DEBUG] (FabricLoader/Mixin) Mixing minimal_nonvanilla.collisions.empty_space.BitSetDiscreteVoxelShapeAccessor from lithium.mixins.json into net.minecraft.world.phys.shapes.BitSetDiscreteVoxelShape
[19:38:34] [main/DEBUG] (FabricLoader/Mixin) Mixing BitSetDVSAccess from ferritecore.accessors.mixin.json into net.minecraft.world.phys.shapes.BitSetDiscreteVoxelShape
[19:38:34] [main/DEBUG] (FabricLoader/Mixin) ferritecore.accessors.mixin.json:BitSetDVSAccess from mod ferritecore: Class version 65 required is higher than the class version supported by the current version of Mixin (JAVA_17 supports class version 61)
[19:38:34] [main/DEBUG] (FabricLoader/Mixin) Unexpected: Registered method getStorage()Ljava/util/BitSet; in net.minecraft.world.phys.shapes.BitSetDiscreteVoxelShape was not merged
[19:38:34] [main/DEBUG] (FabricLoader/Mixin) Mixing minimal_nonvanilla.collisions.empty_space.ArrayVoxelShapeInvoker from lithium.mixins.json into net.minecraft.world.phys.shapes.ArrayVoxelShape
[19:38:34] [main/DEBUG] (FabricLoader/Mixin) Renaming @Invoker method init(Lnet/minecraft/world/phys/shapes/DiscreteVoxelShape;Lit/unimi/dsi/fastutil/doubles/DoubleList;Lit/unimi/dsi/fastutil/doubles/DoubleList;Lit/unimi/dsi/fastutil/doubles/DoubleList;)Lnet/minecraft/world/phys/shapes/ArrayVoxelShape; to init$lithium_$md$b752e4$0 in lithium.mixins.json:minimal_nonvanilla.collisions.empty_space.ArrayVoxelShapeInvoker from mod lithium
[19:38:34] [main/DEBUG] (FabricLoader/Mixin) Mixing ArrayVSAccess from ferritecore.accessors.mixin.json into net.minecraft.world.phys.shapes.ArrayVoxelShape
[19:38:34] [main/DEBUG] (FabricLoader/Mixin) ferritecore.accessors.mixin.json:ArrayVSAccess from mod ferritecore: Class version 65 required is higher than the class version supported by the current version of Mixin (JAVA_17 supports class version 61)
[19:38:34] [main/DEBUG] (FabricLoader/Mixin) Mixing shapes.precompute_shape_arrays.CubeVoxelShapeMixin from lithium.mixins.json into net.minecraft.world.phys.shapes.CubeVoxelShape
[19:38:34] [main/DEBUG] (FabricLoader/Mixin) lithium.mixins.json:shapes.precompute_shape_arrays.CubeVoxelShapeMixin from mod lithium->@Inject::onConstructed(Lnet/minecraft/world/phys/shapes/DiscreteVoxelShape;Lorg/spongepowered/asm/mixin/injection/callback/CallbackInfo;)V doesn't use it's CallbackInfo
[19:38:34] [main/DEBUG] (FabricLoader/Mixin) Mixing SliceShapeAccess from ferritecore.accessors.mixin.json into net.minecraft.world.phys.shapes.SliceShape
[19:38:34] [main/DEBUG] (FabricLoader/Mixin) ferritecore.accessors.mixin.json:SliceShapeAccess from mod ferritecore: Class version 65 required is higher than the class version supported by the current version of Mixin (JAVA_17 supports class version 61)
[19:38:34] [main/DEBUG] (FabricLoader/Mixin) Mixing shapes.precompute_shape_arrays.CubePointRangeMixin from lithium.mixins.json into net.minecraft.world.phys.shapes.CubePointRange
[19:38:34] [main/DEBUG] (FabricLoader/Mixin) lithium.mixins.json:shapes.precompute_shape_arrays.CubePointRangeMixin from mod lithium->@Inject::initScale(ILorg/spongepowered/asm/mixin/injection/callback/CallbackInfo;)V doesn't use it's CallbackInfo
[19:38:34] [main/DEBUG] (FabricLoader/Mixin) lithium.mixins.json:shapes.precompute_shape_arrays.CubePointRangeMixin from mod lithium->@Inject::initScale(ILorg/spongepowered/asm/mixin/injection/callback/CallbackInfo;)V has 0 override(s) in child classes
[19:38:34] [main/DEBUG] (FabricLoader/Mixin) lithium.mixins.json:shapes.precompute_shape_arrays.CubePointRangeMixin from mod lithium->@Inject::initScale(ILorg/spongepowered/asm/mixin/injection/callback/CallbackInfo;)V won't be passed a CallbackInfo as a result
[19:38:35] [main/DEBUG] (FabricLoader/Mixin) Mixing RegistryFriendlyByteBufMixin from fabric-networking-api-v1.mixins.json into net.minecraft.network.RegistryFriendlyByteBuf
[19:38:35] [main/DEBUG] (FabricLoader/Mixin) Mixing BlocksMixin from fabric-registry-sync-v0.mixins.json into net.minecraft.world.level.block.Blocks
[19:38:35] [main/DEBUG] (FabricLoader/Mixin) Renaming synthetic method lambda$initShapeCache$0(ILnet/minecraft/resources/Identifier;Lnet/minecraft/world/level/block/Block;)V to mdb752e4$fabric-registry-sync-v0$lambda$initShapeCache$0$0 in fabric-registry-sync-v0.mixins.json:BlocksMixin from mod fabric-registry-sync-v0
[19:38:35] [main/DEBUG] (FabricLoader/Mixin) fabric-registry-sync-v0.mixins.json:BlocksMixin from mod fabric-registry-sync-v0->@Inject::initShapeCache(Lorg/spongepowered/asm/mixin/injection/callback/CallbackInfo;)V doesn't use it's CallbackInfo
[19:38:35] [main/DEBUG] (FabricLoader/Mixin) Mixing WaterloggableInterfaceMixin from djs-fixed-progression.mixins.json into net.minecraft.world.level.block.ButtonBlock
[19:38:35] [main/DEBUG] (FabricLoader/Mixin) Mixing WaterloggableInterfaceMixin from djs-fixed-progression.mixins.json into net.minecraft.world.level.block.CarpetBlock
[19:38:35] [main/DEBUG] (FabricLoader/Mixin) Mixing BedBlockMixin from djs-fixed-progression.mixins.json into net.minecraft.world.level.block.BedBlock
[19:38:35] [main/DEBUG] (FabricLoader/Mixin) djs-fixed-progression.mixins.json:BedBlockMixin from mod djs-fixed-progression->@Inject::addWaterloggedProperty(Lnet/minecraft/world/level/block/state/StateDefinition$Builder;Lorg/spongepowered/asm/mixin/injection/callback/CallbackInfo;)V doesn't use it's CallbackInfo
[19:38:35] [main/DEBUG] (FabricLoader/Mixin) djs-fixed-progression.mixins.json:BedBlockMixin from mod djs-fixed-progression->@Inject::addWaterloggedProperty(Lnet/minecraft/world/level/block/state/StateDefinition$Builder;Lorg/spongepowered/asm/mixin/injection/callback/CallbackInfo;)V has 0 override(s) in child classes
[19:38:35] [main/DEBUG] (FabricLoader/Mixin) djs-fixed-progression.mixins.json:BedBlockMixin from mod djs-fixed-progression->@Inject::addWaterloggedProperty(Lnet/minecraft/world/level/block/state/StateDefinition$Builder;Lorg/spongepowered/asm/mixin/injection/callback/CallbackInfo;)V won't be passed a CallbackInfo as a result
[19:38:35] [main/DEBUG] (FabricLoader/Mixin) djs-fixed-progression.mixins.json:BedBlockMixin from mod djs-fixed-progression->@Inject::preserveBedHeadWater(Lnet/minecraft/world/level/Level;Lnet/minecraft/core/BlockPos;Lnet/minecraft/world/level/block/state/BlockState;Lnet/minecraft/world/entity/player/Player;Lorg/spongepowered/asm/mixin/injection/callback/CallbackInfoReturnable;)V doesn't use it's CallbackInfoReturnable
[19:38:35] [main/DEBUG] (FabricLoader/Mixin) djs-fixed-progression.mixins.json:BedBlockMixin from mod djs-fixed-progression->@Inject::preserveBedHeadWater(Lnet/minecraft/world/level/Level;Lnet/minecraft/core/BlockPos;Lnet/minecraft/world/level/block/state/BlockState;Lnet/minecraft/world/entity/player/Player;Lorg/spongepowered/asm/mixin/injection/callback/CallbackInfoReturnable;)V has 0 override(s) in child classes
[19:38:35] [main/DEBUG] (FabricLoader/Mixin) djs-fixed-progression.mixins.json:BedBlockMixin from mod djs-fixed-progression->@Inject::preserveBedHeadWater(Lnet/minecraft/world/level/Level;Lnet/minecraft/core/BlockPos;Lnet/minecraft/world/level/block/state/BlockState;Lnet/minecraft/world/entity/player/Player;Lorg/spongepowered/asm/mixin/injection/callback/CallbackInfoReturnable;)V won't be passed a CallbackInfoReturnable as a result
[19:38:35] [main/DEBUG] (FabricLoader/Mixin) djs-fixed-progression.mixins.json:BedBlockMixin from mod djs-fixed-progression->@Inject::scheduleWaterTick(Lnet/minecraft/world/level/block/state/BlockState;Lnet/minecraft/world/level/LevelReader;Lnet/minecraft/world/level/ScheduledTickAccess;Lnet/minecraft/core/BlockPos;Lnet/minecraft/core/Direction;Lnet/minecraft/core/BlockPos;Lnet/minecraft/world/level/block/state/BlockState;Lnet/minecraft/util/RandomSource;Lorg/spongepowered/asm/mixin/injection/callback/CallbackInfoReturnable;)V doesn't use it's CallbackInfoReturnable
[19:38:35] [main/DEBUG] (FabricLoader/Mixin) djs-fixed-progression.mixins.json:BedBlockMixin from mod djs-fixed-progression->@Inject::scheduleWaterTick(Lnet/minecraft/world/level/block/state/BlockState;Lnet/minecraft/world/level/LevelReader;Lnet/minecraft/world/level/ScheduledTickAccess;Lnet/minecraft/core/BlockPos;Lnet/minecraft/core/Direction;Lnet/minecraft/core/BlockPos;Lnet/minecraft/world/level/block/state/BlockState;Lnet/minecraft/util/RandomSource;Lorg/spongepowered/asm/mixin/injection/callback/CallbackInfoReturnable;)V has 0 override(s) in child classes
[19:38:35] [main/DEBUG] (FabricLoader/Mixin) djs-fixed-progression.mixins.json:BedBlockMixin from mod djs-fixed-progression->@Inject::scheduleWaterTick(Lnet/minecraft/world/level/block/state/BlockState;Lnet/minecraft/world/level/LevelReader;Lnet/minecraft/world/level/ScheduledTickAccess;Lnet/minecraft/core/BlockPos;Lnet/minecraft/core/Direction;Lnet/minecraft/core/BlockPos;Lnet/minecraft/world/level/block/state/BlockState;Lnet/minecraft/util/RandomSource;Lorg/spongepowered/asm/mixin/injection/callback/CallbackInfoReturnable;)V won't be passed a CallbackInfoReturnable as a result
[19:38:35] [main/DEBUG] (FabricLoader/Mixin) djs-fixed-progression.mixins.json:BedBlockMixin from mod djs-fixed-progression->@Inject::preserveWaterOnUpdate(Lnet/minecraft/world/level/block/state/BlockState;Lnet/minecraft/world/level/LevelReader;Lnet/minecraft/world/level/ScheduledTickAccess;Lnet/minecraft/core/BlockPos;Lnet/minecraft/core/Direction;Lnet/minecraft/core/BlockPos;Lnet/minecraft/world/level/block/state/BlockState;Lnet/minecraft/util/RandomSource;Lorg/spongepowered/asm/mixin/injection/callback/CallbackInfoReturnable;)V does use it's CallbackInfoReturnable
[19:38:35] [main/DEBUG] (FabricLoader/Mixin) djs-fixed-progression.mixins.json:BedBlockMixin from mod djs-fixed-progression->@Inject::preserveWaterOnUpdate(Lnet/minecraft/world/level/block/state/BlockState;Lnet/minecraft/world/level/LevelReader;Lnet/minecraft/world/level/ScheduledTickAccess;Lnet/minecraft/core/BlockPos;Lnet/minecraft/core/Direction;Lnet/minecraft/core/BlockPos;Lnet/minecraft/world/level/block/state/BlockState;Lnet/minecraft/util/RandomSource;Lorg/spongepowered/asm/mixin/injection/callback/CallbackInfoReturnable;)V does use it's CallbackInfoReturnable
[19:38:35] [main/DEBUG] (FabricLoader/Mixin) djs-fixed-progression.mixins.json:BedBlockMixin from mod djs-fixed-progression->@Inject::preserveWaterOnUpdate(Lnet/minecraft/world/level/block/state/BlockState;Lnet/minecraft/world/level/LevelReader;Lnet/minecraft/world/level/ScheduledTickAccess;Lnet/minecraft/core/BlockPos;Lnet/minecraft/core/Direction;Lnet/minecraft/core/BlockPos;Lnet/minecraft/world/level/block/state/BlockState;Lnet/minecraft/util/RandomSource;Lorg/spongepowered/asm/mixin/injection/callback/CallbackInfoReturnable;)V does use it's CallbackInfoReturnable
[19:38:35] [main/DEBUG] (FabricLoader/Mixin) Mixing MixinVegetationBlock from ali.mixins.json into net.minecraft.world.level.block.VegetationBlock
[19:38:35] [main/DEBUG] (FabricLoader/Mixin) Mixing InfestedBlockMixin from djs-fixed-progression.mixins.json into net.minecraft.world.level.block.InfestedBlock
[19:38:35] [main/DEBUG] (FabricLoader/Mixin) djs-fixed-progression.mixins.json:InfestedBlockMixin from mod djs-fixed-progression->@Inject::preventSilverfish(Lnet/minecraft/server/level/ServerLevel;Lnet/minecraft/core/BlockPos;Lorg/spongepowered/asm/mixin/injection/callback/CallbackInfo;)V does use it's CallbackInfo
[19:38:35] [main/DEBUG] (FabricLoader/Mixin) Mixing WeatheringCopperMixin from fabric-content-registries-v0.mixins.json into net.minecraft.world.level.block.WeatheringCopper
[19:38:35] [main/DEBUG] (FabricLoader/Mixin) fabric-content-registries-v0.mixins.json:WeatheringCopperMixin from mod fabric-content-registries-v0->@Inject::createOxidationLevelIncreasesMap(Lorg/spongepowered/asm/mixin/injection/callback/CallbackInfoReturnable;)V does use it's CallbackInfoReturnable
[19:38:35] [main/DEBUG] (FabricLoader/Mixin) Mixing ChangeOverTimeBlockMixin from djs-fixed-progression.mixins.json into net.minecraft.world.level.block.ChangeOverTimeBlock
[19:38:35] [main/DEBUG] (FabricLoader/Mixin) djs-fixed-progression.mixins.json:ChangeOverTimeBlockMixin from mod djs-fixed-progression->@Inject::preventOxidization(Lnet/minecraft/world/level/block/state/BlockState;Lnet/minecraft/server/level/ServerLevel;Lnet/minecraft/core/BlockPos;Lnet/minecraft/util/RandomSource;Lorg/spongepowered/asm/mixin/injection/callback/CallbackInfo;)V does use it's CallbackInfo
[19:38:35] [main/DEBUG] (FabricLoader/Mixin) Mixing DoorBlockMixin from djs-fixed-progression.mixins.json into net.minecraft.world.level.block.DoorBlock
[19:38:35] [main/DEBUG] (FabricLoader/Mixin) djs-fixed-progression.mixins.json:DoorBlockMixin from mod djs-fixed-progression->@Inject::addWaterloggedProperty(Lnet/minecraft/world/level/block/state/StateDefinition$Builder;Lorg/spongepowered/asm/mixin/injection/callback/CallbackInfo;)V doesn't use it's CallbackInfo
[19:38:35] [main/DEBUG] (FabricLoader/Mixin) djs-fixed-progression.mixins.json:DoorBlockMixin from mod djs-fixed-progression->@Inject::addWaterloggedProperty(Lnet/minecraft/world/level/block/state/StateDefinition$Builder;Lorg/spongepowered/asm/mixin/injection/callback/CallbackInfo;)V has 0 override(s) in child classes
[19:38:35] [main/DEBUG] (FabricLoader/Mixin) djs-fixed-progression.mixins.json:DoorBlockMixin from mod djs-fixed-progression->@Inject::addWaterloggedProperty(Lnet/minecraft/world/level/block/state/StateDefinition$Builder;Lorg/spongepowered/asm/mixin/injection/callback/CallbackInfo;)V won't be passed a CallbackInfo as a result
[19:38:35] [main/DEBUG] (FabricLoader/Mixin) djs-fixed-progression.mixins.json:DoorBlockMixin from mod djs-fixed-progression->@Inject::forceWaterloggedPlacement(Lnet/minecraft/world/item/context/BlockPlaceContext;Lorg/spongepowered/asm/mixin/injection/callback/CallbackInfoReturnable;)V does use it's CallbackInfoReturnable
[19:38:35] [main/DEBUG] (FabricLoader/Mixin) djs-fixed-progression.mixins.json:DoorBlockMixin from mod djs-fixed-progression->@Inject::forceWaterloggedPlacement(Lnet/minecraft/world/item/context/BlockPlaceContext;Lorg/spongepowered/asm/mixin/injection/callback/CallbackInfoReturnable;)V does use it's CallbackInfoReturnable
[19:38:35] [main/DEBUG] (FabricLoader/Mixin) djs-fixed-progression.mixins.json:DoorBlockMixin from mod djs-fixed-progression->@Inject::scheduleWaterTick(Lnet/minecraft/world/level/block/state/BlockState;Lnet/minecraft/world/level/LevelReader;Lnet/minecraft/world/level/ScheduledTickAccess;Lnet/minecraft/core/BlockPos;Lnet/minecraft/core/Direction;Lnet/minecraft/core/BlockPos;Lnet/minecraft/world/level/block/state/BlockState;Lnet/minecraft/util/RandomSource;Lorg/spongepowered/asm/mixin/injection/callback/CallbackInfoReturnable;)V doesn't use it's CallbackInfoReturnable
[19:38:35] [main/DEBUG] (FabricLoader/Mixin) djs-fixed-progression.mixins.json:DoorBlockMixin from mod djs-fixed-progression->@Inject::scheduleWaterTick(Lnet/minecraft/world/level/block/state/BlockState;Lnet/minecraft/world/level/LevelReader;Lnet/minecraft/world/level/ScheduledTickAccess;Lnet/minecraft/core/BlockPos;Lnet/minecraft/core/Direction;Lnet/minecraft/core/BlockPos;Lnet/minecraft/world/level/block/state/BlockState;Lnet/minecraft/util/RandomSource;Lorg/spongepowered/asm/mixin/injection/callback/CallbackInfoReturnable;)V has 0 override(s) in child classes
[19:38:35] [main/DEBUG] (FabricLoader/Mixin) djs-fixed-progression.mixins.json:DoorBlockMixin from mod djs-fixed-progression->@Inject::scheduleWaterTick(Lnet/minecraft/world/level/block/state/BlockState;Lnet/minecraft/world/level/LevelReader;Lnet/minecraft/world/level/ScheduledTickAccess;Lnet/minecraft/core/BlockPos;Lnet/minecraft/core/Direction;Lnet/minecraft/core/BlockPos;Lnet/minecraft/world/level/block/state/BlockState;Lnet/minecraft/util/RandomSource;Lorg/spongepowered/asm/mixin/injection/callback/CallbackInfoReturnable;)V won't be passed a CallbackInfoReturnable as a result
[19:38:35] [main/DEBUG] (FabricLoader/Mixin) djs-fixed-progression.mixins.json:DoorBlockMixin from mod djs-fixed-progression->@Inject::preserveWaterOnUpdate(Lnet/minecraft/world/level/block/state/BlockState;Lnet/minecraft/world/level/LevelReader;Lnet/minecraft/world/level/ScheduledTickAccess;Lnet/minecraft/core/BlockPos;Lnet/minecraft/core/Direction;Lnet/minecraft/core/BlockPos;Lnet/minecraft/world/level/block/state/BlockState;Lnet/minecraft/util/RandomSource;Lorg/spongepowered/asm/mixin/injection/callback/CallbackInfoReturnable;)V does use it's CallbackInfoReturnable
[19:38:35] [main/DEBUG] (FabricLoader/Mixin) djs-fixed-progression.mixins.json:DoorBlockMixin from mod djs-fixed-progression->@Inject::preserveWaterOnUpdate(Lnet/minecraft/world/level/block/state/BlockState;Lnet/minecraft/world/level/LevelReader;Lnet/minecraft/world/level/ScheduledTickAccess;Lnet/minecraft/core/BlockPos;Lnet/minecraft/core/Direction;Lnet/minecraft/core/BlockPos;Lnet/minecraft/world/level/block/state/BlockState;Lnet/minecraft/util/RandomSource;Lorg/spongepowered/asm/mixin/injection/callback/CallbackInfoReturnable;)V does use it's CallbackInfoReturnable
[19:38:35] [main/DEBUG] (FabricLoader/Mixin) djs-fixed-progression.mixins.json:DoorBlockMixin from mod djs-fixed-progression->@Inject::preserveWaterOnUpdate(Lnet/minecraft/world/level/block/state/BlockState;Lnet/minecraft/world/level/LevelReader;Lnet/minecraft/world/level/ScheduledTickAccess;Lnet/minecraft/core/BlockPos;Lnet/minecraft/core/Direction;Lnet/minecraft/core/BlockPos;Lnet/minecraft/world/level/block/state/BlockState;Lnet/minecraft/util/RandomSource;Lorg/spongepowered/asm/mixin/injection/callback/CallbackInfoReturnable;)V does use it's CallbackInfoReturnable
[19:38:35] [main/DEBUG] (FabricLoader/Mixin) djs-fixed-progression.mixins.json:DoorBlockMixin from mod djs-fixed-progression->@Inject::preserveWaterOnUpdate(Lnet/minecraft/world/level/block/state/BlockState;Lnet/minecraft/world/level/LevelReader;Lnet/minecraft/world/level/ScheduledTickAccess;Lnet/minecraft/core/BlockPos;Lnet/minecraft/core/Direction;Lnet/minecraft/core/BlockPos;Lnet/minecraft/world/level/block/state/BlockState;Lnet/minecraft/util/RandomSource;Lorg/spongepowered/asm/mixin/injection/callback/CallbackInfoReturnable;)V does use it's CallbackInfoReturnable
[19:38:35] [main/DEBUG] (FabricLoader/Mixin) djs-fixed-progression.mixins.json:DoorBlockMixin from mod djs-fixed-progression->@Inject::triggerWaterFlow(Lnet/minecraft/world/entity/Entity;Lnet/minecraft/world/level/Level;Lnet/minecraft/world/level/block/state/BlockState;Lnet/minecraft/core/BlockPos;ZLorg/spongepowered/asm/mixin/injection/callback/CallbackInfo;)V doesn't use it's CallbackInfo
[19:38:35] [main/DEBUG] (FabricLoader/Mixin) djs-fixed-progression.mixins.json:DoorBlockMixin from mod djs-fixed-progression->@Inject::triggerWaterFlow(Lnet/minecraft/world/entity/Entity;Lnet/minecraft/world/level/Level;Lnet/minecraft/world/level/block/state/BlockState;Lnet/minecraft/core/BlockPos;ZLorg/spongepowered/asm/mixin/injection/callback/CallbackInfo;)V has 0 override(s) in child classes
[19:38:35] [main/DEBUG] (FabricLoader/Mixin) djs-fixed-progression.mixins.json:DoorBlockMixin from mod djs-fixed-progression->@Inject::triggerWaterFlow(Lnet/minecraft/world/entity/Entity;Lnet/minecraft/world/level/Level;Lnet/minecraft/world/level/block/state/BlockState;Lnet/minecraft/core/BlockPos;ZLorg/spongepowered/asm/mixin/injection/callback/CallbackInfo;)V won't be passed a CallbackInfo as a result
[19:38:35] [main/DEBUG] (FabricLoader/Mixin) Mixing WaterloggableInterfaceMixin from djs-fixed-progression.mixins.json into net.minecraft.world.level.block.FenceGateBlock
[19:38:35] [main/DEBUG] (FabricLoader/Mixin) Mixing CampfireBlockMixin from djs-fixed-progression.mixins.json into net.minecraft.world.level.block.CampfireBlock
[19:38:35] [main/DEBUG] (FabricLoader/Mixin) djs-fixed-progression.mixins.json:CampfireBlockMixin from mod djs-fixed-progression->@Inject::unlitByDefault(ZILnet/minecraft/world/level/block/state/BlockBehaviour$Properties;Lorg/spongepowered/asm/mixin/injection/callback/CallbackInfo;)V doesn't use it's CallbackInfo
[19:38:35] [main/DEBUG] (FabricLoader/Mixin) djs-fixed-progression.mixins.json:CampfireBlockMixin from mod djs-fixed-progression->@Inject::unlitByDefault(ZILnet/minecraft/world/level/block/state/BlockBehaviour$Properties;Lorg/spongepowered/asm/mixin/injection/callback/CallbackInfo;)V has 0 override(s) in child classes
[19:38:35] [main/DEBUG] (FabricLoader/Mixin) djs-fixed-progression.mixins.json:CampfireBlockMixin from mod djs-fixed-progression->@Inject::unlitByDefault(ZILnet/minecraft/world/level/block/state/BlockBehaviour$Properties;Lorg/spongepowered/asm/mixin/injection/callback/CallbackInfo;)V won't be passed a CallbackInfo as a result
[19:38:35] [main/DEBUG] (FabricLoader/Mixin) djs-fixed-progression.mixins.json:CampfireBlockMixin from mod djs-fixed-progression->@Inject::unlitOnPlacement(Lnet/minecraft/world/item/context/BlockPlaceContext;Lorg/spongepowered/asm/mixin/injection/callback/CallbackInfoReturnable;)V does use it's CallbackInfoReturnable
[19:38:35] [main/DEBUG] (FabricLoader/Mixin) Mixing BannerBlockMixin from djs-fixed-progression.mixins.json into net.minecraft.world.level.block.WallBannerBlock
[19:38:35] [main/DEBUG] (FabricLoader/Mixin) djs-fixed-progression.mixins.json:BannerBlockMixin from mod djs-fixed-progression->@Inject::forceWaterloggedBannerPlacement(Lnet/minecraft/world/item/context/BlockPlaceContext;Lorg/spongepowered/asm/mixin/injection/callback/CallbackInfoReturnable;)V does use it's CallbackInfoReturnable
[19:38:35] [main/DEBUG] (FabricLoader/Mixin) djs-fixed-progression.mixins.json:BannerBlockMixin from mod djs-fixed-progression->@Inject::forceWaterloggedBannerPlacement(Lnet/minecraft/world/item/context/BlockPlaceContext;Lorg/spongepowered/asm/mixin/injection/callback/CallbackInfoReturnable;)V does use it's CallbackInfoReturnable
[19:38:35] [main/DEBUG] (FabricLoader/Mixin) Mixing WaterloggableInterfaceMixin from djs-fixed-progression.mixins.json into net.minecraft.world.level.block.AbstractBannerBlock
[19:38:35] [main/DEBUG] (FabricLoader/Mixin) Mixing BannerBlockMixin from djs-fixed-progression.mixins.json into net.minecraft.world.level.block.BannerBlock
[19:38:35] [main/DEBUG] (FabricLoader/Mixin) djs-fixed-progression.mixins.json:BannerBlockMixin from mod djs-fixed-progression->@Inject::forceWaterloggedBannerPlacement(Lnet/minecraft/world/item/context/BlockPlaceContext;Lorg/spongepowered/asm/mixin/injection/callback/CallbackInfoReturnable;)V does use it's CallbackInfoReturnable
[19:38:35] [main/DEBUG] (FabricLoader/Mixin) Mixing alloc.enum_values.piston_block.PistonBaseBlockMixin from lithium.mixins.json into net.minecraft.world.level.block.piston.PistonBaseBlock
[19:38:35] [main/DEBUG] (FabricLoader/Mixin) Mixing LeavesBlockMixin from djs-fixed-progression.mixins.json into net.minecraft.world.level.block.LeavesBlock
[19:38:35] [main/DEBUG] (FabricLoader/Mixin) djs-fixed-progression.mixins.json:LeavesBlockMixin from mod djs-fixed-progression->@Inject::accelerateLeafDecay(Lnet/minecraft/world/level/block/state/BlockState;Lnet/minecraft/server/level/ServerLevel;Lnet/minecraft/core/BlockPos;Lnet/minecraft/util/RandomSource;Lorg/spongepowered/asm/mixin/injection/callback/CallbackInfo;)V doesn't use it's CallbackInfo
[19:38:35] [main/DEBUG] (FabricLoader/Mixin) djs-fixed-progression.mixins.json:LeavesBlockMixin from mod djs-fixed-progression->@Inject::accelerateLeafDecay(Lnet/minecraft/world/level/block/state/BlockState;Lnet/minecraft/server/level/ServerLevel;Lnet/minecraft/core/BlockPos;Lnet/minecraft/util/RandomSource;Lorg/spongepowered/asm/mixin/injection/callback/CallbackInfo;)V has 0 override(s) in child classes
[19:38:35] [main/DEBUG] (FabricLoader/Mixin) djs-fixed-progression.mixins.json:LeavesBlockMixin from mod djs-fixed-progression->@Inject::accelerateLeafDecay(Lnet/minecraft/world/level/block/state/BlockState;Lnet/minecraft/server/level/ServerLevel;Lnet/minecraft/core/BlockPos;Lnet/minecraft/util/RandomSource;Lorg/spongepowered/asm/mixin/injection/callback/CallbackInfo;)V won't be passed a CallbackInfo as a result
[19:38:35] [main/DEBUG] (FabricLoader/Mixin) Mixing EntityTypeMixin from fabric-object-builder-v1.mixins.json into net.minecraft.world.entity.EntityType
[19:38:35] [main/DEBUG] (FabricLoader/Mixin) fabric-object-builder-v1.mixins.json:EntityTypeMixin from mod fabric-object-builder-api-v1->@Inject::onAlwaysUpdateVelocity(Lorg/spongepowered/asm/mixin/injection/callback/CallbackInfoReturnable;)V does use it's CallbackInfoReturnable
[19:38:35] [main/DEBUG] (FabricLoader/Mixin) fabric-object-builder-v1.mixins.json:EntityTypeMixin from mod fabric-object-builder-api-v1->@Inject::onCanPotentiallyExecuteCommands(Lorg/spongepowered/asm/mixin/injection/callback/CallbackInfoReturnable;)V does use it's CallbackInfoReturnable
[19:38:35] [main/DEBUG] (FabricLoader/Mixin) Mixing StateDefinitionBuilderMixin from djs-fixed-progression.mixins.json into net.minecraft.world.level.block.state.StateDefinition$Builder
[19:38:35] [main/DEBUG] (FabricLoader/Mixin) djs-fixed-progression.mixins.json:StateDefinitionBuilderMixin from mod djs-fixed-progression->@Inject::injectWaterloggedParity(Ljava/util/function/Function;Lnet/minecraft/world/level/block/state/StateDefinition$Factory;Lorg/spongepowered/asm/mixin/injection/callback/CallbackInfoReturnable;)V doesn't use it's CallbackInfoReturnable
[19:38:35] [main/DEBUG] (FabricLoader/Mixin) djs-fixed-progression.mixins.json:StateDefinitionBuilderMixin from mod djs-fixed-progression->@Inject::injectWaterloggedParity(Ljava/util/function/Function;Lnet/minecraft/world/level/block/state/StateDefinition$Factory;Lorg/spongepowered/asm/mixin/injection/callback/CallbackInfoReturnable;)V has 0 override(s) in child classes
[19:38:35] [main/DEBUG] (FabricLoader/Mixin) djs-fixed-progression.mixins.json:StateDefinitionBuilderMixin from mod djs-fixed-progression->@Inject::injectWaterloggedParity(Ljava/util/function/Function;Lnet/minecraft/world/level/block/state/StateDefinition$Factory;Lorg/spongepowered/asm/mixin/injection/callback/CallbackInfoReturnable;)V won't be passed a CallbackInfoReturnable as a result
[19:38:35] [main/DEBUG] (FabricLoader/Mixin) Mixing AnvilBlockMixin from djs-fixed-progression.mixins.json into net.minecraft.world.level.block.AnvilBlock
[19:38:35] [main/DEBUG] (FabricLoader/Mixin) Renaming synthetic method lambda$openOverhauledAnvilUI$0(Lnet/minecraft/world/level/Level;Lnet/minecraft/core/BlockPos;ILnet/minecraft/world/entity/player/Inventory;Lnet/minecraft/world/entity/player/Player;)Lnet/minecraft/world/inventory/AbstractContainerMenu; to mdb752e4$djs-fixed-progression$lambda$openOverhauledAnvilUI$0$0 in djs-fixed-progression.mixins.json:AnvilBlockMixin from mod djs-fixed-progression
[19:38:35] [main/DEBUG] (FabricLoader/Mixin) Mixing WaterloggableInterfaceMixin from djs-fixed-progression.mixins.json into net.minecraft.world.level.block.AnvilBlock
[19:38:35] [main/DEBUG] (FabricLoader/Mixin) djs-fixed-progression.mixins.json:AnvilBlockMixin from mod djs-fixed-progression->@Inject::openOverhauledAnvilUI(Lnet/minecraft/world/level/block/state/BlockState;Lnet/minecraft/world/level/Level;Lnet/minecraft/core/BlockPos;Lnet/minecraft/world/entity/player/Player;Lnet/minecraft/world/phys/BlockHitResult;Lorg/spongepowered/asm/mixin/injection/callback/CallbackInfoReturnable;)V does use it's CallbackInfoReturnable
[19:38:35] [main/DEBUG] (FabricLoader/Mixin) Mixing BeaconBlockMixin from djs-fixed-progression.mixins.json into net.minecraft.world.level.block.BeaconBlock
[19:38:35] [main/DEBUG] (FabricLoader/Mixin) Renaming synthetic method lambda$openCustomUI$0(Lnet/minecraft/world/level/Level;Lnet/minecraft/core/BlockPos;ILnet/minecraft/world/entity/player/Inventory;Lnet/minecraft/world/entity/player/Player;)Lnet/minecraft/world/inventory/AbstractContainerMenu; to mdb752e4$djs-fixed-progression$lambda$openCustomUI$0$0 in djs-fixed-progression.mixins.json:BeaconBlockMixin from mod djs-fixed-progression
[19:38:35] [main/DEBUG] (FabricLoader/Mixin) Mixing WaterloggableInterfaceMixin from djs-fixed-progression.mixins.json into net.minecraft.world.level.block.BeaconBlock
[19:38:35] [main/DEBUG] (FabricLoader/Mixin) djs-fixed-progression.mixins.json:BeaconBlockMixin from mod djs-fixed-progression->@Inject::openCustomUI(Lnet/minecraft/world/level/block/state/BlockState;Lnet/minecraft/world/level/Level;Lnet/minecraft/core/BlockPos;Lnet/minecraft/world/entity/player/Player;Lnet/minecraft/world/phys/BlockHitResult;Lorg/spongepowered/asm/mixin/injection/callback/CallbackInfoReturnable;)V does use it's CallbackInfoReturnable
[19:38:35] [main/DEBUG] (FabricLoader/Mixin) Mixing WaterloggableInterfaceMixin from djs-fixed-progression.mixins.json into net.minecraft.world.level.block.BrewingStandBlock
[19:38:35] [main/DEBUG] (FabricLoader/Mixin) Mixing WaterloggableInterfaceMixin from djs-fixed-progression.mixins.json into net.minecraft.world.level.block.ComposterBlock
[19:38:35] [main/DEBUG] (FabricLoader/Mixin) Mixing WaterloggableInterfaceMixin from djs-fixed-progression.mixins.json into net.minecraft.world.level.block.DaylightDetectorBlock
[19:38:35] [main/DEBUG] (FabricLoader/Mixin) Mixing EnchantingTableBlockMixin from djs-fixed-progression.mixins.json into net.minecraft.world.level.block.EnchantingTableBlock
[19:38:35] [main/DEBUG] (FabricLoader/Mixin) Renaming synthetic method lambda$openOverhauledEnchantingUI$0(Lnet/minecraft/world/level/Level;Lnet/minecraft/core/BlockPos;ILnet/minecraft/world/entity/player/Inventory;Lnet/minecraft/world/entity/player/Player;)Lnet/minecraft/world/inventory/AbstractContainerMenu; to mdb752e4$djs-fixed-progression$lambda$openOverhauledEnchantingUI$0$0 in djs-fixed-progression.mixins.json:EnchantingTableBlockMixin from mod djs-fixed-progression
[19:38:35] [main/DEBUG] (FabricLoader/Mixin) Mixing WaterloggableInterfaceMixin from djs-fixed-progression.mixins.json into net.minecraft.world.level.block.EnchantingTableBlock
[19:38:35] [main/DEBUG] (FabricLoader/Mixin) djs-fixed-progression.mixins.json:EnchantingTableBlockMixin from mod djs-fixed-progression->@Inject::openOverhauledEnchantingUI(Lnet/minecraft/world/level/block/state/BlockState;Lnet/minecraft/world/level/Level;Lnet/minecraft/core/BlockPos;Lnet/minecraft/world/entity/player/Player;Lnet/minecraft/world/phys/BlockHitResult;Lorg/spongepowered/asm/mixin/injection/callback/CallbackInfoReturnable;)V does use it's CallbackInfoReturnable
[19:38:35] [main/DEBUG] (FabricLoader/Mixin) Mixing WaterloggableInterfaceMixin from djs-fixed-progression.mixins.json into net.minecraft.world.level.block.GrindstoneBlock
[19:38:35] [main/DEBUG] (FabricLoader/Mixin) Mixing WaterloggableInterfaceMixin from djs-fixed-progression.mixins.json into net.minecraft.world.level.block.LecternBlock
[19:38:35] [main/DEBUG] (FabricLoader/Mixin) Mixing WaterloggableInterfaceMixin from djs-fixed-progression.mixins.json into net.minecraft.world.level.block.LeverBlock
[19:38:35] [main/DEBUG] (FabricLoader/Mixin) Mixing WaterloggableInterfaceMixin from djs-fixed-progression.mixins.json into net.minecraft.world.level.block.StonecutterBlock
[19:38:35] [main/DEBUG] (FabricLoader/Mixin) Mixing SpreadingBlockMixin from djs-fixed-progression.mixins.json into net.minecraft.world.level.block.VineBlock
[19:38:35] [main/DEBUG] (FabricLoader/Mixin) Renaming synthetic method lambda$static$0()Ljava/lang/Boolean; to mdb752e4$djs-fixed-progression$lambda$static$0$0 in djs-fixed-progression.mixins.json:SpreadingBlockMixin from mod djs-fixed-progression
[19:38:35] [main/DEBUG] (FabricLoader/Mixin) Mixing WaterloggableInterfaceMixin from djs-fixed-progression.mixins.json into net.minecraft.world.level.block.VineBlock
[19:38:35] [main/DEBUG] (FabricLoader/Mixin) djs-fixed-progression.mixins.json:SpreadingBlockMixin from mod djs-fixed-progression->@Inject::applyGrassBoost(Lnet/minecraft/world/level/block/state/BlockState;Lnet/minecraft/server/level/ServerLevel;Lnet/minecraft/core/BlockPos;Lnet/minecraft/util/RandomSource;Lorg/spongepowered/asm/mixin/injection/callback/CallbackInfo;)V doesn't use it's CallbackInfo
[19:38:35] [main/DEBUG] (FabricLoader/Mixin) djs-fixed-progression.mixins.json:SpreadingBlockMixin from mod djs-fixed-progression->@Inject::applyGrassBoost(Lnet/minecraft/world/level/block/state/BlockState;Lnet/minecraft/server/level/ServerLevel;Lnet/minecraft/core/BlockPos;Lnet/minecraft/util/RandomSource;Lorg/spongepowered/asm/mixin/injection/callback/CallbackInfo;)V has 0 override(s) in child classes
[19:38:35] [main/DEBUG] (FabricLoader/Mixin) djs-fixed-progression.mixins.json:SpreadingBlockMixin from mod djs-fixed-progression->@Inject::applyGrassBoost(Lnet/minecraft/world/level/block/state/BlockState;Lnet/minecraft/server/level/ServerLevel;Lnet/minecraft/core/BlockPos;Lnet/minecraft/util/RandomSource;Lorg/spongepowered/asm/mixin/injection/callback/CallbackInfo;)V won't be passed a CallbackInfo as a result
[19:38:35] [main/DEBUG] (FabricLoader/Mixin) Mixing WaterloggableInterfaceMixin from djs-fixed-progression.mixins.json into net.minecraft.world.level.block.DragonEggBlock
[19:38:35] [main/DEBUG] (FabricLoader/Mixin) Mixing DataComponentMapBuilderMixin from fabric-item-api-v1.mixins.json into net.minecraft.core.component.DataComponentMap$Builder
[19:38:35] [main/DEBUG] (FabricLoader/Mixin) Mixing block.flatten_states.FluidStateMixin from lithium.mixins.json into net.minecraft.world.level.material.FluidState
[19:38:35] [main/DEBUG] (FabricLoader/Mixin) lithium.mixins.json:block.flatten_states.FluidStateMixin from mod lithium->@Inject::initFluidCache(Lnet/minecraft/world/level/material/Fluid;Lit/unimi/dsi/fastutil/objects/Reference2ObjectArrayMap;Lcom/mojang/serialization/MapCodec;Lorg/spongepowered/asm/mixin/injection/callback/CallbackInfo;)V doesn't use it's CallbackInfo
[19:38:36] [main/DEBUG] (FabricLoader/Mixin) Mixing SpreadingBlockMixin from djs-fixed-progression.mixins.json into net.minecraft.world.level.block.SpreadingSnowyDirtBlock
[19:38:36] [main/DEBUG] (FabricLoader/Mixin) djs-fixed-progression.mixins.json:SpreadingBlockMixin from mod djs-fixed-progression->@Inject::applyGrassBoost(Lnet/minecraft/world/level/block/state/BlockState;Lnet/minecraft/server/level/ServerLevel;Lnet/minecraft/core/BlockPos;Lnet/minecraft/util/RandomSource;Lorg/spongepowered/asm/mixin/injection/callback/CallbackInfo;)V doesn't use it's CallbackInfo
[19:38:36] [main/DEBUG] (FabricLoader/Mixin) djs-fixed-progression.mixins.json:SpreadingBlockMixin from mod djs-fixed-progression->@Inject::applyGrassBoost(Lnet/minecraft/world/level/block/state/BlockState;Lnet/minecraft/server/level/ServerLevel;Lnet/minecraft/core/BlockPos;Lnet/minecraft/util/RandomSource;Lorg/spongepowered/asm/mixin/injection/callback/CallbackInfo;)V has 0 override(s) in child classes
[19:38:36] [main/DEBUG] (FabricLoader/Mixin) djs-fixed-progression.mixins.json:SpreadingBlockMixin from mod djs-fixed-progression->@Inject::applyGrassBoost(Lnet/minecraft/world/level/block/state/BlockState;Lnet/minecraft/server/level/ServerLevel;Lnet/minecraft/core/BlockPos;Lnet/minecraft/util/RandomSource;Lorg/spongepowered/asm/mixin/injection/callback/CallbackInfo;)V won't be passed a CallbackInfo as a result
[19:38:36] [main/DEBUG] (FabricLoader/Mixin) Mixing minimal_nonvanilla.world.block_entity_ticking.support_cache.BlockEntityMixin from lithium.mixins.json into net.minecraft.world.level.block.entity.BlockEntity
[19:38:36] [main/DEBUG] (FabricLoader/Mixin) Mixing util.inventory_change_listening.BlockEntityMixin from lithium.mixins.json into net.minecraft.world.level.block.entity.BlockEntity
[19:38:36] [main/DEBUG] (FabricLoader/Mixin) Mixing util.inventory_comparator_tracking.BlockEntityMixin from lithium.mixins.json into net.minecraft.world.level.block.entity.BlockEntity
[19:38:36] [main/DEBUG] (FabricLoader/Mixin) Mixing world.block_entity_ticking.sleeping.BlockEntityMixin from lithium.mixins.json into net.minecraft.world.level.block.entity.BlockEntity
[19:38:36] [main/DEBUG] (FabricLoader/Mixin) Mixing util.inventory_change_listening.BlockEntityMixin from lithium-fabric.mixins.json into net.minecraft.world.level.block.entity.BlockEntity
[19:38:36] [main/DEBUG] (FabricLoader/Mixin) Mixing AttachmentTargetsMixin from fabric-data-attachment-api-v1.mixins.json into net.minecraft.world.level.block.entity.BlockEntity
[19:38:36] [main/DEBUG] (FabricLoader/Mixin) Mixing BlockEntityMixin from fabric-data-attachment-api-v1.mixins.json into net.minecraft.world.level.block.entity.BlockEntity
[19:38:36] [main/DEBUG] (FabricLoader/Mixin) Renaming synthetic method lambda$fabric_syncChange$0(Lnet/fabricmc/fabric/api/attachment/v1/AttachmentType;Lnet/fabricmc/fabric/impl/attachment/sync/AttachmentChange;Lnet/minecraft/server/level/ServerPlayer;)V to mdb752e4$fabric-data-attachment-api-v1$lambda$fabric_syncChange$0$0 in fabric-data-attachment-api-v1.mixins.json:BlockEntityMixin from mod fabric-data-attachment-api-v1
[19:38:36] [main/DEBUG] (FabricLoader/Mixin) Mixing BlockEntityMixin from fabric-block-view-api-v2.mixins.json into net.minecraft.world.level.block.entity.BlockEntity
[19:38:36] [main/DEBUG] (FabricLoader/Mixin) lithium.mixins.json:minimal_nonvanilla.world.block_entity_ticking.support_cache.BlockEntityMixin from mod lithium->@Inject::initSupportCache(Lnet/minecraft/world/level/block/entity/BlockEntityType;Lnet/minecraft/core/BlockPos;Lnet/minecraft/world/level/block/state/BlockState;Lorg/spongepowered/asm/mixin/injection/callback/CallbackInfo;)V doesn't use it's CallbackInfo
[19:38:36] [main/DEBUG] (FabricLoader/Mixin) lithium.mixins.json:minimal_nonvanilla.world.block_entity_ticking.support_cache.BlockEntityMixin from mod lithium->@Inject::initSupportCache(Lnet/minecraft/world/level/block/entity/BlockEntityType;Lnet/minecraft/core/BlockPos;Lnet/minecraft/world/level/block/state/BlockState;Lorg/spongepowered/asm/mixin/injection/callback/CallbackInfo;)V has 0 override(s) in child classes
[19:38:36] [main/DEBUG] (FabricLoader/Mixin) lithium.mixins.json:minimal_nonvanilla.world.block_entity_ticking.support_cache.BlockEntityMixin from mod lithium->@Inject::initSupportCache(Lnet/minecraft/world/level/block/entity/BlockEntityType;Lnet/minecraft/core/BlockPos;Lnet/minecraft/world/level/block/state/BlockState;Lorg/spongepowered/asm/mixin/injection/callback/CallbackInfo;)V won't be passed a CallbackInfo as a result
[19:38:36] [main/DEBUG] (FabricLoader/Mixin) lithium.mixins.json:minimal_nonvanilla.world.block_entity_ticking.support_cache.BlockEntityMixin from mod lithium->@Inject::updateSupportCache(Lnet/minecraft/world/level/block/state/BlockState;Lorg/spongepowered/asm/mixin/injection/callback/CallbackInfo;)V doesn't use it's CallbackInfo
[19:38:36] [main/DEBUG] (FabricLoader/Mixin) lithium.mixins.json:minimal_nonvanilla.world.block_entity_ticking.support_cache.BlockEntityMixin from mod lithium->@Inject::updateSupportCache(Lnet/minecraft/world/level/block/state/BlockState;Lorg/spongepowered/asm/mixin/injection/callback/CallbackInfo;)V has 0 override(s) in child classes
[19:38:36] [main/DEBUG] (FabricLoader/Mixin) lithium.mixins.json:minimal_nonvanilla.world.block_entity_ticking.support_cache.BlockEntityMixin from mod lithium->@Inject::updateSupportCache(Lnet/minecraft/world/level/block/state/BlockState;Lorg/spongepowered/asm/mixin/injection/callback/CallbackInfo;)V won't be passed a CallbackInfo as a result
[19:38:36] [main/DEBUG] (FabricLoader/Mixin) lithium.mixins.json:util.inventory_change_listening.BlockEntityMixin from mod lithium->@Inject::updateStackListTracking(Lorg/spongepowered/asm/mixin/injection/callback/CallbackInfo;)V doesn't use it's CallbackInfo
[19:38:36] [main/DEBUG] (FabricLoader/Mixin) lithium.mixins.json:util.inventory_change_listening.BlockEntityMixin from mod lithium->@Inject::updateStackListTracking(Lorg/spongepowered/asm/mixin/injection/callback/CallbackInfo;)V has 0 override(s) in child classes
[19:38:36] [main/DEBUG] (FabricLoader/Mixin) lithium.mixins.json:util.inventory_change_listening.BlockEntityMixin from mod lithium->@Inject::updateStackListTracking(Lorg/spongepowered/asm/mixin/injection/callback/CallbackInfo;)V won't be passed a CallbackInfo as a result
[19:38:36] [main/DEBUG] (FabricLoader/Mixin) lithium.mixins.json:util.inventory_comparator_tracking.BlockEntityMixin from mod lithium->@Inject::init(Lnet/minecraft/world/level/block/entity/BlockEntityType;Lnet/minecraft/core/BlockPos;Lnet/minecraft/world/level/block/state/BlockState;Lorg/spongepowered/asm/mixin/injection/callback/CallbackInfo;)V doesn't use it's CallbackInfo
[19:38:36] [main/DEBUG] (FabricLoader/Mixin) lithium.mixins.json:util.inventory_comparator_tracking.BlockEntityMixin from mod lithium->@Inject::init(Lnet/minecraft/world/level/block/entity/BlockEntityType;Lnet/minecraft/core/BlockPos;Lnet/minecraft/world/level/block/state/BlockState;Lorg/spongepowered/asm/mixin/injection/callback/CallbackInfo;)V has 0 override(s) in child classes
[19:38:36] [main/DEBUG] (FabricLoader/Mixin) lithium.mixins.json:util.inventory_comparator_tracking.BlockEntityMixin from mod lithium->@Inject::init(Lnet/minecraft/world/level/block/entity/BlockEntityType;Lnet/minecraft/core/BlockPos;Lnet/minecraft/world/level/block/state/BlockState;Lorg/spongepowered/asm/mixin/injection/callback/CallbackInfo;)V won't be passed a CallbackInfo as a result
[19:38:36] [main/DEBUG] (FabricLoader/Mixin) lithium.mixins.json:util.inventory_comparator_tracking.BlockEntityMixin from mod lithium->@Inject::forgetNearbyComparators(Lorg/spongepowered/asm/mixin/injection/callback/CallbackInfo;)V doesn't use it's CallbackInfo
[19:38:36] [main/DEBUG] (FabricLoader/Mixin) lithium.mixins.json:util.inventory_comparator_tracking.BlockEntityMixin from mod lithium->@Inject::forgetNearbyComparators(Lorg/spongepowered/asm/mixin/injection/callback/CallbackInfo;)V has 0 override(s) in child classes
[19:38:36] [main/DEBUG] (FabricLoader/Mixin) lithium.mixins.json:util.inventory_comparator_tracking.BlockEntityMixin from mod lithium->@Inject::forgetNearbyComparators(Lorg/spongepowered/asm/mixin/injection/callback/CallbackInfo;)V won't be passed a CallbackInfo as a result
[19:38:36] [main/DEBUG] (FabricLoader/Mixin) lithium.mixins.json:world.block_entity_ticking.sleeping.BlockEntityMixin from mod lithium->@Inject::handleSetChanged(Lorg/spongepowered/asm/mixin/injection/callback/CallbackInfo;)V doesn't use it's CallbackInfo
[19:38:36] [main/DEBUG] (FabricLoader/Mixin) lithium.mixins.json:world.block_entity_ticking.sleeping.BlockEntityMixin from mod lithium->@Inject::handleSetChanged(Lorg/spongepowered/asm/mixin/injection/callback/CallbackInfo;)V has 0 override(s) in child classes
[19:38:36] [main/DEBUG] (FabricLoader/Mixin) lithium.mixins.json:world.block_entity_ticking.sleeping.BlockEntityMixin from mod lithium->@Inject::handleSetChanged(Lorg/spongepowered/asm/mixin/injection/callback/CallbackInfo;)V won't be passed a CallbackInfo as a result
[19:38:36] [main/DEBUG] (FabricLoader/Mixin) lithium-fabric.mixins.json:util.inventory_change_listening.BlockEntityMixin from mod lithium->@Inject::emitRemovedOnSetCachedState(Lorg/spongepowered/asm/mixin/injection/callback/CallbackInfo;)V doesn't use it's CallbackInfo
[19:38:36] [main/DEBUG] (FabricLoader/Mixin) lithium-fabric.mixins.json:util.inventory_change_listening.BlockEntityMixin from mod lithium->@Inject::emitRemovedOnSetCachedState(Lorg/spongepowered/asm/mixin/injection/callback/CallbackInfo;)V has 0 override(s) in child classes
[19:38:36] [main/DEBUG] (FabricLoader/Mixin) lithium-fabric.mixins.json:util.inventory_change_listening.BlockEntityMixin from mod lithium->@Inject::emitRemovedOnSetCachedState(Lorg/spongepowered/asm/mixin/injection/callback/CallbackInfo;)V won't be passed a CallbackInfo as a result
[19:38:36] [main/DEBUG] (FabricLoader/Mixin) fabric-data-attachment-api-v1.mixins.json:BlockEntityMixin from mod fabric-data-attachment-api-v1->@Inject::readBlockEntityAttachments(Lnet/minecraft/world/level/storage/ValueInput;Lorg/spongepowered/asm/mixin/injection/callback/CallbackInfo;)V doesn't use it's CallbackInfo
[19:38:36] [main/DEBUG] (FabricLoader/Mixin) fabric-data-attachment-api-v1.mixins.json:BlockEntityMixin from mod fabric-data-attachment-api-v1->@Inject::readBlockEntityAttachments(Lnet/minecraft/world/level/storage/ValueInput;Lorg/spongepowered/asm/mixin/injection/callback/CallbackInfo;)V has 0 override(s) in child classes
[19:38:36] [main/DEBUG] (FabricLoader/Mixin) fabric-data-attachment-api-v1.mixins.json:BlockEntityMixin from mod fabric-data-attachment-api-v1->@Inject::readBlockEntityAttachments(Lnet/minecraft/world/level/storage/ValueInput;Lorg/spongepowered/asm/mixin/injection/callback/CallbackInfo;)V won't be passed a CallbackInfo as a result
[19:38:36] [main/DEBUG] (FabricLoader/Mixin) fabric-data-attachment-api-v1.mixins.json:BlockEntityMixin from mod fabric-data-attachment-api-v1->@Inject::writeBlockEntityAttachments(Lnet/minecraft/world/level/storage/ValueOutput;Lorg/spongepowered/asm/mixin/injection/callback/CallbackInfo;)V doesn't use it's CallbackInfo
[19:38:36] [main/DEBUG] (FabricLoader/Mixin) fabric-data-attachment-api-v1.mixins.json:BlockEntityMixin from mod fabric-data-attachment-api-v1->@Inject::writeBlockEntityAttachments(Lnet/minecraft/world/level/storage/ValueOutput;Lorg/spongepowered/asm/mixin/injection/callback/CallbackInfo;)V has 0 override(s) in child classes
[19:38:36] [main/DEBUG] (FabricLoader/Mixin) fabric-data-attachment-api-v1.mixins.json:BlockEntityMixin from mod fabric-data-attachment-api-v1->@Inject::writeBlockEntityAttachments(Lnet/minecraft/world/level/storage/ValueOutput;Lorg/spongepowered/asm/mixin/injection/callback/CallbackInfo;)V won't be passed a CallbackInfo as a result
[19:38:36] [main/DEBUG] (FabricLoader/Mixin) Mixing BlockParticleOptionMixin from fabric-particles-v1.mixins.json into net.minecraft.core.particles.BlockParticleOption
[19:38:36] [main/DEBUG] (FabricLoader/Mixin) Mixing MenuProviderMixin from fabric-screen-handler-api-v1.mixins.json into net.minecraft.world.MenuProvider
[19:38:36] [main/DEBUG] (FabricLoader/Mixin) Mixing block.hopper.InventoryAccessors$DispenserBlockEntityMixin from lithium.mixins.json into net.minecraft.world.level.block.entity.DispenserBlockEntity
[19:38:36] [main/DEBUG] (FabricLoader/Mixin) Mixing util.inventory_change_listening.StackListReplacementTracking$DispenserBlockEntityMixin from lithium.mixins.json into net.minecraft.world.level.block.entity.DispenserBlockEntity
[19:38:36] [main/DEBUG] (FabricLoader/Mixin) lithium.mixins.json:util.inventory_change_listening.StackListReplacementTracking$DispenserBlockEntityMixin from mod lithium->@Inject::setInventoryStackListReplacement(Lnet/minecraft/core/NonNullList;Lorg/spongepowered/asm/mixin/injection/callback/CallbackInfo;)V doesn't use it's CallbackInfo
[19:38:36] [main/DEBUG] (FabricLoader/Mixin) lithium.mixins.json:util.inventory_change_listening.StackListReplacementTracking$DispenserBlockEntityMixin from mod lithium->@Inject::setInventoryStackListReplacement(Lnet/minecraft/core/NonNullList;Lorg/spongepowered/asm/mixin/injection/callback/CallbackInfo;)V has 0 override(s) in child classes
[19:38:36] [main/DEBUG] (FabricLoader/Mixin) lithium.mixins.json:util.inventory_change_listening.StackListReplacementTracking$DispenserBlockEntityMixin from mod lithium->@Inject::setInventoryStackListReplacement(Lnet/minecraft/core/NonNullList;Lorg/spongepowered/asm/mixin/injection/callback/CallbackInfo;)V won't be passed a CallbackInfo as a result
[19:38:36] [main/DEBUG] (FabricLoader/Mixin) Mixing block.hopper.ContainerMixin from lithium.mixins.json into net.minecraft.world.Container
[19:38:36] [main/DEBUG] (FabricLoader/Mixin) Mixing BaseContainerBlockEntityMixin from fabric-transfer-api-v1.mixins.json into net.minecraft.world.level.block.entity.BaseContainerBlockEntity
[19:38:36] [main/DEBUG] (FabricLoader/Mixin) Mixing util.inventory_change_listening.BaseContainerBlockEntityMixin from lithium.mixins.json into net.minecraft.world.level.block.entity.BaseContainerBlockEntity
[19:38:36] [main/DEBUG] (FabricLoader/Mixin) Renaming synthetic method lambda$lithium$emitFirstComparatorAdded$0(Lnet/caffeinemc/mods/lithium/common/block/entity/inventory_change_tracking/InventoryChangeListener;)Z to mdb752e4$lithium$lambda$lithium$emitFirstComparatorAdded$0$0 in lithium.mixins.json:util.inventory_change_listening.BaseContainerBlockEntityMixin from mod lithium
[19:38:36] [main/DEBUG] (FabricLoader/Mixin) Mixing util.inventory_change_listening.StackListReplacementTracking$BaseContainerBlockEntityMixin from lithium.mixins.json into net.minecraft.world.level.block.entity.BaseContainerBlockEntity
[19:38:36] [main/DEBUG] (FabricLoader/Mixin) lithium.mixins.json:util.inventory_change_listening.StackListReplacementTracking$BaseContainerBlockEntityMixin from mod lithium->@Inject::readNbtStackListReplacement(Lnet/minecraft/world/level/storage/ValueInput;Lorg/spongepowered/asm/mixin/injection/callback/CallbackInfo;)V doesn't use it's CallbackInfo
[19:38:36] [main/DEBUG] (FabricLoader/Mixin) lithium.mixins.json:util.inventory_change_listening.StackListReplacementTracking$BaseContainerBlockEntityMixin from mod lithium->@Inject::readNbtStackListReplacement(Lnet/minecraft/world/level/storage/ValueInput;Lorg/spongepowered/asm/mixin/injection/callback/CallbackInfo;)V has 0 override(s) in child classes
[19:38:36] [main/DEBUG] (FabricLoader/Mixin) lithium.mixins.json:util.inventory_change_listening.StackListReplacementTracking$BaseContainerBlockEntityMixin from mod lithium->@Inject::readNbtStackListReplacement(Lnet/minecraft/world/level/storage/ValueInput;Lorg/spongepowered/asm/mixin/injection/callback/CallbackInfo;)V won't be passed a CallbackInfo as a result
[19:38:36] [main/DEBUG] (FabricLoader/Mixin) Mixing math.fast_util.AxisCycleDirectionMixin$ForwardMixin from lithium.mixins.json into net.minecraft.core.AxisCycle$2
[19:38:36] [main/DEBUG] (FabricLoader/Mixin) Mixing math.fast_util.AxisCycleDirectionMixin$BackwardMixin from lithium.mixins.json into net.minecraft.core.AxisCycle$3
[19:38:36] [main/DEBUG] (FabricLoader/Mixin) Mixing DetectorRailBlockMixin from fabric-object-builder-v1.mixins.json into net.minecraft.world.level.block.DetectorRailBlock
[19:38:36] [main/DEBUG] (FabricLoader/Mixin) Renaming synthetic method lambda$getCustomComparatorOutput$0(Lnet/minecraft/world/entity/Entity;)Z to mdb752e4$fabric-object-builder-api-v1$lambda$getCustomComparatorOutput$0$0 in fabric-object-builder-v1.mixins.json:DetectorRailBlockMixin from mod fabric-object-builder-api-v1
[19:38:36] [main/DEBUG] (FabricLoader/Mixin) fabric-object-builder-v1.mixins.json:DetectorRailBlockMixin from mod fabric-object-builder-api-v1->@Inject::getCustomComparatorOutput(Lnet/minecraft/world/level/block/state/BlockState;Lnet/minecraft/world/level/Level;Lnet/minecraft/core/BlockPos;Lnet/minecraft/core/Direction;Lorg/spongepowered/asm/mixin/injection/callback/CallbackInfoReturnable;)V does use it's CallbackInfoReturnable
[19:38:36] [main/DEBUG] (FabricLoader/Mixin) Mixing block.moving_block_shapes.PistonMovingBlockEntityMixin from lithium.mixins.json into net.minecraft.world.level.block.piston.PistonMovingBlockEntity
[19:38:36] [main/DEBUG] (FabricLoader/Mixin) lithium.mixins.json:block.moving_block_shapes.PistonMovingBlockEntityMixin from mod lithium->@Inject::skipVoxelShapeUnion(Lnet/minecraft/world/level/BlockGetter;Lnet/minecraft/core/BlockPos;Lorg/spongepowered/asm/mixin/injection/callback/CallbackInfoReturnable;Lnet/minecraft/world/phys/shapes/VoxelShape;Lnet/minecraft/core/Direction;Lnet/minecraft/world/level/block/state/BlockState;F)V does use it's CallbackInfoReturnable
[19:38:36] [main/DEBUG] (FabricLoader/Mixin) Mixing MobEffectInstanceMixin from jade.mixins.json into net.minecraft.world.effect.MobEffectInstance
[19:38:36] [main/DEBUG] (FabricLoader/Mixin) jade.mixins.json:MobEffectInstanceMixin from mod jade->@Inject::jade$onEffectAdded(Lnet/minecraft/world/entity/LivingEntity;Lorg/spongepowered/asm/mixin/injection/callback/CallbackInfo;)V doesn't use it's CallbackInfo
[19:38:36] [main/DEBUG] (FabricLoader/Mixin) jade.mixins.json:MobEffectInstanceMixin from mod jade->@Inject::jade$onEffectAdded(Lnet/minecraft/world/entity/LivingEntity;Lorg/spongepowered/asm/mixin/injection/callback/CallbackInfo;)V has 0 override(s) in child classes
[19:38:36] [main/DEBUG] (FabricLoader/Mixin) jade.mixins.json:MobEffectInstanceMixin from mod jade->@Inject::jade$onEffectAdded(Lnet/minecraft/world/entity/LivingEntity;Lorg/spongepowered/asm/mixin/injection/callback/CallbackInfo;)V won't be passed a CallbackInfo as a result
[19:38:36] [main/DEBUG] (FabricLoader/Mixin) Mixing entity.inactive_navigations.MobMixin from lithium.mixins.json into net.minecraft.world.entity.Mob
[19:38:36] [main/DEBUG] (FabricLoader/Mixin) Mixing EvokerLootMixin from djs-fixed-progression.mixins.json into net.minecraft.world.entity.Mob
[19:38:36] [main/DEBUG] (FabricLoader/Mixin) Mixing MobMixin from djs-fixed-progression.mixins.json into net.minecraft.world.entity.Mob
[19:38:36] [main/DEBUG] (FabricLoader/Mixin) Mixing MobMixin from fabric-entity-events-v1.mixins.json into net.minecraft.world.entity.Mob
[19:38:36] [main/DEBUG] (FabricLoader/Mixin) lithium.mixins.json:entity.inactive_navigations.MobMixin from mod lithium->@Inject::onNavigationReplacement(Lnet/minecraft/world/entity/Entity;ZZLorg/spongepowered/asm/mixin/injection/callback/CallbackInfoReturnable;)V doesn't use it's CallbackInfoReturnable
[19:38:36] [main/DEBUG] (FabricLoader/Mixin) lithium.mixins.json:entity.inactive_navigations.MobMixin from mod lithium->@Inject::onNavigationReplacement(Lnet/minecraft/world/entity/Entity;ZZLorg/spongepowered/asm/mixin/injection/callback/CallbackInfoReturnable;)V has 0 override(s) in child classes
[19:38:36] [main/DEBUG] (FabricLoader/Mixin) lithium.mixins.json:entity.inactive_navigations.MobMixin from mod lithium->@Inject::onNavigationReplacement(Lnet/minecraft/world/entity/Entity;ZZLorg/spongepowered/asm/mixin/injection/callback/CallbackInfoReturnable;)V won't be passed a CallbackInfoReturnable as a result
[19:38:36] [main/DEBUG] (FabricLoader/Mixin) djs-fixed-progression.mixins.json:EvokerLootMixin from mod djs-fixed-progression->@Inject::tagRaidEvokers(Lorg/spongepowered/asm/mixin/injection/callback/CallbackInfo;)V doesn't use it's CallbackInfo
[19:38:36] [main/DEBUG] (FabricLoader/Mixin) djs-fixed-progression.mixins.json:EvokerLootMixin from mod djs-fixed-progression->@Inject::tagRaidEvokers(Lorg/spongepowered/asm/mixin/injection/callback/CallbackInfo;)V has 0 override(s) in child classes
[19:38:36] [main/DEBUG] (FabricLoader/Mixin) djs-fixed-progression.mixins.json:EvokerLootMixin from mod djs-fixed-progression->@Inject::tagRaidEvokers(Lorg/spongepowered/asm/mixin/injection/callback/CallbackInfo;)V won't be passed a CallbackInfo as a result
[19:38:36] [main/DEBUG] (FabricLoader/Mixin) djs-fixed-progression.mixins.json:EvokerLootMixin from mod djs-fixed-progression->@Inject::swapRaidEvokerLoot(Lorg/spongepowered/asm/mixin/injection/callback/CallbackInfoReturnable;)V does use it's CallbackInfoReturnable
[19:38:36] [main/DEBUG] (FabricLoader/Mixin) Mixing ChiseledBookShelfBlockEntityMixin from fabric-transfer-api-v1.mixins.json into net.minecraft.world.level.block.entity.ChiseledBookShelfBlockEntity
[19:38:36] [main/DEBUG] (FabricLoader/Mixin) Mixing block.hopper.ChiseledBookShelfBlockEntityMixin from lithium.mixins.json into net.minecraft.world.level.block.entity.ChiseledBookShelfBlockEntity
[19:38:36] [main/DEBUG] (FabricLoader/Mixin) fabric-transfer-api-v1.mixins.json:ChiseledBookShelfBlockEntityMixin from mod fabric-transfer-api-v1->@Inject::setStackBypass(ILnet/minecraft/world/item/ItemStack;Lorg/spongepowered/asm/mixin/injection/callback/CallbackInfo;)V does use it's CallbackInfo
[19:38:36] [main/DEBUG] (FabricLoader/Mixin) Mixing ListBackedContainerMixin from fabric-transfer-api-v1.mixins.json into net.minecraft.world.level.block.entity.ListBackedContainer
[19:38:36] [main/DEBUG] (FabricLoader/Mixin) Mixing ShelfBlockEntityMixin from fabric-transfer-api-v1.mixins.json into net.minecraft.world.level.block.entity.ShelfBlockEntity
[19:38:36] [main/DEBUG] (FabricLoader/Mixin) Mixing util.inventory_change_listening.ChestBlockEntityMixin from lithium-fabric.mixins.json into net.minecraft.world.level.block.entity.ChestBlockEntity
[19:38:36] [main/DEBUG] (FabricLoader/Mixin) Mixing block.hopper.InventoryAccessors$ChestBlockEntityMixin from lithium.mixins.json into net.minecraft.world.level.block.entity.ChestBlockEntity
[19:38:36] [main/DEBUG] (FabricLoader/Mixin) Mixing util.inventory_change_listening.StackListReplacementTracking$ChestBlockEntityMixin from lithium.mixins.json into net.minecraft.world.level.block.entity.ChestBlockEntity
[19:38:36] [main/DEBUG] (FabricLoader/Mixin) lithium.mixins.json:util.inventory_change_listening.StackListReplacementTracking$ChestBlockEntityMixin from mod lithium->@Inject::setInventoryStackListReplacement(Lnet/minecraft/core/NonNullList;Lorg/spongepowered/asm/mixin/injection/callback/CallbackInfo;)V doesn't use it's CallbackInfo
[19:38:36] [main/DEBUG] (FabricLoader/Mixin) lithium.mixins.json:util.inventory_change_listening.StackListReplacementTracking$ChestBlockEntityMixin from mod lithium->@Inject::setInventoryStackListReplacement(Lnet/minecraft/core/NonNullList;Lorg/spongepowered/asm/mixin/injection/callback/CallbackInfo;)V has 0 override(s) in child classes
[19:38:36] [main/DEBUG] (FabricLoader/Mixin) lithium.mixins.json:util.inventory_change_listening.StackListReplacementTracking$ChestBlockEntityMixin from mod lithium->@Inject::setInventoryStackListReplacement(Lnet/minecraft/core/NonNullList;Lorg/spongepowered/asm/mixin/injection/callback/CallbackInfo;)V won't be passed a CallbackInfo as a result
[19:38:36] [main/DEBUG] (FabricLoader/Mixin) Mixing BlockEntityTypeMixin from fabric-object-builder-v1.mixins.json into net.minecraft.world.level.block.entity.BlockEntityType
[19:38:36] [main/DEBUG] (FabricLoader/Mixin) Mixing BlockEntityTypeAccessor from fabric-api-lookup-api-v1.mixins.json into net.minecraft.world.level.block.entity.BlockEntityType
[19:38:36] [main/DEBUG] (FabricLoader/Mixin) fabric-object-builder-v1.mixins.json:BlockEntityTypeMixin from mod fabric-object-builder-api-v1->@Inject::mutableBlocks(Lnet/minecraft/world/level/block/entity/BlockEntityType$BlockEntitySupplier;Ljava/util/Set;Lorg/spongepowered/asm/mixin/injection/callback/CallbackInfo;)V doesn't use it's CallbackInfo
[19:38:36] [main/DEBUG] (FabricLoader/Mixin) fabric-object-builder-v1.mixins.json:BlockEntityTypeMixin from mod fabric-object-builder-api-v1->@Inject::mutableBlocks(Lnet/minecraft/world/level/block/entity/BlockEntityType$BlockEntitySupplier;Ljava/util/Set;Lorg/spongepowered/asm/mixin/injection/callback/CallbackInfo;)V has 0 override(s) in child classes
[19:38:36] [main/DEBUG] (FabricLoader/Mixin) fabric-object-builder-v1.mixins.json:BlockEntityTypeMixin from mod fabric-object-builder-api-v1->@Inject::mutableBlocks(Lnet/minecraft/world/level/block/entity/BlockEntityType$BlockEntitySupplier;Ljava/util/Set;Lorg/spongepowered/asm/mixin/injection/callback/CallbackInfo;)V won't be passed a CallbackInfo as a result
[19:38:36] [main/DEBUG] (FabricLoader/Mixin) Mixing alloc.enum_values.redstone_wire.RedStoneWireBlockMixin from lithium.mixins.json into net.minecraft.world.level.block.RedStoneWireBlock
[19:38:36] [main/DEBUG] (FabricLoader/Mixin) Mixing block.redstone_wire.RedStoneWireBlockMixin from lithium.mixins.json into net.minecraft.world.level.block.RedStoneWireBlock
[19:38:36] [main/DEBUG] (FabricLoader/Mixin) lithium.mixins.json:block.redstone_wire.RedStoneWireBlockMixin from mod lithium->@Inject::getBlockSignalFaster(Lnet/minecraft/world/level/Level;Lnet/minecraft/core/BlockPos;Lorg/spongepowered/asm/mixin/injection/callback/CallbackInfoReturnable;)V does use it's CallbackInfoReturnable
[19:38:36] [main/DEBUG] (FabricLoader/Mixin) Mixing block.redstone_wire.RedstoneWireEvaluatorMixin from lithium.mixins.json into net.minecraft.world.level.redstone.RedstoneWireEvaluator
[19:38:36] [main/DEBUG] (FabricLoader/Mixin) lithium.mixins.json:block.redstone_wire.RedstoneWireEvaluatorMixin from mod lithium->@Inject::getIncomingWireSignalFaster(Lnet/minecraft/world/level/Level;Lnet/minecraft/core/BlockPos;Lorg/spongepowered/asm/mixin/injection/callback/CallbackInfoReturnable;)V does use it's CallbackInfoReturnable
[19:38:36] [main/DEBUG] (FabricLoader/Mixin) Mixing block.redstone_wire.DefaultRedstoneWireEvaluatorMixin from lithium.mixins.json into net.minecraft.world.level.redstone.DefaultRedstoneWireEvaluator
[19:38:36] [main/DEBUG] (FabricLoader/Mixin) lithium.mixins.json:block.redstone_wire.DefaultRedstoneWireEvaluatorMixin from mod lithium->@Inject::calculateTargetStrengthFaster(Lnet/minecraft/world/level/Level;Lnet/minecraft/core/BlockPos;Lorg/spongepowered/asm/mixin/injection/callback/CallbackInfoReturnable;)V does use it's CallbackInfoReturnable
[19:38:36] [main/DEBUG] (FabricLoader/Mixin) Mixing block.hopper.AbstractContainerMenuMixin from lithium.mixins.json into net.minecraft.world.inventory.AbstractContainerMenu
[19:38:36] [main/DEBUG] (FabricLoader/Mixin) lithium.mixins.json:block.hopper.AbstractContainerMenuMixin from mod lithium->@Inject::getFastOutputStrength(Lnet/minecraft/world/Container;Lorg/spongepowered/asm/mixin/injection/callback/CallbackInfoReturnable;)V does use it's CallbackInfoReturnable
[19:38:36] [main/DEBUG] (FabricLoader/Mixin) Mixing CropBlockMixin from djs-fixed-progression.mixins.json into net.minecraft.world.level.block.CropBlock
[19:38:36] [main/DEBUG] (FabricLoader/Mixin) djs-fixed-progression.mixins.json:CropBlockMixin from mod djs-fixed-progression->@Inject::applyFarmlandBoost(Lnet/minecraft/world/level/block/state/BlockState;Lnet/minecraft/server/level/ServerLevel;Lnet/minecraft/core/BlockPos;Lnet/minecraft/util/RandomSource;Lorg/spongepowered/asm/mixin/injection/callback/CallbackInfo;)V doesn't use it's CallbackInfo
[19:38:36] [main/DEBUG] (FabricLoader/Mixin) djs-fixed-progression.mixins.json:CropBlockMixin from mod djs-fixed-progression->@Inject::applyFarmlandBoost(Lnet/minecraft/world/level/block/state/BlockState;Lnet/minecraft/server/level/ServerLevel;Lnet/minecraft/core/BlockPos;Lnet/minecraft/util/RandomSource;Lorg/spongepowered/asm/mixin/injection/callback/CallbackInfo;)V has 0 override(s) in child classes
[19:38:36] [main/DEBUG] (FabricLoader/Mixin) djs-fixed-progression.mixins.json:CropBlockMixin from mod djs-fixed-progression->@Inject::applyFarmlandBoost(Lnet/minecraft/world/level/block/state/BlockState;Lnet/minecraft/server/level/ServerLevel;Lnet/minecraft/core/BlockPos;Lnet/minecraft/util/RandomSource;Lorg/spongepowered/asm/mixin/injection/callback/CallbackInfo;)V won't be passed a CallbackInfo as a result
[19:38:36] [main/DEBUG] (FabricLoader/Mixin) Mixing FarmBlockMixin from djs-fixed-progression.mixins.json into net.minecraft.world.level.block.FarmBlock
[19:38:36] [main/DEBUG] (FabricLoader/Mixin) djs-fixed-progression.mixins.json:FarmBlockMixin from mod djs-fixed-progression->@Inject::preventTrampling(Lnet/minecraft/world/entity/Entity;Lnet/minecraft/world/level/block/state/BlockState;Lnet/minecraft/world/level/Level;Lnet/minecraft/core/BlockPos;Lorg/spongepowered/asm/mixin/injection/callback/CallbackInfo;)V does use it's CallbackInfo
[19:38:36] [main/DEBUG] (FabricLoader/Mixin) Mixing AbstractFurnaceBlockEntityMixin from fabric-item-api-v1.mixins.json into net.minecraft.world.level.block.entity.AbstractFurnaceBlockEntity
[19:38:36] [main/DEBUG] (FabricLoader/Mixin) Mixing AbstractFurnaceBlockEntityMixin from fabric-transfer-api-v1.mixins.json into net.minecraft.world.level.block.entity.AbstractFurnaceBlockEntity
[19:38:36] [main/DEBUG] (FabricLoader/Mixin) Mixing block.hopper.InventoryAccessors$AbstractFurnaceBlockEntityMixin from lithium.mixins.json into net.minecraft.world.level.block.entity.AbstractFurnaceBlockEntity
[19:38:36] [main/DEBUG] (FabricLoader/Mixin) Mixing util.inventory_change_listening.StackListReplacementTracking$AbstractFurnaceBlockEntityMixin from lithium.mixins.json into net.minecraft.world.level.block.entity.AbstractFurnaceBlockEntity
[19:38:36] [main/DEBUG] (FabricLoader/Mixin) Mixing world.block_entity_ticking.sleeping.furnace.AbstractFurnaceBlockEntityMixin from lithium.mixins.json into net.minecraft.world.level.block.entity.AbstractFurnaceBlockEntity
[19:38:36] [main/DEBUG] (FabricLoader/Mixin) fabric-item-api-v1.mixins.json:AbstractFurnaceBlockEntityMixin from mod fabric-item-api-v1->@Inject::getStackRemainder(Lnet/minecraft/server/level/ServerLevel;Lnet/minecraft/core/BlockPos;Lnet/minecraft/world/level/block/state/BlockState;Lnet/minecraft/world/level/block/entity/AbstractFurnaceBlockEntity;Lorg/spongepowered/asm/mixin/injection/callback/CallbackInfo;)V doesn't use it's CallbackInfo
[19:38:36] [main/DEBUG] (FabricLoader/Mixin) fabric-transfer-api-v1.mixins.json:AbstractFurnaceBlockEntityMixin from mod fabric-transfer-api-v1->@Inject::setStackSuppressUpdate(ILnet/minecraft/world/item/ItemStack;Lorg/spongepowered/asm/mixin/injection/callback/CallbackInfo;)V does use it's CallbackInfo
[19:38:36] [main/DEBUG] (FabricLoader/Mixin) lithium.mixins.json:world.block_entity_ticking.sleeping.furnace.AbstractFurnaceBlockEntityMixin from mod lithium->@Inject::checkSleep(Lnet/minecraft/server/level/ServerLevel;Lnet/minecraft/core/BlockPos;Lnet/minecraft/world/level/block/state/BlockState;Lnet/minecraft/world/level/block/entity/AbstractFurnaceBlockEntity;Lorg/spongepowered/asm/mixin/injection/callback/CallbackInfo;)V doesn't use it's CallbackInfo
[19:38:36] [main/DEBUG] (FabricLoader/Mixin) lithium.mixins.json:world.block_entity_ticking.sleeping.furnace.AbstractFurnaceBlockEntityMixin from mod lithium->@Inject::wakeUpAfterFromTag(Lorg/spongepowered/asm/mixin/injection/callback/CallbackInfo;)V doesn't use it's CallbackInfo
[19:38:36] [main/DEBUG] (FabricLoader/Mixin) lithium.mixins.json:world.block_entity_ticking.sleeping.furnace.AbstractFurnaceBlockEntityMixin from mod lithium->@Inject::wakeUpAfterFromTag(Lorg/spongepowered/asm/mixin/injection/callback/CallbackInfo;)V has 0 override(s) in child classes
[19:38:36] [main/DEBUG] (FabricLoader/Mixin) lithium.mixins.json:world.block_entity_ticking.sleeping.furnace.AbstractFurnaceBlockEntityMixin from mod lithium->@Inject::wakeUpAfterFromTag(Lorg/spongepowered/asm/mixin/injection/callback/CallbackInfo;)V won't be passed a CallbackInfo as a result
[19:38:36] [main/DEBUG] (FabricLoader/Mixin) Mixing math.fast_util.AABBMixin from lithium.mixins.json into net.minecraft.world.phys.AABB
[19:38:36] [main/DEBUG] (FabricLoader/Mixin) Mixing AbstractArrowMixin from djs-fixed-progression.mixins.json into net.minecraft.world.entity.projectile.arrow.AbstractArrow
[19:38:36] [main/DEBUG] (FabricLoader/Mixin) djs-fixed-progression.mixins.json:AbstractArrowMixin from mod djs-fixed-progression->@Inject::deployCloudOnBlockHit(Lnet/minecraft/world/phys/BlockHitResult;Lorg/spongepowered/asm/mixin/injection/callback/CallbackInfo;)V doesn't use it's CallbackInfo
[19:38:36] [main/DEBUG] (FabricLoader/Mixin) djs-fixed-progression.mixins.json:AbstractArrowMixin from mod djs-fixed-progression->@Inject::deployCloudOnBlockHit(Lnet/minecraft/world/phys/BlockHitResult;Lorg/spongepowered/asm/mixin/injection/callback/CallbackInfo;)V has 0 override(s) in child classes
[19:38:36] [main/DEBUG] (FabricLoader/Mixin) djs-fixed-progression.mixins.json:AbstractArrowMixin from mod djs-fixed-progression->@Inject::deployCloudOnBlockHit(Lnet/minecraft/world/phys/BlockHitResult;Lorg/spongepowered/asm/mixin/injection/callback/CallbackInfo;)V won't be passed a CallbackInfo as a result
[19:38:36] [main/DEBUG] (FabricLoader/Mixin) djs-fixed-progression.mixins.json:AbstractArrowMixin from mod djs-fixed-progression->@Inject::deployCloudOnEntityHit(Lnet/minecraft/world/phys/EntityHitResult;Lorg/spongepowered/asm/mixin/injection/callback/CallbackInfo;)V doesn't use it's CallbackInfo
[19:38:36] [main/DEBUG] (FabricLoader/Mixin) djs-fixed-progression.mixins.json:AbstractArrowMixin from mod djs-fixed-progression->@Inject::deployCloudOnEntityHit(Lnet/minecraft/world/phys/EntityHitResult;Lorg/spongepowered/asm/mixin/injection/callback/CallbackInfo;)V has 0 override(s) in child classes
[19:38:36] [main/DEBUG] (FabricLoader/Mixin) djs-fixed-progression.mixins.json:AbstractArrowMixin from mod djs-fixed-progression->@Inject::deployCloudOnEntityHit(Lnet/minecraft/world/phys/EntityHitResult;Lorg/spongepowered/asm/mixin/injection/callback/CallbackInfo;)V won't be passed a CallbackInfo as a result
[19:38:36] [main/DEBUG] (FabricLoader/Mixin) Mixing JukeboxBlockEntityMixin from fabric-transfer-api-v1.mixins.json into net.minecraft.world.level.block.entity.JukeboxBlockEntity
[19:38:36] [main/DEBUG] (FabricLoader/Mixin) fabric-transfer-api-v1.mixins.json:JukeboxBlockEntityMixin from mod fabric-transfer-api-v1->@Inject::setStackBypass(Lnet/minecraft/world/item/ItemStack;Lorg/spongepowered/asm/mixin/injection/callback/CallbackInfo;)V does use it's CallbackInfo
[19:38:36] [main/DEBUG] (FabricLoader/Mixin) Mixing util.inventory_comparator_tracking.DiodeBlockMixin from lithium.mixins.json into net.minecraft.world.level.block.DiodeBlock
[19:38:36] [main/DEBUG] (FabricLoader/Mixin) lithium.mixins.json:util.inventory_comparator_tracking.DiodeBlockMixin from mod lithium->@Inject::notifyOnBlockAdded(Lnet/minecraft/world/level/block/state/BlockState;Lnet/minecraft/world/level/Level;Lnet/minecraft/core/BlockPos;Lnet/minecraft/world/level/block/state/BlockState;ZLorg/spongepowered/asm/mixin/injection/callback/CallbackInfo;)V doesn't use it's CallbackInfo
[19:38:36] [main/DEBUG] (FabricLoader/Mixin) lithium.mixins.json:util.inventory_comparator_tracking.DiodeBlockMixin from mod lithium->@Inject::notifyOnBlockAdded(Lnet/minecraft/world/level/block/state/BlockState;Lnet/minecraft/world/level/Level;Lnet/minecraft/core/BlockPos;Lnet/minecraft/world/level/block/state/BlockState;ZLorg/spongepowered/asm/mixin/injection/callback/CallbackInfo;)V has 0 override(s) in child classes
[19:38:36] [main/DEBUG] (FabricLoader/Mixin) lithium.mixins.json:util.inventory_comparator_tracking.DiodeBlockMixin from mod lithium->@Inject::notifyOnBlockAdded(Lnet/minecraft/world/level/block/state/BlockState;Lnet/minecraft/world/level/Level;Lnet/minecraft/core/BlockPos;Lnet/minecraft/world/level/block/state/BlockState;ZLorg/spongepowered/asm/mixin/injection/callback/CallbackInfo;)V won't be passed a CallbackInfo as a result
[19:38:37] [main/DEBUG] (FabricLoader/Mixin) Mixing EnchantmentMenuMixin from djs-fixed-progression.mixins.json into net.minecraft.world.inventory.EnchantmentMenu
[19:38:37] [main/DEBUG] (FabricLoader/Mixin) Renaming synthetic method lambda$calculateBookshelfSlots$0(Lnet/minecraft/world/level/Level;Lnet/minecraft/core/BlockPos;)V to mdb752e4$djs-fixed-progression$lambda$calculateBookshelfSlots$0$0 in djs-fixed-progression.mixins.json:EnchantmentMenuMixin from mod djs-fixed-progression
[19:38:37] [main/DEBUG] (FabricLoader/Mixin) djs-fixed-progression.mixins.json:EnchantmentMenuMixin from mod djs-fixed-progression->@Inject::onInit(ILnet/minecraft/world/entity/player/Inventory;Lnet/minecraft/world/inventory/ContainerLevelAccess;Lorg/spongepowered/asm/mixin/injection/callback/CallbackInfo;)V doesn't use it's CallbackInfo
[19:38:37] [main/DEBUG] (FabricLoader/Mixin) djs-fixed-progression.mixins.json:EnchantmentMenuMixin from mod djs-fixed-progression->@Inject::onInit(ILnet/minecraft/world/entity/player/Inventory;Lnet/minecraft/world/inventory/ContainerLevelAccess;Lorg/spongepowered/asm/mixin/injection/callback/CallbackInfo;)V has 0 override(s) in child classes
[19:38:37] [main/DEBUG] (FabricLoader/Mixin) djs-fixed-progression.mixins.json:EnchantmentMenuMixin from mod djs-fixed-progression->@Inject::onInit(ILnet/minecraft/world/entity/player/Inventory;Lnet/minecraft/world/inventory/ContainerLevelAccess;Lorg/spongepowered/asm/mixin/injection/callback/CallbackInfo;)V won't be passed a CallbackInfo as a result
[19:38:37] [main/DEBUG] (FabricLoader/Mixin) djs-fixed-progression.mixins.json:EnchantmentMenuMixin from mod djs-fixed-progression->@Inject::customMoveQuick(Lnet/minecraft/world/entity/player/Player;ILorg/spongepowered/asm/mixin/injection/callback/CallbackInfoReturnable;)V does use it's CallbackInfoReturnable
[19:38:37] [main/DEBUG] (FabricLoader/Mixin) djs-fixed-progression.mixins.json:EnchantmentMenuMixin from mod djs-fixed-progression->@Inject::calculateBookshelfSlots(Lnet/minecraft/world/Container;Lorg/spongepowered/asm/mixin/injection/callback/CallbackInfo;)V doesn't use it's CallbackInfo
[19:38:37] [main/DEBUG] (FabricLoader/Mixin) djs-fixed-progression.mixins.json:EnchantmentMenuMixin from mod djs-fixed-progression->@Inject::calculateBookshelfSlots(Lnet/minecraft/world/Container;Lorg/spongepowered/asm/mixin/injection/callback/CallbackInfo;)V has 0 override(s) in child classes
[19:38:37] [main/DEBUG] (FabricLoader/Mixin) djs-fixed-progression.mixins.json:EnchantmentMenuMixin from mod djs-fixed-progression->@Inject::calculateBookshelfSlots(Lnet/minecraft/world/Container;Lorg/spongepowered/asm/mixin/injection/callback/CallbackInfo;)V won't be passed a CallbackInfo as a result
[19:38:37] [main/DEBUG] (FabricLoader/Mixin) Mixing BrewingStandBlockEntityMixin from fabric-item-api-v1.mixins.json into net.minecraft.world.level.block.entity.BrewingStandBlockEntity
[19:38:37] [main/DEBUG] (FabricLoader/Mixin) Mixing block.hopper.InventoryAccessors$BrewingStandBlockEntityMixin from lithium.mixins.json into net.minecraft.world.level.block.entity.BrewingStandBlockEntity
[19:38:37] [main/DEBUG] (FabricLoader/Mixin) Mixing util.inventory_change_listening.StackListReplacementTracking$BrewingStandBlockEntityMixin from lithium.mixins.json into net.minecraft.world.level.block.entity.BrewingStandBlockEntity
[19:38:37] [main/DEBUG] (FabricLoader/Mixin) Mixing world.block_entity_ticking.sleeping.brewing_stand.BrewingStandBlockEntityMixin from lithium.mixins.json into net.minecraft.world.level.block.entity.BrewingStandBlockEntity
[19:38:37] [main/DEBUG] (FabricLoader/Mixin) fabric-item-api-v1.mixins.json:BrewingStandBlockEntityMixin from mod fabric-item-api-v1->@Inject::captureItemStack(Lnet/minecraft/world/level/Level;Lnet/minecraft/core/BlockPos;Lnet/minecraft/core/NonNullList;Lorg/spongepowered/asm/mixin/injection/callback/CallbackInfo;)V doesn't use it's CallbackInfo
[19:38:37] [main/DEBUG] (FabricLoader/Mixin) lithium.mixins.json:world.block_entity_ticking.sleeping.brewing_stand.BrewingStandBlockEntityMixin from mod lithium->@Inject::checkSleep(Lnet/minecraft/world/level/Level;Lnet/minecraft/core/BlockPos;Lnet/minecraft/world/level/block/state/BlockState;Lnet/minecraft/world/level/block/entity/BrewingStandBlockEntity;Lorg/spongepowered/asm/mixin/injection/callback/CallbackInfo;)V doesn't use it's CallbackInfo
[19:38:37] [main/DEBUG] (FabricLoader/Mixin) lithium.mixins.json:world.block_entity_ticking.sleeping.brewing_stand.BrewingStandBlockEntityMixin from mod lithium->@Inject::wakeUpOnMarkDirty(Lnet/minecraft/world/level/Level;Lnet/minecraft/core/BlockPos;Lnet/minecraft/world/level/block/state/BlockState;Lnet/minecraft/world/level/block/entity/BrewingStandBlockEntity;Lorg/spongepowered/asm/mixin/injection/callback/CallbackInfo;)V doesn't use it's CallbackInfo
[19:38:37] [main/DEBUG] (FabricLoader/Mixin) lithium.mixins.json:world.block_entity_ticking.sleeping.brewing_stand.BrewingStandBlockEntityMixin from mod lithium->@Inject::wakeUpOnMarkDirty(Lnet/minecraft/world/level/Level;Lnet/minecraft/core/BlockPos;Lnet/minecraft/world/level/block/state/BlockState;Lnet/minecraft/world/level/block/entity/BrewingStandBlockEntity;Lorg/spongepowered/asm/mixin/injection/callback/CallbackInfo;)V doesn't use it's CallbackInfo
[19:38:37] [main/DEBUG] (FabricLoader/Mixin) lithium.mixins.json:world.block_entity_ticking.sleeping.brewing_stand.BrewingStandBlockEntityMixin from mod lithium->@Inject::wakeUpOnMarkDirty(Lnet/minecraft/world/level/Level;Lnet/minecraft/core/BlockPos;Lnet/minecraft/world/level/block/state/BlockState;Lnet/minecraft/world/level/block/entity/BrewingStandBlockEntity;Lorg/spongepowered/asm/mixin/injection/callback/CallbackInfo;)V doesn't use it's CallbackInfo
[19:38:37] [main/DEBUG] (FabricLoader/Mixin) lithium.mixins.json:world.block_entity_ticking.sleeping.brewing_stand.BrewingStandBlockEntityMixin from mod lithium->@Inject::wakeUpAfterFromTag(Lorg/spongepowered/asm/mixin/injection/callback/CallbackInfo;)V doesn't use it's CallbackInfo
[19:38:37] [main/DEBUG] (FabricLoader/Mixin) lithium.mixins.json:world.block_entity_ticking.sleeping.brewing_stand.BrewingStandBlockEntityMixin from mod lithium->@Inject::wakeUpAfterFromTag(Lorg/spongepowered/asm/mixin/injection/callback/CallbackInfo;)V has 0 override(s) in child classes
[19:38:37] [main/DEBUG] (FabricLoader/Mixin) lithium.mixins.json:world.block_entity_ticking.sleeping.brewing_stand.BrewingStandBlockEntityMixin from mod lithium->@Inject::wakeUpAfterFromTag(Lorg/spongepowered/asm/mixin/injection/callback/CallbackInfo;)V won't be passed a CallbackInfo as a result
[19:38:37] [main/DEBUG] (FabricLoader/Mixin) Mixing ItemStackMixin from fabric-item-api-v1.mixins.json into net.minecraft.world.item.ItemStack
[19:38:37] [main/DEBUG] (FabricLoader/Mixin) Renaming synthetic method lambda$hookDamage$0(Lorg/apache/commons/lang3/mutable/MutableBoolean;Ljava/util/function/Consumer;)V to mdb752e4$fabric-item-api-v1$lambda$hookDamage$0$0 in fabric-item-api-v1.mixins.json:ItemStackMixin from mod fabric-item-api-v1
[19:38:37] [main/DEBUG] (FabricLoader/Mixin) Mixing util.accessors.ItemStackAccessor from lithium.mixins.json into net.minecraft.world.item.ItemStack
[19:38:37] [main/DEBUG] (FabricLoader/Mixin) Mixing util.item_component_and_count_tracking.ItemStackMixin from lithium.mixins.json into net.minecraft.world.item.ItemStack
[19:38:37] [main/DEBUG] (FabricLoader/Mixin) Mixing ItemStackMixin from djs-fixed-progression.mixins.json into net.minecraft.world.item.ItemStack
[19:38:37] [main/DEBUG] (FabricLoader/Mixin) Mixing ItemStackMixin from fabric-events-interaction-v0.mixins.json into net.minecraft.world.item.ItemStack
[19:38:37] [main/DEBUG] (FabricLoader/Mixin) fabric-item-api-v1.mixins.json:ItemStackMixin from mod fabric-item-api-v1->@Inject::preAttributeModifiers(Lnet/minecraft/world/item/Item$TooltipContext;Lnet/minecraft/world/item/component/TooltipDisplay;Lnet/minecraft/world/entity/player/Player;Lnet/minecraft/world/item/TooltipFlag;Ljava/util/function/Consumer;Lorg/spongepowered/asm/mixin/injection/callback/CallbackInfo;)V doesn't use it's CallbackInfo
[19:38:37] [main/DEBUG] (FabricLoader/Mixin) fabric-item-api-v1.mixins.json:ItemStackMixin from mod fabric-item-api-v1->@Inject::postTooltipsAdvanced(Lnet/minecraft/world/item/Item$TooltipContext;Lnet/minecraft/world/item/component/TooltipDisplay;Lnet/minecraft/world/entity/player/Player;Lnet/minecraft/world/item/TooltipFlag;Ljava/util/function/Consumer;Lorg/spongepowered/asm/mixin/injection/callback/CallbackInfo;)V doesn't use it's CallbackInfo
[19:38:37] [main/DEBUG] (FabricLoader/Mixin) lithium.mixins.json:util.item_component_and_count_tracking.ItemStackMixin from mod lithium->@Inject::beforeChangeCount(ILorg/spongepowered/asm/mixin/injection/callback/CallbackInfo;)V doesn't use it's CallbackInfo
[19:38:37] [main/DEBUG] (FabricLoader/Mixin) lithium.mixins.json:util.item_component_and_count_tracking.ItemStackMixin from mod lithium->@Inject::onSetComponent(Lnet/minecraft/core/component/DataComponentType;Ljava/lang/Object;Lorg/spongepowered/asm/mixin/injection/callback/CallbackInfoReturnable;)V doesn't use it's CallbackInfoReturnable
[19:38:37] [main/DEBUG] (FabricLoader/Mixin) djs-fixed-progression.mixins.json:ItemStackMixin from mod djs-fixed-progression->@Inject::onInventoryTick(Lnet/minecraft/world/level/Level;Lnet/minecraft/world/entity/Entity;Lnet/minecraft/world/entity/EquipmentSlot;Lorg/spongepowered/asm/mixin/injection/callback/CallbackInfo;)V doesn't use it's CallbackInfo
[19:38:37] [main/DEBUG] (FabricLoader/Mixin) djs-fixed-progression.mixins.json:ItemStackMixin from mod djs-fixed-progression->@Inject::onHurtAndBreak(ILnet/minecraft/server/level/ServerLevel;Lnet/minecraft/server/level/ServerPlayer;Ljava/util/function/Consumer;Lorg/spongepowered/asm/mixin/injection/callback/CallbackInfo;)V doesn't use it's CallbackInfo
[19:38:37] [main/DEBUG] (FabricLoader/Mixin) djs-fixed-progression.mixins.json:ItemStackMixin from mod djs-fixed-progression->@Inject::halvePotionDrinkTime(Lnet/minecraft/world/entity/LivingEntity;Lorg/spongepowered/asm/mixin/injection/callback/CallbackInfoReturnable;)V does use it's CallbackInfoReturnable
[19:38:37] [main/DEBUG] (FabricLoader/Mixin) Mixing world.chunk_ticking.spread_ice.BiomeMixin from lithium.mixins.json into net.minecraft.world.level.biome.Biome
[19:38:37] [main/DEBUG] (FabricLoader/Mixin) Mixing world.temperature_cache.BiomeMixin from lithium.mixins.json into net.minecraft.world.level.biome.Biome
[19:38:37] [main/DEBUG] (FabricLoader/Mixin) Mixing BeaconBlockEntityMixin from djs-fixed-progression.mixins.json into net.minecraft.world.level.block.entity.BeaconBlockEntity
[19:38:37] [main/DEBUG] (FabricLoader/Mixin) Renaming synthetic method lambda$applyCustomModularEffects$2(Lnet/minecraft/world/entity/LivingEntity;)Z to mdb752e4$djs-fixed-progression$lambda$applyCustomModularEffects$2$0 in djs-fixed-progression.mixins.json:BeaconBlockEntityMixin from mod djs-fixed-progression
[19:38:37] [main/DEBUG] (FabricLoader/Mixin) Renaming synthetic method lambda$applyCustomModularEffects$1(Lnet/minecraft/world/entity/LivingEntity;)Z to mdb752e4$djs-fixed-progression$lambda$applyCustomModularEffects$1$1 in djs-fixed-progression.mixins.json:BeaconBlockEntityMixin from mod djs-fixed-progression
[19:38:37] [main/DEBUG] (FabricLoader/Mixin) Renaming synthetic method lambda$loadUpgrades$0(Lnet/minecraft/nbt/CompoundTag;)V to mdb752e4$djs-fixed-progression$lambda$loadUpgrades$0$2 in djs-fixed-progression.mixins.json:BeaconBlockEntityMixin from mod djs-fixed-progression
[19:38:37] [main/DEBUG] (FabricLoader/Mixin) djs-fixed-progression.mixins.json:BeaconBlockEntityMixin from mod djs-fixed-progression->@Inject::saveUpgrades(Lnet/minecraft/world/level/storage/ValueOutput;Lorg/spongepowered/asm/mixin/injection/callback/CallbackInfo;)V doesn't use it's CallbackInfo
[19:38:37] [main/DEBUG] (FabricLoader/Mixin) djs-fixed-progression.mixins.json:BeaconBlockEntityMixin from mod djs-fixed-progression->@Inject::saveUpgrades(Lnet/minecraft/world/level/storage/ValueOutput;Lorg/spongepowered/asm/mixin/injection/callback/CallbackInfo;)V has 0 override(s) in child classes
[19:38:37] [main/DEBUG] (FabricLoader/Mixin) djs-fixed-progression.mixins.json:BeaconBlockEntityMixin from mod djs-fixed-progression->@Inject::saveUpgrades(Lnet/minecraft/world/level/storage/ValueOutput;Lorg/spongepowered/asm/mixin/injection/callback/CallbackInfo;)V won't be passed a CallbackInfo as a result
[19:38:37] [main/DEBUG] (FabricLoader/Mixin) djs-fixed-progression.mixins.json:BeaconBlockEntityMixin from mod djs-fixed-progression->@Inject::loadUpgrades(Lnet/minecraft/world/level/storage/ValueInput;Lorg/spongepowered/asm/mixin/injection/callback/CallbackInfo;)V doesn't use it's CallbackInfo
[19:38:37] [main/DEBUG] (FabricLoader/Mixin) djs-fixed-progression.mixins.json:BeaconBlockEntityMixin from mod djs-fixed-progression->@Inject::loadUpgrades(Lnet/minecraft/world/level/storage/ValueInput;Lorg/spongepowered/asm/mixin/injection/callback/CallbackInfo;)V has 0 override(s) in child classes
[19:38:37] [main/DEBUG] (FabricLoader/Mixin) djs-fixed-progression.mixins.json:BeaconBlockEntityMixin from mod djs-fixed-progression->@Inject::loadUpgrades(Lnet/minecraft/world/level/storage/ValueInput;Lorg/spongepowered/asm/mixin/injection/callback/CallbackInfo;)V won't be passed a CallbackInfo as a result
[19:38:37] [main/DEBUG] (FabricLoader/Mixin) djs-fixed-progression.mixins.json:BeaconBlockEntityMixin from mod djs-fixed-progression->@Inject::applyCustomModularEffects(Lnet/minecraft/world/level/Level;Lnet/minecraft/core/BlockPos;ILnet/minecraft/core/Holder;Lnet/minecraft/core/Holder;Lorg/spongepowered/asm/mixin/injection/callback/CallbackInfo;)V does use it's CallbackInfo
[19:38:37] [main/DEBUG] (FabricLoader/Mixin) djs-fixed-progression.mixins.json:BeaconBlockEntityMixin from mod djs-fixed-progression->@Inject::removeFromTracker(Lorg/spongepowered/asm/mixin/injection/callback/CallbackInfo;)V doesn't use it's CallbackInfo
[19:38:37] [main/DEBUG] (FabricLoader/Mixin) djs-fixed-progression.mixins.json:BeaconBlockEntityMixin from mod djs-fixed-progression->@Inject::removeFromTracker(Lorg/spongepowered/asm/mixin/injection/callback/CallbackInfo;)V has 0 override(s) in child classes
[19:38:37] [main/DEBUG] (FabricLoader/Mixin) djs-fixed-progression.mixins.json:BeaconBlockEntityMixin from mod djs-fixed-progression->@Inject::removeFromTracker(Lorg/spongepowered/asm/mixin/injection/callback/CallbackInfo;)V won't be passed a CallbackInfo as a result
[19:38:37] [main/DEBUG] (FabricLoader/Mixin) Mixing WitherBossMixin from djs-fixed-progression.mixins.json into net.minecraft.world.entity.boss.wither.WitherBoss
[19:38:37] [main/DEBUG] (FabricLoader/Mixin) Mixing AnvilMenuMixin from fabric-item-api-v1.mixins.json into net.minecraft.world.inventory.AnvilMenu
[19:38:37] [main/DEBUG] (FabricLoader/Mixin) Mixing block.hopper.HopperBlockMixin from lithium.mixins.json into net.minecraft.world.level.block.HopperBlock
[19:38:37] [main/DEBUG] (FabricLoader/Mixin) lithium.mixins.json:block.hopper.HopperBlockMixin from mod lithium->@Inject::updateBlockEntity(Lnet/minecraft/world/level/block/state/BlockState;Lnet/minecraft/world/level/Level;Lnet/minecraft/core/BlockPos;Lnet/minecraft/world/level/block/Block;Lnet/minecraft/world/level/redstone/Orientation;ZLorg/spongepowered/asm/mixin/injection/callback/CallbackInfo;)V doesn't use it's CallbackInfo
[19:38:37] [main/DEBUG] (FabricLoader/Mixin) lithium.mixins.json:block.hopper.HopperBlockMixin from mod lithium->@Inject::updateBlockEntity(Lnet/minecraft/world/level/block/state/BlockState;Lnet/minecraft/world/level/Level;Lnet/minecraft/core/BlockPos;Lnet/minecraft/world/level/block/Block;Lnet/minecraft/world/level/redstone/Orientation;ZLorg/spongepowered/asm/mixin/injection/callback/CallbackInfo;)V has 0 override(s) in child classes
[19:38:37] [main/DEBUG] (FabricLoader/Mixin) lithium.mixins.json:block.hopper.HopperBlockMixin from mod lithium->@Inject::updateBlockEntity(Lnet/minecraft/world/level/block/state/BlockState;Lnet/minecraft/world/level/Level;Lnet/minecraft/core/BlockPos;Lnet/minecraft/world/level/block/Block;Lnet/minecraft/world/level/redstone/Orientation;ZLorg/spongepowered/asm/mixin/injection/callback/CallbackInfo;)V won't be passed a CallbackInfo as a result
[19:38:37] [main/DEBUG] (FabricLoader/Mixin) lithium.mixins.json:block.hopper.HopperBlockMixin from mod lithium->@Inject::workAroundVanillaUpdateSuppression(Lnet/minecraft/world/level/block/state/BlockState;Lnet/minecraft/world/level/Level;Lnet/minecraft/core/BlockPos;Lnet/minecraft/world/level/block/state/BlockState;ZLorg/spongepowered/asm/mixin/injection/callback/CallbackInfo;)V doesn't use it's CallbackInfo
[19:38:37] [main/DEBUG] (FabricLoader/Mixin) lithium.mixins.json:block.hopper.HopperBlockMixin from mod lithium->@Inject::workAroundVanillaUpdateSuppression(Lnet/minecraft/world/level/block/state/BlockState;Lnet/minecraft/world/level/Level;Lnet/minecraft/core/BlockPos;Lnet/minecraft/world/level/block/state/BlockState;ZLorg/spongepowered/asm/mixin/injection/callback/CallbackInfo;)V has 0 override(s) in child classes
[19:38:37] [main/DEBUG] (FabricLoader/Mixin) lithium.mixins.json:block.hopper.HopperBlockMixin from mod lithium->@Inject::workAroundVanillaUpdateSuppression(Lnet/minecraft/world/level/block/state/BlockState;Lnet/minecraft/world/level/Level;Lnet/minecraft/core/BlockPos;Lnet/minecraft/world/level/block/state/BlockState;ZLorg/spongepowered/asm/mixin/injection/callback/CallbackInfo;)V won't be passed a CallbackInfo as a result
[19:38:37] [main/DEBUG] (FabricLoader/Mixin) Mixing block.hopper.HopperBlockEntityMixin from lithium.mixins.json into net.minecraft.world.level.block.entity.HopperBlockEntity
[19:38:37] [main/DEBUG] (FabricLoader/Mixin) Mixing HopperBlockEntityMixin from fabric-transfer-api-v1.mixins.json into net.minecraft.world.level.block.entity.HopperBlockEntity
[19:38:37] [main/DEBUG] (FabricLoader/Mixin) Renaming synthetic method lambda$hookExtract$1(Lnet/fabricmc/fabric/api/transfer/v1/item/ItemVariant;)Z to mdb752e4$fabric-transfer-api-v1$lambda$hookExtract$1$0 in fabric-transfer-api-v1.mixins.json:HopperBlockEntityMixin from mod fabric-transfer-api-v1
[19:38:37] [main/DEBUG] (FabricLoader/Mixin) Renaming synthetic method lambda$hookInsert$0(Lnet/fabricmc/fabric/api/transfer/v1/item/ItemVariant;)Z to mdb752e4$fabric-transfer-api-v1$lambda$hookInsert$0$1 in fabric-transfer-api-v1.mixins.json:HopperBlockEntityMixin from mod fabric-transfer-api-v1
[19:38:37] [main/DEBUG] (FabricLoader/Mixin) Mixing block.hopper.InventoryAccessors$HopperBlockEntityMixin from lithium.mixins.json into net.minecraft.world.level.block.entity.HopperBlockEntity
[19:38:37] [main/DEBUG] (FabricLoader/Mixin) Mixing util.inventory_change_listening.StackListReplacementTracking$HopperBlockEntityMixin from lithium.mixins.json into net.minecraft.world.level.block.entity.HopperBlockEntity
[19:38:37] [main/DEBUG] (FabricLoader/Mixin) Mixing world.block_entity_ticking.sleeping.hopper.HopperBlockEntityMixin from lithium.mixins.json into net.minecraft.world.level.block.entity.HopperBlockEntity
[19:38:37] [main/DEBUG] (FabricLoader/Mixin) lithium.mixins.json:block.hopper.HopperBlockEntityMixin from mod lithium->@Inject::lithiumInsert(Lnet/minecraft/world/level/Level;Lnet/minecraft/core/BlockPos;Lnet/minecraft/world/level/block/entity/HopperBlockEntity;Lorg/spongepowered/asm/mixin/injection/callback/CallbackInfoReturnable;)V does use it's CallbackInfoReturnable
[19:38:37] [main/DEBUG] (FabricLoader/Mixin) lithium.mixins.json:block.hopper.HopperBlockEntityMixin from mod lithium->@Inject::lithiumExtract(Lnet/minecraft/world/level/Level;Lnet/minecraft/world/level/block/entity/Hopper;Lorg/spongepowered/asm/mixin/injection/callback/CallbackInfoReturnable;)V does use it's CallbackInfoReturnable
[19:38:37] [main/DEBUG] (FabricLoader/Mixin) lithium.mixins.json:block.hopper.HopperBlockEntityMixin from mod lithium->@Inject::invalidateOnSetCachedState(Lnet/minecraft/world/level/block/state/BlockState;Lorg/spongepowered/asm/mixin/injection/callback/CallbackInfo;)V doesn't use it's CallbackInfo
[19:38:37] [main/DEBUG] (FabricLoader/Mixin) lithium.mixins.json:block.hopper.HopperBlockEntityMixin from mod lithium->@Inject::invalidateOnSetCachedState(Lnet/minecraft/world/level/block/state/BlockState;Lorg/spongepowered/asm/mixin/injection/callback/CallbackInfo;)V has 0 override(s) in child classes
[19:38:37] [main/DEBUG] (FabricLoader/Mixin) lithium.mixins.json:block.hopper.HopperBlockEntityMixin from mod lithium->@Inject::invalidateOnSetCachedState(Lnet/minecraft/world/level/block/state/BlockState;Lorg/spongepowered/asm/mixin/injection/callback/CallbackInfo;)V won't be passed a CallbackInfo as a result
[19:38:37] [main/DEBUG] (FabricLoader/Mixin) lithium.mixins.json:block.hopper.HopperBlockEntityMixin from mod lithium->@Inject::checkSleepingConditions(Lnet/minecraft/world/level/Level;Lnet/minecraft/core/BlockPos;Lnet/minecraft/world/level/block/state/BlockState;Lnet/minecraft/world/level/block/entity/HopperBlockEntity;Lorg/spongepowered/asm/mixin/injection/callback/CallbackInfo;)V doesn't use it's CallbackInfo
[19:38:37] [main/DEBUG] (FabricLoader/Mixin) fabric-transfer-api-v1.mixins.json:HopperBlockEntityMixin from mod fabric-transfer-api-v1->@Inject::hookInsert(Lnet/minecraft/world/level/Level;Lnet/minecraft/core/BlockPos;Lnet/minecraft/world/level/block/entity/HopperBlockEntity;Lorg/spongepowered/asm/mixin/injection/callback/CallbackInfoReturnable;)V does use it's CallbackInfoReturnable
[19:38:37] [main/DEBUG] (FabricLoader/Mixin) fabric-transfer-api-v1.mixins.json:HopperBlockEntityMixin from mod fabric-transfer-api-v1->@Inject::hookExtract(Lnet/minecraft/world/level/Level;Lnet/minecraft/world/level/block/entity/Hopper;Lorg/spongepowered/asm/mixin/injection/callback/CallbackInfoReturnable;)V does use it's CallbackInfoReturnable
[19:38:37] [main/DEBUG] (FabricLoader/Mixin) lithium.mixins.json:util.inventory_change_listening.StackListReplacementTracking$HopperBlockEntityMixin from mod lithium->@Inject::setInventoryStackListReplacement(Lnet/minecraft/core/NonNullList;Lorg/spongepowered/asm/mixin/injection/callback/CallbackInfo;)V doesn't use it's CallbackInfo
[19:38:37] [main/DEBUG] (FabricLoader/Mixin) lithium.mixins.json:util.inventory_change_listening.StackListReplacementTracking$HopperBlockEntityMixin from mod lithium->@Inject::setInventoryStackListReplacement(Lnet/minecraft/core/NonNullList;Lorg/spongepowered/asm/mixin/injection/callback/CallbackInfo;)V has 0 override(s) in child classes
[19:38:37] [main/DEBUG] (FabricLoader/Mixin) lithium.mixins.json:util.inventory_change_listening.StackListReplacementTracking$HopperBlockEntityMixin from mod lithium->@Inject::setInventoryStackListReplacement(Lnet/minecraft/core/NonNullList;Lorg/spongepowered/asm/mixin/injection/callback/CallbackInfo;)V won't be passed a CallbackInfo as a result
[19:38:37] [main/DEBUG] (FabricLoader/Mixin) lithium.mixins.json:world.block_entity_ticking.sleeping.hopper.HopperBlockEntityMixin from mod lithium->@Inject::sleepIfNoCooldownAndLocked(Lnet/minecraft/world/level/Level;Lnet/minecraft/core/BlockPos;Lnet/minecraft/world/level/block/state/BlockState;Lnet/minecraft/world/level/block/entity/HopperBlockEntity;Ljava/util/function/BooleanSupplier;Lorg/spongepowered/asm/mixin/injection/callback/CallbackInfoReturnable;)V doesn't use it's CallbackInfoReturnable
[19:38:37] [main/DEBUG] (FabricLoader/Mixin) lithium.mixins.json:world.block_entity_ticking.sleeping.hopper.HopperBlockEntityMixin from mod lithium->@Inject::wakeUpOnCooldownSet(ILorg/spongepowered/asm/mixin/injection/callback/CallbackInfo;)V doesn't use it's CallbackInfo
[19:38:37] [main/DEBUG] (FabricLoader/Mixin) lithium.mixins.json:world.block_entity_ticking.sleeping.hopper.HopperBlockEntityMixin from mod lithium->@Inject::wakeUpOnCooldownSet(ILorg/spongepowered/asm/mixin/injection/callback/CallbackInfo;)V has 0 override(s) in child classes
[19:38:37] [main/DEBUG] (FabricLoader/Mixin) lithium.mixins.json:world.block_entity_ticking.sleeping.hopper.HopperBlockEntityMixin from mod lithium->@Inject::wakeUpOnCooldownSet(ILorg/spongepowered/asm/mixin/injection/callback/CallbackInfo;)V won't be passed a CallbackInfo as a result
[19:38:37] [main/DEBUG] (FabricLoader/Mixin) Mixing DropperBlockMixin from fabric-transfer-api-v1.mixins.json into net.minecraft.world.level.block.DropperBlock
[19:38:37] [main/DEBUG] (FabricLoader/Mixin) Renaming synthetic method lambda$hookDispense$0(Lnet/fabricmc/fabric/api/transfer/v1/item/ItemVariant;)Z to mdb752e4$fabric-transfer-api-v1$lambda$hookDispense$0$0 in fabric-transfer-api-v1.mixins.json:DropperBlockMixin from mod fabric-transfer-api-v1
[19:38:37] [main/DEBUG] (FabricLoader/Mixin) fabric-transfer-api-v1.mixins.json:DropperBlockMixin from mod fabric-transfer-api-v1->@Inject::hookDispense(Lnet/minecraft/server/level/ServerLevel;Lnet/minecraft/world/level/block/state/BlockState;Lnet/minecraft/core/BlockPos;Lorg/spongepowered/asm/mixin/injection/callback/CallbackInfo;)V does use it's CallbackInfo
[19:38:37] [main/DEBUG] (FabricLoader/Mixin) Mixing BannerBlockEntityMixin from fabric-data-attachment-api-v1.mixins.json into net.minecraft.world.level.block.entity.BannerBlockEntity
[19:38:38] [main/DEBUG] (FabricLoader/Mixin) Mixing block.hopper.InventoryAccessors$ShulkerBoxBlockEntityMixin from lithium.mixins.json into net.minecraft.world.level.block.entity.ShulkerBoxBlockEntity
[19:38:38] [main/DEBUG] (FabricLoader/Mixin) Mixing util.inventory_change_listening.StackListReplacementTracking$ShulkerBoxBlockEntityMixin from lithium.mixins.json into net.minecraft.world.level.block.entity.ShulkerBoxBlockEntity
[19:38:38] [main/DEBUG] (FabricLoader/Mixin) Mixing world.block_entity_ticking.sleeping.shulker_box.ShulkerBoxBlockEntityMixin from lithium.mixins.json into net.minecraft.world.level.block.entity.ShulkerBoxBlockEntity
[19:38:38] [main/DEBUG] (FabricLoader/Mixin) lithium.mixins.json:util.inventory_change_listening.StackListReplacementTracking$ShulkerBoxBlockEntityMixin from mod lithium->@Inject::setInventoryStackListReplacement(Lnet/minecraft/core/NonNullList;Lorg/spongepowered/asm/mixin/injection/callback/CallbackInfo;)V doesn't use it's CallbackInfo
[19:38:38] [main/DEBUG] (FabricLoader/Mixin) lithium.mixins.json:util.inventory_change_listening.StackListReplacementTracking$ShulkerBoxBlockEntityMixin from mod lithium->@Inject::setInventoryStackListReplacement(Lnet/minecraft/core/NonNullList;Lorg/spongepowered/asm/mixin/injection/callback/CallbackInfo;)V has 0 override(s) in child classes
[19:38:38] [main/DEBUG] (FabricLoader/Mixin) lithium.mixins.json:util.inventory_change_listening.StackListReplacementTracking$ShulkerBoxBlockEntityMixin from mod lithium->@Inject::setInventoryStackListReplacement(Lnet/minecraft/core/NonNullList;Lorg/spongepowered/asm/mixin/injection/callback/CallbackInfo;)V won't be passed a CallbackInfo as a result
[19:38:38] [main/DEBUG] (FabricLoader/Mixin) lithium.mixins.json:world.block_entity_ticking.sleeping.shulker_box.ShulkerBoxBlockEntityMixin from mod lithium->@Inject::wakeUpOnSyncedBlockEvent(IILorg/spongepowered/asm/mixin/injection/callback/CallbackInfoReturnable;)V doesn't use it's CallbackInfoReturnable
[19:38:38] [main/DEBUG] (FabricLoader/Mixin) lithium.mixins.json:world.block_entity_ticking.sleeping.shulker_box.ShulkerBoxBlockEntityMixin from mod lithium->@Inject::wakeUpOnSyncedBlockEvent(IILorg/spongepowered/asm/mixin/injection/callback/CallbackInfoReturnable;)V has 0 override(s) in child classes
[19:38:38] [main/DEBUG] (FabricLoader/Mixin) lithium.mixins.json:world.block_entity_ticking.sleeping.shulker_box.ShulkerBoxBlockEntityMixin from mod lithium->@Inject::wakeUpOnSyncedBlockEvent(IILorg/spongepowered/asm/mixin/injection/callback/CallbackInfoReturnable;)V won't be passed a CallbackInfoReturnable as a result
[19:38:38] [main/DEBUG] (FabricLoader/Mixin) lithium.mixins.json:world.block_entity_ticking.sleeping.shulker_box.ShulkerBoxBlockEntityMixin from mod lithium->@Inject::sleepOnAnimationEnd(Lnet/minecraft/world/level/Level;Lnet/minecraft/core/BlockPos;Lnet/minecraft/world/level/block/state/BlockState;Lorg/spongepowered/asm/mixin/injection/callback/CallbackInfo;)V doesn't use it's CallbackInfo
[19:38:38] [main/DEBUG] (FabricLoader/Mixin) lithium.mixins.json:world.block_entity_ticking.sleeping.shulker_box.ShulkerBoxBlockEntityMixin from mod lithium->@Inject::sleepOnAnimationEnd(Lnet/minecraft/world/level/Level;Lnet/minecraft/core/BlockPos;Lnet/minecraft/world/level/block/state/BlockState;Lorg/spongepowered/asm/mixin/injection/callback/CallbackInfo;)V has 0 override(s) in child classes
[19:38:38] [main/DEBUG] (FabricLoader/Mixin) lithium.mixins.json:world.block_entity_ticking.sleeping.shulker_box.ShulkerBoxBlockEntityMixin from mod lithium->@Inject::sleepOnAnimationEnd(Lnet/minecraft/world/level/Level;Lnet/minecraft/core/BlockPos;Lnet/minecraft/world/level/block/state/BlockState;Lorg/spongepowered/asm/mixin/injection/callback/CallbackInfo;)V won't be passed a CallbackInfo as a result
[19:38:38] [main/DEBUG] (FabricLoader/Mixin) Mixing AnimalMixin from djs-fixed-progression.mixins.json into net.minecraft.world.entity.animal.Animal
[19:38:38] [main/DEBUG] (FabricLoader/Mixin) djs-fixed-progression.mixins.json:AnimalMixin from mod djs-fixed-progression->@Inject::applyBreedingCooldownBoost(Lnet/minecraft/server/level/ServerLevel;Lnet/minecraft/world/entity/animal/Animal;Lorg/spongepowered/asm/mixin/injection/callback/CallbackInfo;)V doesn't use it's CallbackInfo
[19:38:38] [main/DEBUG] (FabricLoader/Mixin) djs-fixed-progression.mixins.json:AnimalMixin from mod djs-fixed-progression->@Inject::applyBreedingCooldownBoost(Lnet/minecraft/server/level/ServerLevel;Lnet/minecraft/world/entity/animal/Animal;Lorg/spongepowered/asm/mixin/injection/callback/CallbackInfo;)V has 0 override(s) in child classes
[19:38:38] [main/DEBUG] (FabricLoader/Mixin) djs-fixed-progression.mixins.json:AnimalMixin from mod djs-fixed-progression->@Inject::applyBreedingCooldownBoost(Lnet/minecraft/server/level/ServerLevel;Lnet/minecraft/world/entity/animal/Animal;Lorg/spongepowered/asm/mixin/injection/callback/CallbackInfo;)V won't be passed a CallbackInfo as a result
[19:38:38] [main/DEBUG] (FabricLoader/Mixin) Mixing ai.useless_sensors.parent_animal_sensor.AgeableMobMixin from lithium.mixins.json into net.minecraft.world.entity.AgeableMob
[19:38:38] [main/DEBUG] (FabricLoader/Mixin) lithium.mixins.json:ai.useless_sensors.parent_animal_sensor.AgeableMobMixin from mod lithium->@Inject::handleParentSensor(Lnet/minecraft/network/syncher/EntityDataAccessor;Lorg/spongepowered/asm/mixin/injection/callback/CallbackInfo;)V doesn't use it's CallbackInfo
[19:38:38] [main/DEBUG] (FabricLoader/Mixin) lithium.mixins.json:ai.useless_sensors.parent_animal_sensor.AgeableMobMixin from mod lithium->@Inject::handleParentSensor(Lnet/minecraft/network/syncher/EntityDataAccessor;Lorg/spongepowered/asm/mixin/injection/callback/CallbackInfo;)V has 0 override(s) in child classes
[19:38:38] [main/DEBUG] (FabricLoader/Mixin) lithium.mixins.json:ai.useless_sensors.parent_animal_sensor.AgeableMobMixin from mod lithium->@Inject::handleParentSensor(Lnet/minecraft/network/syncher/EntityDataAccessor;Lorg/spongepowered/asm/mixin/injection/callback/CallbackInfo;)V won't be passed a CallbackInfo as a result
[19:38:38] [main/DEBUG] (FabricLoader/Mixin) Mixing SnifferMixin from djs-fixed-progression.mixins.json into net.minecraft.world.entity.animal.sniffer.Sniffer
[19:38:38] [main/DEBUG] (FabricLoader/Mixin) djs-fixed-progression.mixins.json:SnifferMixin from mod djs-fixed-progression->@Inject::feedSnifferScents(Lnet/minecraft/world/entity/player/Player;Lnet/minecraft/world/InteractionHand;Lorg/spongepowered/asm/mixin/injection/callback/CallbackInfoReturnable;)V does use it's CallbackInfoReturnable
[19:38:38] [main/DEBUG] (FabricLoader/Mixin) djs-fixed-progression.mixins.json:SnifferMixin from mod djs-fixed-progression->@Inject::handleComposterAndDistance(Lorg/spongepowered/asm/mixin/injection/callback/CallbackInfo;)V doesn't use it's CallbackInfo
[19:38:38] [main/DEBUG] (FabricLoader/Mixin) djs-fixed-progression.mixins.json:SnifferMixin from mod djs-fixed-progression->@Inject::handleComposterAndDistance(Lorg/spongepowered/asm/mixin/injection/callback/CallbackInfo;)V has 0 override(s) in child classes
[19:38:38] [main/DEBUG] (FabricLoader/Mixin) djs-fixed-progression.mixins.json:SnifferMixin from mod djs-fixed-progression->@Inject::handleComposterAndDistance(Lorg/spongepowered/asm/mixin/injection/callback/CallbackInfo;)V won't be passed a CallbackInfo as a result
[19:38:38] [main/DEBUG] (FabricLoader/Mixin) djs-fixed-progression.mixins.json:SnifferMixin from mod djs-fixed-progression->@Inject::syncClientEatingVisuals(Lorg/spongepowered/asm/mixin/injection/callback/CallbackInfo;)V doesn't use it's CallbackInfo
[19:38:38] [main/DEBUG] (FabricLoader/Mixin) djs-fixed-progression.mixins.json:SnifferMixin from mod djs-fixed-progression->@Inject::syncClientEatingVisuals(Lorg/spongepowered/asm/mixin/injection/callback/CallbackInfo;)V has 0 override(s) in child classes
[19:38:38] [main/DEBUG] (FabricLoader/Mixin) djs-fixed-progression.mixins.json:SnifferMixin from mod djs-fixed-progression->@Inject::syncClientEatingVisuals(Lorg/spongepowered/asm/mixin/injection/callback/CallbackInfo;)V won't be passed a CallbackInfo as a result
[19:38:38] [main/DEBUG] (FabricLoader/Mixin) djs-fixed-progression.mixins.json:SnifferMixin from mod djs-fixed-progression->@Inject::overrideStoreExploredPosition(Lnet/minecraft/core/BlockPos;Lorg/spongepowered/asm/mixin/injection/callback/CallbackInfoReturnable;)V does use it's CallbackInfoReturnable
[19:38:38] [main/DEBUG] (FabricLoader/Mixin) djs-fixed-progression.mixins.json:SnifferMixin from mod djs-fixed-progression->@Inject::dropCustomLoot(Lorg/spongepowered/asm/mixin/injection/callback/CallbackInfo;)V does use it's CallbackInfo
[19:38:38] [main/DEBUG] (FabricLoader/Mixin) Mixing entity.inactive_navigations.HappyGhastMixin from lithium.mixins.json into net.minecraft.world.entity.animal.happyghast.HappyGhast
[19:38:38] [main/DEBUG] (FabricLoader/Mixin) Mixing HappyGhastMixin from djs-fixed-progression.mixins.json into net.minecraft.world.entity.animal.happyghast.HappyGhast
[19:38:38] [main/DEBUG] (FabricLoader/Mixin) lithium.mixins.json:entity.inactive_navigations.HappyGhastMixin from mod lithium->@Inject::updateRegisteredNavigation(Lorg/spongepowered/asm/mixin/injection/callback/CallbackInfo;)V doesn't use it's CallbackInfo
[19:38:38] [main/DEBUG] (FabricLoader/Mixin) lithium.mixins.json:entity.inactive_navigations.HappyGhastMixin from mod lithium->@Inject::updateRegisteredNavigation(Lorg/spongepowered/asm/mixin/injection/callback/CallbackInfo;)V has 0 override(s) in child classes
[19:38:38] [main/DEBUG] (FabricLoader/Mixin) lithium.mixins.json:entity.inactive_navigations.HappyGhastMixin from mod lithium->@Inject::updateRegisteredNavigation(Lorg/spongepowered/asm/mixin/injection/callback/CallbackInfo;)V won't be passed a CallbackInfo as a result
[19:38:38] [main/DEBUG] (FabricLoader/Mixin) lithium.mixins.json:entity.inactive_navigations.HappyGhastMixin from mod lithium->@Inject::updateRegisteredNavigation1(Lorg/spongepowered/asm/mixin/injection/callback/CallbackInfo;)V doesn't use it's CallbackInfo
[19:38:38] [main/DEBUG] (FabricLoader/Mixin) lithium.mixins.json:entity.inactive_navigations.HappyGhastMixin from mod lithium->@Inject::updateRegisteredNavigation1(Lorg/spongepowered/asm/mixin/injection/callback/CallbackInfo;)V has 0 override(s) in child classes
[19:38:38] [main/DEBUG] (FabricLoader/Mixin) lithium.mixins.json:entity.inactive_navigations.HappyGhastMixin from mod lithium->@Inject::updateRegisteredNavigation1(Lorg/spongepowered/asm/mixin/injection/callback/CallbackInfo;)V won't be passed a CallbackInfo as a result
[19:38:38] [main/DEBUG] (FabricLoader/Mixin) djs-fixed-progression.mixins.json:HappyGhastMixin from mod djs-fixed-progression->@Inject::applyPotionSpeedToRidden(Lnet/minecraft/world/entity/player/Player;Lnet/minecraft/world/phys/Vec3;Lorg/spongepowered/asm/mixin/injection/callback/CallbackInfoReturnable;)V does use it's CallbackInfoReturnable
[19:38:38] [main/DEBUG] (FabricLoader/Mixin) djs-fixed-progression.mixins.json:HappyGhastMixin from mod djs-fixed-progression->@Inject::alignToGridWhenStoodOn(Lorg/spongepowered/asm/mixin/injection/callback/CallbackInfo;)V doesn't use it's CallbackInfo
[19:38:38] [main/DEBUG] (FabricLoader/Mixin) djs-fixed-progression.mixins.json:HappyGhastMixin from mod djs-fixed-progression->@Inject::alignToGridWhenStoodOn(Lorg/spongepowered/asm/mixin/injection/callback/CallbackInfo;)V has 0 override(s) in child classes
[19:38:38] [main/DEBUG] (FabricLoader/Mixin) djs-fixed-progression.mixins.json:HappyGhastMixin from mod djs-fixed-progression->@Inject::alignToGridWhenStoodOn(Lorg/spongepowered/asm/mixin/injection/callback/CallbackInfo;)V won't be passed a CallbackInfo as a result
[19:38:38] [main/DEBUG] (FabricLoader/Mixin) Mixing block.hopper.InventoryAccessors$BarrelBlockEntityMixin from lithium.mixins.json into net.minecraft.world.level.block.entity.BarrelBlockEntity
[19:38:38] [main/DEBUG] (FabricLoader/Mixin) Mixing util.inventory_change_listening.StackListReplacementTracking$BarrelBlockEntityMixin from lithium.mixins.json into net.minecraft.world.level.block.entity.BarrelBlockEntity
[19:38:38] [main/DEBUG] (FabricLoader/Mixin) lithium.mixins.json:util.inventory_change_listening.StackListReplacementTracking$BarrelBlockEntityMixin from mod lithium->@Inject::setInventoryStackListReplacement(Lnet/minecraft/core/NonNullList;Lorg/spongepowered/asm/mixin/injection/callback/CallbackInfo;)V doesn't use it's CallbackInfo
[19:38:38] [main/DEBUG] (FabricLoader/Mixin) lithium.mixins.json:util.inventory_change_listening.StackListReplacementTracking$BarrelBlockEntityMixin from mod lithium->@Inject::setInventoryStackListReplacement(Lnet/minecraft/core/NonNullList;Lorg/spongepowered/asm/mixin/injection/callback/CallbackInfo;)V has 0 override(s) in child classes
[19:38:38] [main/DEBUG] (FabricLoader/Mixin) lithium.mixins.json:util.inventory_change_listening.StackListReplacementTracking$BarrelBlockEntityMixin from mod lithium->@Inject::setInventoryStackListReplacement(Lnet/minecraft/core/NonNullList;Lorg/spongepowered/asm/mixin/injection/callback/CallbackInfo;)V won't be passed a CallbackInfo as a result
[19:38:38] [main/DEBUG] (FabricLoader/Mixin) Mixing world.block_entity_ticking.sleeping.campfire.CampfireBlockEntityMixin from lithium.mixins.json into net.minecraft.world.level.block.entity.CampfireBlockEntity
[19:38:38] [main/DEBUG] (FabricLoader/Mixin) Mixing world.block_entity_ticking.sleeping.campfire.lit.CampfireBlockEntityMixin from lithium.mixins.json into net.minecraft.world.level.block.entity.CampfireBlockEntity
[19:38:38] [main/DEBUG] (FabricLoader/Mixin) Mixing world.block_entity_ticking.sleeping.campfire.unlit.CampfireBlockEntityMixin from lithium.mixins.json into net.minecraft.world.level.block.entity.CampfireBlockEntity
[19:38:38] [main/DEBUG] (FabricLoader/Mixin) lithium.mixins.json:world.block_entity_ticking.sleeping.campfire.CampfireBlockEntityMixin from mod lithium->@Inject::wakeUpOnAddItem(Lnet/minecraft/server/level/ServerLevel;Lnet/minecraft/world/entity/LivingEntity;Lnet/minecraft/world/item/ItemStack;Lorg/spongepowered/asm/mixin/injection/callback/CallbackInfoReturnable;)V doesn't use it's CallbackInfoReturnable
[19:38:38] [main/DEBUG] (FabricLoader/Mixin) lithium.mixins.json:world.block_entity_ticking.sleeping.campfire.CampfireBlockEntityMixin from mod lithium->@Inject::wakeUpOnAddItem(Lnet/minecraft/server/level/ServerLevel;Lnet/minecraft/world/entity/LivingEntity;Lnet/minecraft/world/item/ItemStack;Lorg/spongepowered/asm/mixin/injection/callback/CallbackInfoReturnable;)V has 0 override(s) in child classes
[19:38:38] [main/DEBUG] (FabricLoader/Mixin) lithium.mixins.json:world.block_entity_ticking.sleeping.campfire.CampfireBlockEntityMixin from mod lithium->@Inject::wakeUpOnAddItem(Lnet/minecraft/server/level/ServerLevel;Lnet/minecraft/world/entity/LivingEntity;Lnet/minecraft/world/item/ItemStack;Lorg/spongepowered/asm/mixin/injection/callback/CallbackInfoReturnable;)V won't be passed a CallbackInfoReturnable as a result
[19:38:38] [main/DEBUG] (FabricLoader/Mixin) lithium.mixins.json:world.block_entity_ticking.sleeping.campfire.CampfireBlockEntityMixin from mod lithium->@Inject::wakeUpOnReadNbt(Lnet/minecraft/world/level/storage/ValueInput;Lorg/spongepowered/asm/mixin/injection/callback/CallbackInfo;)V doesn't use it's CallbackInfo
[19:38:38] [main/DEBUG] (FabricLoader/Mixin) lithium.mixins.json:world.block_entity_ticking.sleeping.campfire.CampfireBlockEntityMixin from mod lithium->@Inject::wakeUpOnReadNbt(Lnet/minecraft/world/level/storage/ValueInput;Lorg/spongepowered/asm/mixin/injection/callback/CallbackInfo;)V has 0 override(s) in child classes
[19:38:38] [main/DEBUG] (FabricLoader/Mixin) lithium.mixins.json:world.block_entity_ticking.sleeping.campfire.CampfireBlockEntityMixin from mod lithium->@Inject::wakeUpOnReadNbt(Lnet/minecraft/world/level/storage/ValueInput;Lorg/spongepowered/asm/mixin/injection/callback/CallbackInfo;)V won't be passed a CallbackInfo as a result
[19:38:38] [main/DEBUG] (FabricLoader/Mixin) lithium.mixins.json:world.block_entity_ticking.sleeping.campfire.lit.CampfireBlockEntityMixin from mod lithium->@Inject::trySleepLit(Lorg/spongepowered/asm/mixin/injection/callback/CallbackInfo;)V doesn't use it's CallbackInfo
[19:38:38] [main/DEBUG] (FabricLoader/Mixin) lithium.mixins.json:world.block_entity_ticking.sleeping.campfire.unlit.CampfireBlockEntityMixin from mod lithium->@Inject::trySleepUnlit(Lnet/minecraft/world/level/Level;Lnet/minecraft/core/BlockPos;Lnet/minecraft/world/level/block/state/BlockState;Lnet/minecraft/world/level/block/entity/CampfireBlockEntity;Lorg/spongepowered/asm/mixin/injection/callback/CallbackInfo;Z)V doesn't use it's CallbackInfo
[19:38:38] [main/DEBUG] (FabricLoader/Mixin) Mixing ExplosionDamageCalculatorMixin from djs-fixed-progression.mixins.json into net.minecraft.world.level.ExplosionDamageCalculator
[19:38:38] [main/DEBUG] (FabricLoader/Mixin) djs-fixed-progression.mixins.json:ExplosionDamageCalculatorMixin from mod djs-fixed-progression->@Inject::weakenStoneResistance(Lnet/minecraft/world/level/Explosion;Lnet/minecraft/world/level/BlockGetter;Lnet/minecraft/core/BlockPos;Lnet/minecraft/world/level/block/state/BlockState;Lnet/minecraft/world/level/material/FluidState;Lorg/spongepowered/asm/mixin/injection/callback/CallbackInfoReturnable;)V does use it's CallbackInfoReturnable
[19:38:38] [main/DEBUG] (FabricLoader/Mixin) djs-fixed-progression.mixins.json:ExplosionDamageCalculatorMixin from mod djs-fixed-progression->@Inject::weakenStoneResistance(Lnet/minecraft/world/level/Explosion;Lnet/minecraft/world/level/BlockGetter;Lnet/minecraft/core/BlockPos;Lnet/minecraft/world/level/block/state/BlockState;Lnet/minecraft/world/level/material/FluidState;Lorg/spongepowered/asm/mixin/injection/callback/CallbackInfoReturnable;)V does use it's CallbackInfoReturnable
[19:38:38] [main/DEBUG] (FabricLoader/Mixin) djs-fixed-progression.mixins.json:ExplosionDamageCalculatorMixin from mod djs-fixed-progression->@Inject::strengthenPrismarineResistance(Lnet/minecraft/world/level/Explosion;Lnet/minecraft/world/level/BlockGetter;Lnet/minecraft/core/BlockPos;Lnet/minecraft/world/level/block/state/BlockState;Lnet/minecraft/world/level/material/FluidState;Lorg/spongepowered/asm/mixin/injection/callback/CallbackInfoReturnable;)V does use it's CallbackInfoReturnable
[19:38:38] [main/DEBUG] (FabricLoader/Mixin) djs-fixed-progression.mixins.json:ExplosionDamageCalculatorMixin from mod djs-fixed-progression->@Inject::strengthenPrismarineResistance(Lnet/minecraft/world/level/Explosion;Lnet/minecraft/world/level/BlockGetter;Lnet/minecraft/core/BlockPos;Lnet/minecraft/world/level/block/state/BlockState;Lnet/minecraft/world/level/material/FluidState;Lorg/spongepowered/asm/mixin/injection/callback/CallbackInfoReturnable;)V does use it's CallbackInfoReturnable
[19:38:38] [main/DEBUG] (FabricLoader/Mixin) Mixing world.block_entity_ticking.sleeping.sculk_sensor_shrieker.SculkSensorBlockMixin from lithium.mixins.json into net.minecraft.world.level.block.SculkSensorBlock
[19:38:38] [main/DEBUG] (FabricLoader/Mixin) lithium.mixins.json:world.block_entity_ticking.sleeping.sculk_sensor_shrieker.SculkSensorBlockMixin from mod lithium->@Inject::checkSleep(Lnet/minecraft/world/level/Level;Lnet/minecraft/core/BlockPos;Lnet/minecraft/world/level/block/state/BlockState;Lnet/minecraft/world/level/block/entity/SculkSensorBlockEntity;Lorg/spongepowered/asm/mixin/injection/callback/CallbackInfo;)V doesn't use it's CallbackInfo
[19:38:38] [main/DEBUG] (FabricLoader/Mixin) Mixing world.block_entity_ticking.sleeping.sculk_sensor_shrieker.SculkSensorBlockEntityMixin from lithium.mixins.json into net.minecraft.world.level.block.entity.SculkSensorBlockEntity
[19:38:38] [main/DEBUG] (FabricLoader/Mixin) lithium.mixins.json:world.block_entity_ticking.sleeping.sculk_sensor_shrieker.SculkSensorBlockEntityMixin from mod lithium->@Inject::setVibrationListenerListener(Lnet/minecraft/world/level/block/entity/BlockEntityType;Lnet/minecraft/core/BlockPos;Lnet/minecraft/world/level/block/state/BlockState;Lorg/spongepowered/asm/mixin/injection/callback/CallbackInfo;)V doesn't use it's CallbackInfo
[19:38:38] [main/DEBUG] (FabricLoader/Mixin) lithium.mixins.json:world.block_entity_ticking.sleeping.sculk_sensor_shrieker.SculkSensorBlockEntityMixin from mod lithium->@Inject::setVibrationListenerListener(Lnet/minecraft/world/level/block/entity/BlockEntityType;Lnet/minecraft/core/BlockPos;Lnet/minecraft/world/level/block/state/BlockState;Lorg/spongepowered/asm/mixin/injection/callback/CallbackInfo;)V has 0 override(s) in child classes
[19:38:38] [main/DEBUG] (FabricLoader/Mixin) lithium.mixins.json:world.block_entity_ticking.sleeping.sculk_sensor_shrieker.SculkSensorBlockEntityMixin from mod lithium->@Inject::setVibrationListenerListener(Lnet/minecraft/world/level/block/entity/BlockEntityType;Lnet/minecraft/core/BlockPos;Lnet/minecraft/world/level/block/state/BlockState;Lorg/spongepowered/asm/mixin/injection/callback/CallbackInfo;)V won't be passed a CallbackInfo as a result
[19:38:38] [main/DEBUG] (FabricLoader/Mixin) lithium.mixins.json:world.block_entity_ticking.sleeping.sculk_sensor_shrieker.SculkSensorBlockEntityMixin from mod lithium->@Inject::wakeupIfLoadedWithData(Lnet/minecraft/world/level/storage/ValueInput;Lorg/spongepowered/asm/mixin/injection/callback/CallbackInfo;)V doesn't use it's CallbackInfo
[19:38:38] [main/DEBUG] (FabricLoader/Mixin) lithium.mixins.json:world.block_entity_ticking.sleeping.sculk_sensor_shrieker.SculkSensorBlockEntityMixin from mod lithium->@Inject::wakeupIfLoadedWithData(Lnet/minecraft/world/level/storage/ValueInput;Lorg/spongepowered/asm/mixin/injection/callback/CallbackInfo;)V has 0 override(s) in child classes
[19:38:38] [main/DEBUG] (FabricLoader/Mixin) lithium.mixins.json:world.block_entity_ticking.sleeping.sculk_sensor_shrieker.SculkSensorBlockEntityMixin from mod lithium->@Inject::wakeupIfLoadedWithData(Lnet/minecraft/world/level/storage/ValueInput;Lorg/spongepowered/asm/mixin/injection/callback/CallbackInfo;)V won't be passed a CallbackInfo as a result
[19:38:38] [main/DEBUG] (FabricLoader/Mixin) Mixing world.block_entity_ticking.sleeping.sculk_sensor_shrieker.CalibratedSculkSensorBlockMixin from lithium.mixins.json into net.minecraft.world.level.block.CalibratedSculkSensorBlock
[19:38:38] [main/DEBUG] (FabricLoader/Mixin) lithium.mixins.json:world.block_entity_ticking.sleeping.sculk_sensor_shrieker.CalibratedSculkSensorBlockMixin from mod lithium->@Inject::checkSleep(Lnet/minecraft/world/level/Level;Lnet/minecraft/core/BlockPos;Lnet/minecraft/world/level/block/state/BlockState;Lnet/minecraft/world/level/block/entity/CalibratedSculkSensorBlockEntity;Lorg/spongepowered/asm/mixin/injection/callback/CallbackInfo;)V doesn't use it's CallbackInfo
[19:38:38] [main/DEBUG] (FabricLoader/Mixin) Mixing world.block_entity_ticking.sleeping.sculk_catalyst.SculkCatalystBlockEntityMixin from lithium.mixins.json into net.minecraft.world.level.block.entity.SculkCatalystBlockEntity
[19:38:38] [main/DEBUG] (FabricLoader/Mixin) lithium.mixins.json:world.block_entity_ticking.sleeping.sculk_catalyst.SculkCatalystBlockEntityMixin from mod lithium->@Inject::addCatalystListenerCallback(Lnet/minecraft/core/BlockPos;Lnet/minecraft/world/level/block/state/BlockState;Lorg/spongepowered/asm/mixin/injection/callback/CallbackInfo;)V doesn't use it's CallbackInfo
[19:38:38] [main/DEBUG] (FabricLoader/Mixin) lithium.mixins.json:world.block_entity_ticking.sleeping.sculk_catalyst.SculkCatalystBlockEntityMixin from mod lithium->@Inject::addCatalystListenerCallback(Lnet/minecraft/core/BlockPos;Lnet/minecraft/world/level/block/state/BlockState;Lorg/spongepowered/asm/mixin/injection/callback/CallbackInfo;)V has 0 override(s) in child classes
[19:38:38] [main/DEBUG] (FabricLoader/Mixin) lithium.mixins.json:world.block_entity_ticking.sleeping.sculk_catalyst.SculkCatalystBlockEntityMixin from mod lithium->@Inject::addCatalystListenerCallback(Lnet/minecraft/core/BlockPos;Lnet/minecraft/world/level/block/state/BlockState;Lorg/spongepowered/asm/mixin/injection/callback/CallbackInfo;)V won't be passed a CallbackInfo as a result
[19:38:38] [main/DEBUG] (FabricLoader/Mixin) lithium.mixins.json:world.block_entity_ticking.sleeping.sculk_catalyst.SculkCatalystBlockEntityMixin from mod lithium->@Inject::sleepIfNoCursors(Lnet/minecraft/world/level/Level;Lnet/minecraft/core/BlockPos;Lnet/minecraft/world/level/block/state/BlockState;Lnet/minecraft/world/level/block/entity/SculkCatalystBlockEntity;Lorg/spongepowered/asm/mixin/injection/callback/CallbackInfo;)V doesn't use it's CallbackInfo
[19:38:38] [main/DEBUG] (FabricLoader/Mixin) lithium.mixins.json:world.block_entity_ticking.sleeping.sculk_catalyst.SculkCatalystBlockEntityMixin from mod lithium->@Inject::wakeupIfLoadedWithData(Lnet/minecraft/world/level/storage/ValueInput;Lorg/spongepowered/asm/mixin/injection/callback/CallbackInfo;)V doesn't use it's CallbackInfo
[19:38:38] [main/DEBUG] (FabricLoader/Mixin) lithium.mixins.json:world.block_entity_ticking.sleeping.sculk_catalyst.SculkCatalystBlockEntityMixin from mod lithium->@Inject::wakeupIfLoadedWithData(Lnet/minecraft/world/level/storage/ValueInput;Lorg/spongepowered/asm/mixin/injection/callback/CallbackInfo;)V has 0 override(s) in child classes
[19:38:38] [main/DEBUG] (FabricLoader/Mixin) lithium.mixins.json:world.block_entity_ticking.sleeping.sculk_catalyst.SculkCatalystBlockEntityMixin from mod lithium->@Inject::wakeupIfLoadedWithData(Lnet/minecraft/world/level/storage/ValueInput;Lorg/spongepowered/asm/mixin/injection/callback/CallbackInfo;)V won't be passed a CallbackInfo as a result
[19:38:38] [main/DEBUG] (FabricLoader/Mixin) Mixing world.block_entity_ticking.sleeping.sculk_sensor_shrieker.SculkShriekerBlockMixin from lithium.mixins.json into net.minecraft.world.level.block.SculkShriekerBlock
[19:38:38] [main/DEBUG] (FabricLoader/Mixin) lithium.mixins.json:world.block_entity_ticking.sleeping.sculk_sensor_shrieker.SculkShriekerBlockMixin from mod lithium->@Inject::checkSleep(Lnet/minecraft/world/level/Level;Lnet/minecraft/core/BlockPos;Lnet/minecraft/world/level/block/state/BlockState;Lnet/minecraft/world/level/block/entity/SculkShriekerBlockEntity;Lorg/spongepowered/asm/mixin/injection/callback/CallbackInfo;)V doesn't use it's CallbackInfo
[19:38:38] [main/DEBUG] (FabricLoader/Mixin) Mixing world.block_entity_ticking.sleeping.sculk_sensor_shrieker.SculkShriekerBlockEntityMixin from lithium.mixins.json into net.minecraft.world.level.block.entity.SculkShriekerBlockEntity
[19:38:38] [main/DEBUG] (FabricLoader/Mixin) lithium.mixins.json:world.block_entity_ticking.sleeping.sculk_sensor_shrieker.SculkShriekerBlockEntityMixin from mod lithium->@Inject::setVibrationListenerListener(Lnet/minecraft/core/BlockPos;Lnet/minecraft/world/level/block/state/BlockState;Lorg/spongepowered/asm/mixin/injection/callback/CallbackInfo;)V doesn't use it's CallbackInfo
[19:38:38] [main/DEBUG] (FabricLoader/Mixin) lithium.mixins.json:world.block_entity_ticking.sleeping.sculk_sensor_shrieker.SculkShriekerBlockEntityMixin from mod lithium->@Inject::setVibrationListenerListener(Lnet/minecraft/core/BlockPos;Lnet/minecraft/world/level/block/state/BlockState;Lorg/spongepowered/asm/mixin/injection/callback/CallbackInfo;)V has 0 override(s) in child classes
[19:38:38] [main/DEBUG] (FabricLoader/Mixin) lithium.mixins.json:world.block_entity_ticking.sleeping.sculk_sensor_shrieker.SculkShriekerBlockEntityMixin from mod lithium->@Inject::setVibrationListenerListener(Lnet/minecraft/core/BlockPos;Lnet/minecraft/world/level/block/state/BlockState;Lorg/spongepowered/asm/mixin/injection/callback/CallbackInfo;)V won't be passed a CallbackInfo as a result
[19:38:38] [main/DEBUG] (FabricLoader/Mixin) lithium.mixins.json:world.block_entity_ticking.sleeping.sculk_sensor_shrieker.SculkShriekerBlockEntityMixin from mod lithium->@Inject::wakeupIfLoadedWithData(Lnet/minecraft/world/level/storage/ValueInput;Lorg/spongepowered/asm/mixin/injection/callback/CallbackInfo;)V doesn't use it's CallbackInfo
[19:38:38] [main/DEBUG] (FabricLoader/Mixin) lithium.mixins.json:world.block_entity_ticking.sleeping.sculk_sensor_shrieker.SculkShriekerBlockEntityMixin from mod lithium->@Inject::wakeupIfLoadedWithData(Lnet/minecraft/world/level/storage/ValueInput;Lorg/spongepowered/asm/mixin/injection/callback/CallbackInfo;)V has 0 override(s) in child classes
[19:38:38] [main/DEBUG] (FabricLoader/Mixin) lithium.mixins.json:world.block_entity_ticking.sleeping.sculk_sensor_shrieker.SculkShriekerBlockEntityMixin from mod lithium->@Inject::wakeupIfLoadedWithData(Lnet/minecraft/world/level/storage/ValueInput;Lorg/spongepowered/asm/mixin/injection/callback/CallbackInfo;)V won't be passed a CallbackInfo as a result
[19:38:39] [main/DEBUG] (FabricLoader/Mixin) Mixing CrafterBlockMixin from fabric-transfer-api-v1.mixins.json into net.minecraft.world.level.block.CrafterBlock
[19:38:39] [main/DEBUG] (FabricLoader/Mixin) fabric-transfer-api-v1.mixins.json:CrafterBlockMixin from mod fabric-transfer-api-v1->@Inject::transferOrSpawnStack(Lnet/minecraft/server/level/ServerLevel;Lnet/minecraft/core/BlockPos;Lnet/minecraft/world/level/block/entity/CrafterBlockEntity;Lnet/minecraft/world/item/ItemStack;Lnet/minecraft/world/level/block/state/BlockState;Lnet/minecraft/world/item/crafting/RecipeHolder;Lorg/spongepowered/asm/mixin/injection/callback/CallbackInfo;)V doesn't use it's CallbackInfo
[19:38:39] [main/DEBUG] (FabricLoader/Mixin) fabric-transfer-api-v1.mixins.json:CrafterBlockMixin from mod fabric-transfer-api-v1->@Inject::transferOrSpawnStack(Lnet/minecraft/server/level/ServerLevel;Lnet/minecraft/core/BlockPos;Lnet/minecraft/world/level/block/entity/CrafterBlockEntity;Lnet/minecraft/world/item/ItemStack;Lnet/minecraft/world/level/block/state/BlockState;Lnet/minecraft/world/item/crafting/RecipeHolder;Lorg/spongepowered/asm/mixin/injection/callback/CallbackInfo;)V has 0 override(s) in child classes
[19:38:39] [main/DEBUG] (FabricLoader/Mixin) fabric-transfer-api-v1.mixins.json:CrafterBlockMixin from mod fabric-transfer-api-v1->@Inject::transferOrSpawnStack(Lnet/minecraft/server/level/ServerLevel;Lnet/minecraft/core/BlockPos;Lnet/minecraft/world/level/block/entity/CrafterBlockEntity;Lnet/minecraft/world/item/ItemStack;Lnet/minecraft/world/level/block/state/BlockState;Lnet/minecraft/world/item/crafting/RecipeHolder;Lorg/spongepowered/asm/mixin/injection/callback/CallbackInfo;)V won't be passed a CallbackInfo as a result
[19:38:39] [main/DEBUG] (FabricLoader/Mixin) fabric-transfer-api-v1.mixins.json:CrafterBlockMixin from mod fabric-transfer-api-v1->@Inject::transferOrSpawnStack(Lnet/minecraft/server/level/ServerLevel;Lnet/minecraft/core/BlockPos;Lnet/minecraft/world/level/block/entity/CrafterBlockEntity;Lnet/minecraft/world/item/ItemStack;Lnet/minecraft/world/level/block/state/BlockState;Lnet/minecraft/world/item/crafting/RecipeHolder;Lorg/spongepowered/asm/mixin/injection/callback/CallbackInfo;)V doesn't use it's CallbackInfo
[19:38:39] [main/DEBUG] (FabricLoader/Mixin) fabric-transfer-api-v1.mixins.json:CrafterBlockMixin from mod fabric-transfer-api-v1->@Inject::transferOrSpawnStack(Lnet/minecraft/server/level/ServerLevel;Lnet/minecraft/core/BlockPos;Lnet/minecraft/world/level/block/entity/CrafterBlockEntity;Lnet/minecraft/world/item/ItemStack;Lnet/minecraft/world/level/block/state/BlockState;Lnet/minecraft/world/item/crafting/RecipeHolder;Lorg/spongepowered/asm/mixin/injection/callback/CallbackInfo;)V has 0 override(s) in child classes
[19:38:39] [main/DEBUG] (FabricLoader/Mixin) fabric-transfer-api-v1.mixins.json:CrafterBlockMixin from mod fabric-transfer-api-v1->@Inject::transferOrSpawnStack(Lnet/minecraft/server/level/ServerLevel;Lnet/minecraft/core/BlockPos;Lnet/minecraft/world/level/block/entity/CrafterBlockEntity;Lnet/minecraft/world/item/ItemStack;Lnet/minecraft/world/level/block/state/BlockState;Lnet/minecraft/world/item/crafting/RecipeHolder;Lorg/spongepowered/asm/mixin/injection/callback/CallbackInfo;)V won't be passed a CallbackInfo as a result
[19:38:39] [main/DEBUG] (FabricLoader/Mixin) fabric-transfer-api-v1.mixins.json:CrafterBlockMixin from mod fabric-transfer-api-v1->@Inject::transferOrSpawnStack(Lnet/minecraft/server/level/ServerLevel;Lnet/minecraft/core/BlockPos;Lnet/minecraft/world/level/block/entity/CrafterBlockEntity;Lnet/minecraft/world/item/ItemStack;Lnet/minecraft/world/level/block/state/BlockState;Lnet/minecraft/world/item/crafting/RecipeHolder;Lorg/spongepowered/asm/mixin/injection/callback/CallbackInfo;)V doesn't use it's CallbackInfo
[19:38:39] [main/DEBUG] (FabricLoader/Mixin) fabric-transfer-api-v1.mixins.json:CrafterBlockMixin from mod fabric-transfer-api-v1->@Inject::transferOrSpawnStack(Lnet/minecraft/server/level/ServerLevel;Lnet/minecraft/core/BlockPos;Lnet/minecraft/world/level/block/entity/CrafterBlockEntity;Lnet/minecraft/world/item/ItemStack;Lnet/minecraft/world/level/block/state/BlockState;Lnet/minecraft/world/item/crafting/RecipeHolder;Lorg/spongepowered/asm/mixin/injection/callback/CallbackInfo;)V has 0 override(s) in child classes
[19:38:39] [main/DEBUG] (FabricLoader/Mixin) fabric-transfer-api-v1.mixins.json:CrafterBlockMixin from mod fabric-transfer-api-v1->@Inject::transferOrSpawnStack(Lnet/minecraft/server/level/ServerLevel;Lnet/minecraft/core/BlockPos;Lnet/minecraft/world/level/block/entity/CrafterBlockEntity;Lnet/minecraft/world/item/ItemStack;Lnet/minecraft/world/level/block/state/BlockState;Lnet/minecraft/world/item/crafting/RecipeHolder;Lorg/spongepowered/asm/mixin/injection/callback/CallbackInfo;)V won't be passed a CallbackInfo as a result
[19:38:39] [main/DEBUG] (FabricLoader/Mixin) fabric-transfer-api-v1.mixins.json:CrafterBlockMixin from mod fabric-transfer-api-v1->@Inject::transferOrSpawnStack(Lnet/minecraft/server/level/ServerLevel;Lnet/minecraft/core/BlockPos;Lnet/minecraft/world/level/block/entity/CrafterBlockEntity;Lnet/minecraft/world/item/ItemStack;Lnet/minecraft/world/level/block/state/BlockState;Lnet/minecraft/world/item/crafting/RecipeHolder;Lorg/spongepowered/asm/mixin/injection/callback/CallbackInfo;)V doesn't use it's CallbackInfo
[19:38:39] [main/DEBUG] (FabricLoader/Mixin) fabric-transfer-api-v1.mixins.json:CrafterBlockMixin from mod fabric-transfer-api-v1->@Inject::transferOrSpawnStack(Lnet/minecraft/server/level/ServerLevel;Lnet/minecraft/core/BlockPos;Lnet/minecraft/world/level/block/entity/CrafterBlockEntity;Lnet/minecraft/world/item/ItemStack;Lnet/minecraft/world/level/block/state/BlockState;Lnet/minecraft/world/item/crafting/RecipeHolder;Lorg/spongepowered/asm/mixin/injection/callback/CallbackInfo;)V has 0 override(s) in child classes
[19:38:39] [main/DEBUG] (FabricLoader/Mixin) fabric-transfer-api-v1.mixins.json:CrafterBlockMixin from mod fabric-transfer-api-v1->@Inject::transferOrSpawnStack(Lnet/minecraft/server/level/ServerLevel;Lnet/minecraft/core/BlockPos;Lnet/minecraft/world/level/block/entity/CrafterBlockEntity;Lnet/minecraft/world/item/ItemStack;Lnet/minecraft/world/level/block/state/BlockState;Lnet/minecraft/world/item/crafting/RecipeHolder;Lorg/spongepowered/asm/mixin/injection/callback/CallbackInfo;)V won't be passed a CallbackInfo as a result
[19:38:39] [main/DEBUG] (FabricLoader/Mixin) Mixing world.block_entity_ticking.sleeping.crafter.CrafterBlockEntityMixin from lithium.mixins.json into net.minecraft.world.level.block.entity.CrafterBlockEntity
[19:38:39] [main/DEBUG] (FabricLoader/Mixin) lithium.mixins.json:world.block_entity_ticking.sleeping.crafter.CrafterBlockEntityMixin from mod lithium->@Inject::checkSleep(Lorg/spongepowered/asm/mixin/injection/callback/CallbackInfo;)V doesn't use it's CallbackInfo
[19:38:39] [main/DEBUG] (FabricLoader/Mixin) lithium.mixins.json:world.block_entity_ticking.sleeping.crafter.CrafterBlockEntityMixin from mod lithium->@Inject::checkSleep(Lorg/spongepowered/asm/mixin/injection/callback/CallbackInfo;)V doesn't use it's CallbackInfo
[19:38:39] [main/DEBUG] (FabricLoader/Mixin) lithium.mixins.json:world.block_entity_ticking.sleeping.crafter.CrafterBlockEntityMixin from mod lithium->@Inject::wakeUpAfterRemainingTicksChanged(Lorg/spongepowered/asm/mixin/injection/callback/CallbackInfo;)V doesn't use it's CallbackInfo
[19:38:39] [main/DEBUG] (FabricLoader/Mixin) lithium.mixins.json:world.block_entity_ticking.sleeping.crafter.CrafterBlockEntityMixin from mod lithium->@Inject::wakeUpAfterRemainingTicksChanged(Lorg/spongepowered/asm/mixin/injection/callback/CallbackInfo;)V has 0 override(s) in child classes
[19:38:39] [main/DEBUG] (FabricLoader/Mixin) lithium.mixins.json:world.block_entity_ticking.sleeping.crafter.CrafterBlockEntityMixin from mod lithium->@Inject::wakeUpAfterRemainingTicksChanged(Lorg/spongepowered/asm/mixin/injection/callback/CallbackInfo;)V won't be passed a CallbackInfo as a result
[19:38:39] [main/DEBUG] (FabricLoader/Mixin) lithium.mixins.json:world.block_entity_ticking.sleeping.crafter.CrafterBlockEntityMixin from mod lithium->@Inject::wakeUpAfterRemainingTicksChanged(Lorg/spongepowered/asm/mixin/injection/callback/CallbackInfo;)V doesn't use it's CallbackInfo
[19:38:39] [main/DEBUG] (FabricLoader/Mixin) lithium.mixins.json:world.block_entity_ticking.sleeping.crafter.CrafterBlockEntityMixin from mod lithium->@Inject::wakeUpAfterRemainingTicksChanged(Lorg/spongepowered/asm/mixin/injection/callback/CallbackInfo;)V has 0 override(s) in child classes
[19:38:39] [main/DEBUG] (FabricLoader/Mixin) lithium.mixins.json:world.block_entity_ticking.sleeping.crafter.CrafterBlockEntityMixin from mod lithium->@Inject::wakeUpAfterRemainingTicksChanged(Lorg/spongepowered/asm/mixin/injection/callback/CallbackInfo;)V won't be passed a CallbackInfo as a result
[19:38:39] [main/DEBUG] (FabricLoader/Mixin) Mixing BlockStateCacheMixin from ferritecore.blockstatecache.mixin.json into net.minecraft.world.level.block.state.BlockBehaviour$BlockStateBase$Cache
[19:38:39] [main/DEBUG] (FabricLoader/Mixin) ferritecore.blockstatecache.mixin.json:BlockStateCacheMixin from mod ferritecore: Class version 65 required is higher than the class version supported by the current version of Mixin (JAVA_17 supports class version 61)
[19:38:39] [main/DEBUG] (FabricLoader/Mixin) Mixing shapes.lazy_shape_context.EntityCollisionContextMixin from lithium.mixins.json into net.minecraft.world.phys.shapes.EntityCollisionContext
[19:38:39] [main/DEBUG] (FabricLoader/Mixin) lithium.mixins.json:shapes.lazy_shape_context.EntityCollisionContextMixin from mod lithium->@Inject::initFields(Lnet/minecraft/world/entity/Entity;ZZLorg/spongepowered/asm/mixin/injection/callback/CallbackInfo;)V doesn't use it's CallbackInfo
[19:38:39] [main/DEBUG] (FabricLoader/Mixin) lithium.mixins.json:shapes.lazy_shape_context.EntityCollisionContextMixin from mod lithium->@Inject::initFields(Lnet/minecraft/world/entity/Entity;ZZLorg/spongepowered/asm/mixin/injection/callback/CallbackInfo;)V has 0 override(s) in child classes
[19:38:39] [main/DEBUG] (FabricLoader/Mixin) lithium.mixins.json:shapes.lazy_shape_context.EntityCollisionContextMixin from mod lithium->@Inject::initFields(Lnet/minecraft/world/entity/Entity;ZZLorg/spongepowered/asm/mixin/injection/callback/CallbackInfo;)V won't be passed a CallbackInfo as a result
[19:38:39] [main/DEBUG] (FabricLoader/Mixin) lithium.mixins.json:shapes.lazy_shape_context.EntityCollisionContextMixin from mod lithium->@Inject::isHolding(Lnet/minecraft/world/item/Item;Lorg/spongepowered/asm/mixin/injection/callback/CallbackInfoReturnable;)V doesn't use it's CallbackInfoReturnable
[19:38:39] [main/DEBUG] (FabricLoader/Mixin) lithium.mixins.json:shapes.lazy_shape_context.EntityCollisionContextMixin from mod lithium->@Inject::isHolding(Lnet/minecraft/world/item/Item;Lorg/spongepowered/asm/mixin/injection/callback/CallbackInfoReturnable;)V has 0 override(s) in child classes
[19:38:39] [main/DEBUG] (FabricLoader/Mixin) lithium.mixins.json:shapes.lazy_shape_context.EntityCollisionContextMixin from mod lithium->@Inject::isHolding(Lnet/minecraft/world/item/Item;Lorg/spongepowered/asm/mixin/injection/callback/CallbackInfoReturnable;)V won't be passed a CallbackInfoReturnable as a result
[19:38:39] [main/DEBUG] (FabricLoader/Mixin) lithium.mixins.json:shapes.lazy_shape_context.EntityCollisionContextMixin from mod lithium->@Inject::initHeldItem(Lorg/spongepowered/asm/mixin/injection/callback/CallbackInfoReturnable;)V doesn't use it's CallbackInfoReturnable
[19:38:39] [main/DEBUG] (FabricLoader/Mixin) lithium.mixins.json:shapes.lazy_shape_context.EntityCollisionContextMixin from mod lithium->@Inject::initHeldItem(Lorg/spongepowered/asm/mixin/injection/callback/CallbackInfoReturnable;)V has 0 override(s) in child classes
[19:38:39] [main/DEBUG] (FabricLoader/Mixin) lithium.mixins.json:shapes.lazy_shape_context.EntityCollisionContextMixin from mod lithium->@Inject::initHeldItem(Lorg/spongepowered/asm/mixin/injection/callback/CallbackInfoReturnable;)V won't be passed a CallbackInfoReturnable as a result
[19:38:39] [main/DEBUG] (FabricLoader/Mixin) Mixing ServerPlayerMixin from jade.mixins.json into net.minecraft.server.level.ServerPlayer
[19:38:39] [main/DEBUG] (FabricLoader/Mixin) Mixing ServerPlayerMixin from djs-fixed-progression.mixins.json into net.minecraft.server.level.ServerPlayer
[19:38:39] [main/DEBUG] (FabricLoader/Mixin) Renaming synthetic method lambda$handleFastForwardSleep$0(Lnet/minecraft/server/level/ServerLevel;Lnet/minecraft/server/level/ServerPlayer;)Z to mdb752e4$djs-fixed-progression$lambda$handleFastForwardSleep$0$0 in djs-fixed-progression.mixins.json:ServerPlayerMixin from mod djs-fixed-progression
[19:38:39] [main/DEBUG] (FabricLoader/Mixin) Mixing ServerPlayerMixin from fabric-events-interaction-v0.mixins.json into net.minecraft.server.level.ServerPlayer
[19:38:39] [main/DEBUG] (FabricLoader/Mixin) Mixing ServerPlayerMixin from fabric-entity-events-v1.mixins.json into net.minecraft.server.level.ServerPlayer
[19:38:39] [main/DEBUG] (FabricLoader/Mixin) Mixing ServerPlayerMixin from fabric-particles-v1.mixins.json into net.minecraft.server.level.ServerPlayer
[19:38:39] [main/DEBUG] (FabricLoader/Mixin) Mixing ServerPlayerMixin from fabric-screen-handler-api-v1.mixins.json into net.minecraft.server.level.ServerPlayer
[19:38:39] [main/DEBUG] (FabricLoader/Mixin) djs-fixed-progression.mixins.json:ServerPlayerMixin from mod djs-fixed-progression->@Inject::checkCustomSleepConditions(Lnet/minecraft/core/BlockPos;Lorg/spongepowered/asm/mixin/injection/callback/CallbackInfoReturnable;)V does use it's CallbackInfoReturnable
[19:38:39] [main/DEBUG] (FabricLoader/Mixin) djs-fixed-progression.mixins.json:ServerPlayerMixin from mod djs-fixed-progression->@Inject::onSuccessfulSleep(Lnet/minecraft/core/BlockPos;Lorg/spongepowered/asm/mixin/injection/callback/CallbackInfoReturnable;)V does use it's CallbackInfoReturnable
[19:38:39] [main/DEBUG] (FabricLoader/Mixin) djs-fixed-progression.mixins.json:ServerPlayerMixin from mod djs-fixed-progression->@Inject::onSuccessfulSleep(Lnet/minecraft/core/BlockPos;Lorg/spongepowered/asm/mixin/injection/callback/CallbackInfoReturnable;)V does use it's CallbackInfoReturnable
[19:38:39] [main/DEBUG] (FabricLoader/Mixin) djs-fixed-progression.mixins.json:ServerPlayerMixin from mod djs-fixed-progression->@Inject::onSuccessfulSleep(Lnet/minecraft/core/BlockPos;Lorg/spongepowered/asm/mixin/injection/callback/CallbackInfoReturnable;)V does use it's CallbackInfoReturnable
[19:38:39] [main/DEBUG] (FabricLoader/Mixin) djs-fixed-progression.mixins.json:ServerPlayerMixin from mod djs-fixed-progression->@Inject::onSuccessfulSleep(Lnet/minecraft/core/BlockPos;Lorg/spongepowered/asm/mixin/injection/callback/CallbackInfoReturnable;)V does use it's CallbackInfoReturnable
[19:38:39] [main/DEBUG] (FabricLoader/Mixin) djs-fixed-progression.mixins.json:ServerPlayerMixin from mod djs-fixed-progression->@Inject::onSuccessfulSleep(Lnet/minecraft/core/BlockPos;Lorg/spongepowered/asm/mixin/injection/callback/CallbackInfoReturnable;)V does use it's CallbackInfoReturnable
[19:38:39] [main/DEBUG] (FabricLoader/Mixin) djs-fixed-progression.mixins.json:ServerPlayerMixin from mod djs-fixed-progression->@Inject::onSuccessfulSleep(Lnet/minecraft/core/BlockPos;Lorg/spongepowered/asm/mixin/injection/callback/CallbackInfoReturnable;)V does use it's CallbackInfoReturnable
[19:38:39] [main/DEBUG] (FabricLoader/Mixin) djs-fixed-progression.mixins.json:ServerPlayerMixin from mod djs-fixed-progression->@Inject::onSuccessfulSleep(Lnet/minecraft/core/BlockPos;Lorg/spongepowered/asm/mixin/injection/callback/CallbackInfoReturnable;)V does use it's CallbackInfoReturnable
[19:38:39] [main/DEBUG] (FabricLoader/Mixin) djs-fixed-progression.mixins.json:ServerPlayerMixin from mod djs-fixed-progression->@Inject::handleFastForwardSleep(Lorg/spongepowered/asm/mixin/injection/callback/CallbackInfo;)V doesn't use it's CallbackInfo
[19:38:39] [main/DEBUG] (FabricLoader/Mixin) djs-fixed-progression.mixins.json:ServerPlayerMixin from mod djs-fixed-progression->@Inject::handleFastForwardSleep(Lorg/spongepowered/asm/mixin/injection/callback/CallbackInfo;)V has 0 override(s) in child classes
[19:38:39] [main/DEBUG] (FabricLoader/Mixin) djs-fixed-progression.mixins.json:ServerPlayerMixin from mod djs-fixed-progression->@Inject::handleFastForwardSleep(Lorg/spongepowered/asm/mixin/injection/callback/CallbackInfo;)V won't be passed a CallbackInfo as a result
[19:38:39] [main/DEBUG] (FabricLoader/Mixin) djs-fixed-progression.mixins.json:ServerPlayerMixin from mod djs-fixed-progression->@Inject::validateVoteState(Lorg/spongepowered/asm/mixin/injection/callback/CallbackInfo;)V doesn't use it's CallbackInfo
[19:38:39] [main/DEBUG] (FabricLoader/Mixin) djs-fixed-progression.mixins.json:ServerPlayerMixin from mod djs-fixed-progression->@Inject::validateVoteState(Lorg/spongepowered/asm/mixin/injection/callback/CallbackInfo;)V has 0 override(s) in child classes
[19:38:39] [main/DEBUG] (FabricLoader/Mixin) djs-fixed-progression.mixins.json:ServerPlayerMixin from mod djs-fixed-progression->@Inject::validateVoteState(Lorg/spongepowered/asm/mixin/injection/callback/CallbackInfo;)V won't be passed a CallbackInfo as a result
[19:38:39] [main/DEBUG] (FabricLoader/Mixin) djs-fixed-progression.mixins.json:ServerPlayerMixin from mod djs-fixed-progression->@Inject::onWakeUp(ZZLorg/spongepowered/asm/mixin/injection/callback/CallbackInfo;)V doesn't use it's CallbackInfo
[19:38:39] [main/DEBUG] (FabricLoader/Mixin) djs-fixed-progression.mixins.json:ServerPlayerMixin from mod djs-fixed-progression->@Inject::onWakeUp(ZZLorg/spongepowered/asm/mixin/injection/callback/CallbackInfo;)V has 0 override(s) in child classes
[19:38:39] [main/DEBUG] (FabricLoader/Mixin) djs-fixed-progression.mixins.json:ServerPlayerMixin from mod djs-fixed-progression->@Inject::onWakeUp(ZZLorg/spongepowered/asm/mixin/injection/callback/CallbackInfo;)V won't be passed a CallbackInfo as a result
[19:38:39] [main/DEBUG] (FabricLoader/Mixin) djs-fixed-progression.mixins.json:ServerPlayerMixin from mod djs-fixed-progression->@Inject::applyIdleExhaustion(Lorg/spongepowered/asm/mixin/injection/callback/CallbackInfo;)V doesn't use it's CallbackInfo
[19:38:39] [main/DEBUG] (FabricLoader/Mixin) djs-fixed-progression.mixins.json:ServerPlayerMixin from mod djs-fixed-progression->@Inject::applyIdleExhaustion(Lorg/spongepowered/asm/mixin/injection/callback/CallbackInfo;)V has 0 override(s) in child classes
[19:38:39] [main/DEBUG] (FabricLoader/Mixin) djs-fixed-progression.mixins.json:ServerPlayerMixin from mod djs-fixed-progression->@Inject::applyIdleExhaustion(Lorg/spongepowered/asm/mixin/injection/callback/CallbackInfo;)V won't be passed a CallbackInfo as a result
[19:38:39] [main/DEBUG] (FabricLoader/Mixin) djs-fixed-progression.mixins.json:ServerPlayerMixin from mod djs-fixed-progression->@Inject::disableBedRespawn(Lnet/minecraft/server/level/ServerPlayer$RespawnConfig;ZLorg/spongepowered/asm/mixin/injection/callback/CallbackInfo;)V does use it's CallbackInfo
[19:38:39] [main/DEBUG] (FabricLoader/Mixin) djs-fixed-progression.mixins.json:ServerPlayerMixin from mod djs-fixed-progression->@Inject::overrideCampfireRespawn(ZLnet/minecraft/world/level/portal/TeleportTransition$PostTeleportTransition;Lorg/spongepowered/asm/mixin/injection/callback/CallbackInfoReturnable;)V does use it's CallbackInfoReturnable
[19:38:39] [main/DEBUG] (FabricLoader/Mixin) djs-fixed-progression.mixins.json:ServerPlayerMixin from mod djs-fixed-progression->@Inject::setRegenCooldown(Lnet/minecraft/server/level/ServerLevel;Lnet/minecraft/world/damagesource/DamageSource;FLorg/spongepowered/asm/mixin/injection/callback/CallbackInfoReturnable;)V does use it's CallbackInfoReturnable
[19:38:39] [main/DEBUG] (FabricLoader/Mixin) djs-fixed-progression.mixins.json:ServerPlayerMixin from mod djs-fixed-progression->@Inject::setRegenCooldown(Lnet/minecraft/server/level/ServerLevel;Lnet/minecraft/world/damagesource/DamageSource;FLorg/spongepowered/asm/mixin/injection/callback/CallbackInfoReturnable;)V does use it's CallbackInfoReturnable
[19:38:39] [main/DEBUG] (FabricLoader/Mixin) djs-fixed-progression.mixins.json:ServerPlayerMixin from mod djs-fixed-progression->@Inject::setRegenCooldown(Lnet/minecraft/server/level/ServerLevel;Lnet/minecraft/world/damagesource/DamageSource;FLorg/spongepowered/asm/mixin/injection/callback/CallbackInfoReturnable;)V does use it's CallbackInfoReturnable
[19:38:39] [main/DEBUG] (FabricLoader/Mixin) djs-fixed-progression.mixins.json:ServerPlayerMixin from mod djs-fixed-progression->@Inject::setRegenCooldown(Lnet/minecraft/server/level/ServerLevel;Lnet/minecraft/world/damagesource/DamageSource;FLorg/spongepowered/asm/mixin/injection/callback/CallbackInfoReturnable;)V does use it's CallbackInfoReturnable
[19:38:39] [main/DEBUG] (FabricLoader/Mixin) djs-fixed-progression.mixins.json:ServerPlayerMixin from mod djs-fixed-progression->@Inject::tickRegenCooldown(Lorg/spongepowered/asm/mixin/injection/callback/CallbackInfo;)V doesn't use it's CallbackInfo
[19:38:39] [main/DEBUG] (FabricLoader/Mixin) djs-fixed-progression.mixins.json:ServerPlayerMixin from mod djs-fixed-progression->@Inject::tickRegenCooldown(Lorg/spongepowered/asm/mixin/injection/callback/CallbackInfo;)V has 0 override(s) in child classes
[19:38:39] [main/DEBUG] (FabricLoader/Mixin) djs-fixed-progression.mixins.json:ServerPlayerMixin from mod djs-fixed-progression->@Inject::tickRegenCooldown(Lorg/spongepowered/asm/mixin/injection/callback/CallbackInfo;)V won't be passed a CallbackInfo as a result
[19:38:39] [main/DEBUG] (FabricLoader/Mixin) fabric-events-interaction-v0.mixins.json:ServerPlayerMixin from mod fabric-events-interaction-v0->@Inject::onPlayerInteractEntity(Lnet/minecraft/world/entity/Entity;Lorg/spongepowered/asm/mixin/injection/callback/CallbackInfo;)V does use it's CallbackInfo
[19:38:39] [main/DEBUG] (FabricLoader/Mixin) fabric-events-interaction-v0.mixins.json:ServerPlayerMixin from mod fabric-events-interaction-v0->@Inject::fakePlayerGameMode(Lnet/minecraft/world/level/GameType;Lorg/spongepowered/asm/mixin/injection/callback/CallbackInfoReturnable;)V does use it's CallbackInfoReturnable
[19:38:39] [main/DEBUG] (FabricLoader/Mixin) fabric-entity-events-v1.mixins.json:ServerPlayerMixin from mod fabric-entity-events-v1->@Inject::callOnKillForPlayer(Lnet/minecraft/world/damagesource/DamageSource;Lorg/spongepowered/asm/mixin/injection/callback/CallbackInfo;)V doesn't use it's CallbackInfo
[19:38:39] [main/DEBUG] (FabricLoader/Mixin) fabric-entity-events-v1.mixins.json:ServerPlayerMixin from mod fabric-entity-events-v1->@Inject::callOnKillForPlayer(Lnet/minecraft/world/damagesource/DamageSource;Lorg/spongepowered/asm/mixin/injection/callback/CallbackInfo;)V has 0 override(s) in child classes
[19:38:39] [main/DEBUG] (FabricLoader/Mixin) fabric-entity-events-v1.mixins.json:ServerPlayerMixin from mod fabric-entity-events-v1->@Inject::callOnKillForPlayer(Lnet/minecraft/world/damagesource/DamageSource;Lorg/spongepowered/asm/mixin/injection/callback/CallbackInfo;)V won't be passed a CallbackInfo as a result
[19:38:39] [main/DEBUG] (FabricLoader/Mixin) fabric-entity-events-v1.mixins.json:ServerPlayerMixin from mod fabric-entity-events-v1->@Inject::notifyDeath(Lnet/minecraft/world/damagesource/DamageSource;Lorg/spongepowered/asm/mixin/injection/callback/CallbackInfo;)V doesn't use it's CallbackInfo
[19:38:39] [main/DEBUG] (FabricLoader/Mixin) fabric-entity-events-v1.mixins.json:ServerPlayerMixin from mod fabric-entity-events-v1->@Inject::notifyDeath(Lnet/minecraft/world/damagesource/DamageSource;Lorg/spongepowered/asm/mixin/injection/callback/CallbackInfo;)V has 0 override(s) in child classes
[19:38:39] [main/DEBUG] (FabricLoader/Mixin) fabric-entity-events-v1.mixins.json:ServerPlayerMixin from mod fabric-entity-events-v1->@Inject::notifyDeath(Lnet/minecraft/world/damagesource/DamageSource;Lorg/spongepowered/asm/mixin/injection/callback/CallbackInfo;)V won't be passed a CallbackInfo as a result
[19:38:39] [main/DEBUG] (FabricLoader/Mixin) fabric-entity-events-v1.mixins.json:ServerPlayerMixin from mod fabric-entity-events-v1->@Inject::afterWorldChanged(Lnet/minecraft/server/level/ServerLevel;Lorg/spongepowered/asm/mixin/injection/callback/CallbackInfo;)V doesn't use it's CallbackInfo
[19:38:39] [main/DEBUG] (FabricLoader/Mixin) fabric-entity-events-v1.mixins.json:ServerPlayerMixin from mod fabric-entity-events-v1->@Inject::afterWorldChanged(Lnet/minecraft/server/level/ServerLevel;Lorg/spongepowered/asm/mixin/injection/callback/CallbackInfo;)V has 0 override(s) in child classes
[19:38:39] [main/DEBUG] (FabricLoader/Mixin) fabric-entity-events-v1.mixins.json:ServerPlayerMixin from mod fabric-entity-events-v1->@Inject::afterWorldChanged(Lnet/minecraft/server/level/ServerLevel;Lorg/spongepowered/asm/mixin/injection/callback/CallbackInfo;)V won't be passed a CallbackInfo as a result
[19:38:39] [main/DEBUG] (FabricLoader/Mixin) fabric-entity-events-v1.mixins.json:ServerPlayerMixin from mod fabric-entity-events-v1->@Inject::onCopyFrom(Lnet/minecraft/server/level/ServerPlayer;ZLorg/spongepowered/asm/mixin/injection/callback/CallbackInfo;)V doesn't use it's CallbackInfo
[19:38:39] [main/DEBUG] (FabricLoader/Mixin) fabric-entity-events-v1.mixins.json:ServerPlayerMixin from mod fabric-entity-events-v1->@Inject::onCopyFrom(Lnet/minecraft/server/level/ServerPlayer;ZLorg/spongepowered/asm/mixin/injection/callback/CallbackInfo;)V has 0 override(s) in child classes
[19:38:39] [main/DEBUG] (FabricLoader/Mixin) fabric-entity-events-v1.mixins.json:ServerPlayerMixin from mod fabric-entity-events-v1->@Inject::onCopyFrom(Lnet/minecraft/server/level/ServerPlayer;ZLorg/spongepowered/asm/mixin/injection/callback/CallbackInfo;)V won't be passed a CallbackInfo as a result
[19:38:39] [main/DEBUG] (FabricLoader/Mixin) fabric-screen-handler-api-v1.mixins.json:ServerPlayerMixin from mod fabric-screen-handler-api-v1->@Inject::fabric_storeOpenedScreenHandler(Lnet/minecraft/world/MenuProvider;Lorg/spongepowered/asm/mixin/injection/callback/CallbackInfoReturnable;)V doesn't use it's CallbackInfoReturnable
[19:38:39] [main/DEBUG] (FabricLoader/Mixin) fabric-screen-handler-api-v1.mixins.json:ServerPlayerMixin from mod fabric-screen-handler-api-v1->@Inject::fabric_storeOpenedScreenHandler(Lnet/minecraft/world/MenuProvider;Lorg/spongepowered/asm/mixin/injection/callback/CallbackInfoReturnable;)V has 0 override(s) in child classes
[19:38:39] [main/DEBUG] (FabricLoader/Mixin) fabric-screen-handler-api-v1.mixins.json:ServerPlayerMixin from mod fabric-screen-handler-api-v1->@Inject::fabric_storeOpenedScreenHandler(Lnet/minecraft/world/MenuProvider;Lorg/spongepowered/asm/mixin/injection/callback/CallbackInfoReturnable;)V won't be passed a CallbackInfoReturnable as a result
[19:38:39] [main/DEBUG] (FabricLoader/Mixin) Mixing ItemAccessor from fabric-item-api-v1.mixins.json into net.minecraft.world.item.Item
[19:38:39] [main/DEBUG] (FabricLoader/Mixin) Mixing ItemMixin from fabric-item-api-v1.mixins.json into net.minecraft.world.item.Item
[19:38:39] [main/DEBUG] (FabricLoader/Mixin) Mixing ItemMixin from fabric-transfer-api-v1.mixins.json into net.minecraft.world.item.Item
[19:38:39] [main/DEBUG] (FabricLoader/Mixin) fabric-item-api-v1.mixins.json:ItemMixin from mod fabric-item-api-v1->@Inject::onConstruct(Lnet/minecraft/world/item/Item$Properties;Lorg/spongepowered/asm/mixin/injection/callback/CallbackInfo;)V doesn't use it's CallbackInfo
[19:38:39] [main/DEBUG] (FabricLoader/Mixin) fabric-item-api-v1.mixins.json:ItemMixin from mod fabric-item-api-v1->@Inject::onConstruct(Lnet/minecraft/world/item/Item$Properties;Lorg/spongepowered/asm/mixin/injection/callback/CallbackInfo;)V has 0 override(s) in child classes
[19:38:39] [main/DEBUG] (FabricLoader/Mixin) fabric-item-api-v1.mixins.json:ItemMixin from mod fabric-item-api-v1->@Inject::onConstruct(Lnet/minecraft/world/item/Item$Properties;Lorg/spongepowered/asm/mixin/injection/callback/CallbackInfo;)V won't be passed a CallbackInfo as a result
[19:38:39] [main/DEBUG] (FabricLoader/Mixin) Mixing block.hopper.NonNullListAccessor from lithium.mixins.json into net.minecraft.core.NonNullList
[19:38:39] [main/DEBUG] (FabricLoader/Mixin) Mixing util.item_component_and_count_tracking.PatchedDataComponentMapMixin from lithium.mixins.json into net.minecraft.core.component.PatchedDataComponentMap
[19:38:39] [main/DEBUG] (FabricLoader/Mixin) Mixing PatchedDataComponentMapMixin from ferritecore.datacomponents.mixin.json into net.minecraft.core.component.PatchedDataComponentMap
[19:38:39] [main/DEBUG] (FabricLoader/Mixin) ferritecore.datacomponents.mixin.json:PatchedDataComponentMapMixin from mod ferritecore: Class version 65 required is higher than the class version supported by the current version of Mixin (JAVA_17 supports class version 61)
[19:38:39] [main/DEBUG] (FabricLoader/Mixin) lithium.mixins.json:util.item_component_and_count_tracking.PatchedDataComponentMapMixin from mod lithium->@Inject::trackBeforeChange(Lorg/spongepowered/asm/mixin/injection/callback/CallbackInfo;)V doesn't use it's CallbackInfo
[19:38:39] [main/DEBUG] (FabricLoader/Mixin) ferritecore.datacomponents.mixin.json:PatchedDataComponentMapMixin from mod ferritecore->@Inject::saveMemoryIfEmpty(Lorg/spongepowered/asm/mixin/injection/callback/CallbackInfo;)V doesn't use it's CallbackInfo
[19:38:39] [main/DEBUG] (FabricLoader/Mixin) ferritecore.datacomponents.mixin.json:PatchedDataComponentMapMixin from mod ferritecore->@Inject::saveMemoryIfEmpty(Lorg/spongepowered/asm/mixin/injection/callback/CallbackInfo;)V doesn't use it's CallbackInfo
[19:38:39] [main/DEBUG] (FabricLoader/Mixin) ferritecore.datacomponents.mixin.json:PatchedDataComponentMapMixin from mod ferritecore->@Inject::saveMemoryIfEmptyWithReturn(Lorg/spongepowered/asm/mixin/injection/callback/CallbackInfoReturnable;)V does use it's CallbackInfoReturnable
[19:38:39] [main/DEBUG] (FabricLoader/Mixin) ferritecore.datacomponents.mixin.json:PatchedDataComponentMapMixin from mod ferritecore->@Inject::saveMemoryIfEmptyWithReturn(Lorg/spongepowered/asm/mixin/injection/callback/CallbackInfoReturnable;)V does use it's CallbackInfoReturnable
[19:38:39] [main/DEBUG] (FabricLoader/Mixin) ferritecore.datacomponents.mixin.json:PatchedDataComponentMapMixin from mod ferritecore->@Inject::saveMemoryIfEmptyWithReturn(Lorg/spongepowered/asm/mixin/injection/callback/CallbackInfoReturnable;)V does use it's CallbackInfoReturnable
[19:38:39] [main/DEBUG] (FabricLoader/Mixin) ferritecore.datacomponents.mixin.json:PatchedDataComponentMapMixin from mod ferritecore->@Inject::saveMemoryIfEmptyWithReturn(Lorg/spongepowered/asm/mixin/injection/callback/CallbackInfoReturnable;)V does use it's CallbackInfoReturnable
[19:38:39] [main/DEBUG] (FabricLoader/Mixin) Mixing SubShapeAccess from ferritecore.accessors.mixin.json into net.minecraft.world.phys.shapes.SubShape
[19:38:39] [main/DEBUG] (FabricLoader/Mixin) ferritecore.accessors.mixin.json:SubShapeAccess from mod ferritecore: Class version 65 required is higher than the class version supported by the current version of Mixin (JAVA_17 supports class version 61)
[19:38:40] [main/DEBUG] (FabricLoader/Mixin) Mixing BlockItemMixin from djs-fixed-progression.mixins.json into net.minecraft.world.item.BlockItem
[19:38:40] [main/DEBUG] (FabricLoader/Mixin) djs-fixed-progression.mixins.json:BlockItemMixin from mod djs-fixed-progression->@Inject::fixWaterloggedPlacement(Lnet/minecraft/world/item/context/BlockPlaceContext;Lorg/spongepowered/asm/mixin/injection/callback/CallbackInfoReturnable;)V does use it's CallbackInfoReturnable
[19:38:40] [main/DEBUG] (FabricLoader/Mixin) Mixing BucketItemAccessor from fabric-transfer-api-v1.mixins.json into net.minecraft.world.item.BucketItem
[19:38:40] [main/DEBUG] (FabricLoader/Mixin) Mixing BucketItemMixin from fabric-transfer-api-v1.mixins.json into net.minecraft.world.item.BucketItem
[19:38:40] [main/DEBUG] (FabricLoader/Mixin) Mixing HoeItemAccessor from fabric-content-registries-v0.mixins.json into net.minecraft.world.item.HoeItem
[19:38:40] [main/DEBUG] (FabricLoader/Mixin) Renaming @Accessor method getTillingActions()Ljava/util/Map; to getTillingActions$fabric-content-registries-v0_$md$b752e4$0 in fabric-content-registries-v0.mixins.json:HoeItemAccessor from mod fabric-content-registries-v0
[19:38:40] [main/DEBUG] (FabricLoader/Mixin) Mixing ShovelItemAccessor from fabric-content-registries-v0.mixins.json into net.minecraft.world.item.ShovelItem
[19:38:40] [main/DEBUG] (FabricLoader/Mixin) Renaming @Accessor method getPathStates()Ljava/util/Map; to getPathStates$fabric-content-registries-v0_$md$b752e4$0 in fabric-content-registries-v0.mixins.json:ShovelItemAccessor from mod fabric-content-registries-v0
[19:38:40] [main/DEBUG] (FabricLoader/Mixin) Mixing AxeItemAccessor from fabric-content-registries-v0.mixins.json into net.minecraft.world.item.AxeItem
[19:38:40] [main/DEBUG] (FabricLoader/Mixin) Renaming @Accessor method getStrippedBlocks()Ljava/util/Map; to getStrippedBlocks$fabric-content-registries-v0_$md$b752e4$0 in fabric-content-registries-v0.mixins.json:AxeItemAccessor from mod fabric-content-registries-v0
[19:38:40] [main/DEBUG] (FabricLoader/Mixin) Renaming @Accessor method setStrippedBlocks(Ljava/util/Map;)V to setStrippedBlocks$fabric-content-registries-v0_$md$b752e4$1 in fabric-content-registries-v0.mixins.json:AxeItemAccessor from mod fabric-content-registries-v0
[19:38:40] [main/DEBUG] (FabricLoader/Mixin) Mixing AxeItemMixin from fabric-content-registries-v0.mixins.json into net.minecraft.world.item.AxeItem
[19:38:40] [main/DEBUG] (FabricLoader/Mixin) Renaming synthetic method lambda$handleCustomStrippingBehavior$0(Lnet/fabricmc/fabric/api/registry/StrippableBlockRegistry$StrippingTransformer;Lnet/minecraft/world/level/block/state/BlockState;Lnet/minecraft/world/level/block/Block;)Lnet/minecraft/world/level/block/state/BlockState; to mdb752e4$fabric-content-registries-v0$lambda$handleCustomStrippingBehavior$0$2 in fabric-content-registries-v0.mixins.json:AxeItemMixin from mod fabric-content-registries-v0
[19:38:40] [main/DEBUG] (FabricLoader/Mixin) Mixing ItemPropertiesMixin from fabric-item-api-v1.mixins.json into net.minecraft.world.item.Item$Properties
[19:38:40] [main/DEBUG] (FabricLoader/Mixin) Mixing alloc.nbt.CompoundTagMixin$Type from lithium.mixins.json into net.minecraft.nbt.CompoundTag$1
[19:38:40] [main/DEBUG] (FabricLoader/Mixin) Mixing TagKeyMixin from fabric-convention-tags-api-v2.mixins.json into net.minecraft.tags.TagKey
[19:38:40] [main/DEBUG] (FabricLoader/Mixin) Mixing ValueOutputMixin from fabric-serialization-api-v1.mixins.json into net.minecraft.world.level.storage.ValueOutput
[19:38:41] [main/DEBUG] (FabricLoader/Mixin) Mixing ConsumableMixin from djs-fixed-progression.mixins.json into net.minecraft.world.item.component.Consumable
[19:38:41] [main/DEBUG] (FabricLoader/Mixin) djs-fixed-progression.mixins.json:ConsumableMixin from mod djs-fixed-progression->@Inject::preConsumeSaturation(Lnet/minecraft/world/level/Level;Lnet/minecraft/world/entity/LivingEntity;Lnet/minecraft/world/item/ItemStack;Lorg/spongepowered/asm/mixin/injection/callback/CallbackInfoReturnable;)V doesn't use it's CallbackInfoReturnable
[19:38:41] [main/DEBUG] (FabricLoader/Mixin) djs-fixed-progression.mixins.json:ConsumableMixin from mod djs-fixed-progression->@Inject::postConsume(Lnet/minecraft/world/level/Level;Lnet/minecraft/world/entity/LivingEntity;Lnet/minecraft/world/item/ItemStack;Lorg/spongepowered/asm/mixin/injection/callback/CallbackInfoReturnable;)V doesn't use it's CallbackInfoReturnable
[19:38:41] [main/DEBUG] (FabricLoader/Mixin) Mixing SpearDamageMixin from djs-fixed-progression.mixins.json into net.minecraft.world.item.component.KineticWeapon
[19:38:41] [main/DEBUG] (FabricLoader/Mixin) djs-fixed-progression.mixins.json:SpearDamageMixin from mod djs-fixed-progression->@Inject::getHorizontalMotionOnly(Lnet/minecraft/world/entity/Entity;Lorg/spongepowered/asm/mixin/injection/callback/CallbackInfoReturnable;)V does use it's CallbackInfoReturnable
[19:38:42] [main/DEBUG] (FabricLoader/Mixin) Mixing BundleContentsAccessor from fabric-transfer-api-v1.mixins.json into net.minecraft.world.item.component.BundleContents
[19:38:42] [main/DEBUG] (FabricLoader/Mixin) Renaming @Invoker method getOccupancy(Lnet/minecraft/world/item/ItemStack;)Lorg/apache/commons/lang3/math/Fraction; to getOccupancy$fabric-transfer-api-v1_$md$b752e4$0 in fabric-transfer-api-v1.mixins.json:BundleContentsAccessor from mod fabric-transfer-api-v1
[19:38:42] [main/DEBUG] (FabricLoader/Mixin) Mixing PotionContentsMixin from djs-fixed-progression.mixins.json into net.minecraft.world.item.alchemy.PotionContents
[19:38:42] [main/DEBUG] (FabricLoader/Mixin) djs-fixed-progression.mixins.json:PotionContentsMixin from mod djs-fixed-progression->@Inject::forceBasePotionsToHaveEffects(Lorg/spongepowered/asm/mixin/injection/callback/CallbackInfoReturnable;)V does use it's CallbackInfoReturnable
[19:38:42] [main/DEBUG] (FabricLoader/Mixin) djs-fixed-progression.mixins.json:PotionContentsMixin from mod djs-fixed-progression->@Inject::injectSplashAndLingeringEffects(Lorg/spongepowered/asm/mixin/injection/callback/CallbackInfoReturnable;)V does use it's CallbackInfoReturnable
[19:38:42] [main/DEBUG] (FabricLoader/Mixin) djs-fixed-progression.mixins.json:PotionContentsMixin from mod djs-fixed-progression->@Inject::injectSplashAndLingeringEffects(Lorg/spongepowered/asm/mixin/injection/callback/CallbackInfoReturnable;)V does use it's CallbackInfoReturnable
[19:38:42] [main/DEBUG] (FabricLoader/Mixin) djs-fixed-progression.mixins.json:PotionContentsMixin from mod djs-fixed-progression->@Inject::injectSplashAndLingeringEffects(Lorg/spongepowered/asm/mixin/injection/callback/CallbackInfoReturnable;)V does use it's CallbackInfoReturnable
[19:38:42] [main/DEBUG] (FabricLoader/Mixin) djs-fixed-progression.mixins.json:PotionContentsMixin from mod djs-fixed-progression->@Inject::injectDrinkingEffects(Ljava/util/function/Consumer;FLorg/spongepowered/asm/mixin/injection/callback/CallbackInfo;)V doesn't use it's CallbackInfo
[19:38:42] [main/DEBUG] (FabricLoader/Mixin) djs-fixed-progression.mixins.json:PotionContentsMixin from mod djs-fixed-progression->@Inject::overridePotionColors(ILorg/spongepowered/asm/mixin/injection/callback/CallbackInfoReturnable;)V does use it's CallbackInfoReturnable
[19:38:42] [main/DEBUG] (FabricLoader/Mixin) Mixing entity.collisions.unpushable_cramming.AbstractBoatMixin from lithium.mixins.json into net.minecraft.world.entity.vehicle.boat.AbstractBoat
[19:38:42] [main/DEBUG] (FabricLoader/Mixin) Mixing EntityTypeBuilderMixin from fabric-object-builder-v1.mixins.json into net.minecraft.world.entity.EntityType$Builder
[19:38:42] [main/DEBUG] (FabricLoader/Mixin) fabric-object-builder-v1.mixins.json:EntityTypeBuilderMixin from mod fabric-object-builder-api-v1->@Inject::applyChildBuilders(Lnet/minecraft/resources/ResourceKey;Lorg/spongepowered/asm/mixin/injection/callback/CallbackInfoReturnable;)V does use it's CallbackInfoReturnable
[19:38:42] [main/DEBUG] (FabricLoader/Mixin) Mixing TaggedChoiceMixin from fabric-dimensions-v1.mixins.json into com.mojang.datafixers.types.templates.TaggedChoice
[19:38:42] [main/DEBUG] (FabricLoader/Mixin) fabric-dimensions-v1.mixins.json:TaggedChoiceMixin from mod fabric-dimensions-v1->@Inject::onApply(Lcom/mojang/datafixers/util/Pair;Lorg/spongepowered/asm/mixin/injection/callback/CallbackInfoReturnable;)V does use it's CallbackInfoReturnable
[19:38:42] [main/DEBUG] (FabricLoader/Mixin) Mixing TaggedChoiceTaggedChoiceTypeMixin from fabric-dimensions-v1.mixins.json into com.mojang.datafixers.types.templates.TaggedChoice$TaggedChoiceType
[19:38:42] [main/DEBUG] (FabricLoader/Mixin) fabric-dimensions-v1.mixins.json:TaggedChoiceTaggedChoiceTypeMixin from mod fabric-dimensions-v1->@Inject::onGetCodec(Ljava/lang/Object;Lorg/spongepowered/asm/mixin/injection/callback/CallbackInfoReturnable;)V does use it's CallbackInfoReturnable
[19:38:43] [main/DEBUG] (FabricLoader/Mixin) Mixing V2832Mixin from fabric-dimensions-v1.mixins.json into net.minecraft.util.datafix.schemas.V2832
[19:38:44] [main/DEBUG] (FabricLoader/Mixin) Mixing block.hopper.AbstractChestBoatMixin from lithium.mixins.json into net.minecraft.world.entity.vehicle.boat.AbstractChestBoat
[19:38:44] [main/DEBUG] (FabricLoader/Mixin) Mixing AttachmentTargetsMixin from fabric-data-attachment-api-v1.mixins.json into net.minecraft.world.level.chunk.ChunkAccess
[19:38:44] [main/DEBUG] (FabricLoader/Mixin) Mixing ChunkAccessMixin from fabric-data-attachment-api-v1.mixins.json into net.minecraft.world.level.chunk.ChunkAccess
[19:38:44] [main/DEBUG] (FabricLoader/Mixin) Mixing world.inline_block_access.LevelChunkMixin from lithium.mixins.json into net.minecraft.world.level.chunk.LevelChunk
[19:38:44] [main/DEBUG] (FabricLoader/Mixin) Mixing collections.block_entity_tickers.LevelChunkMixin from lithium.mixins.json into net.minecraft.world.level.chunk.LevelChunk
[19:38:44] [main/DEBUG] (FabricLoader/Mixin) Mixing minimal_nonvanilla.world.block_entity_ticking.support_cache.LevelChunkMixin from lithium.mixins.json into net.minecraft.world.level.chunk.LevelChunk
[19:38:44] [main/DEBUG] (FabricLoader/Mixin) Mixing util.chunk_status_tracking.LevelChunkMixin from lithium.mixins.json into net.minecraft.world.level.chunk.LevelChunk
[19:38:44] [main/DEBUG] (FabricLoader/Mixin) Mixing world.block_entity_ticking.sleeping.LevelChunkMixin from lithium.mixins.json into net.minecraft.world.level.chunk.LevelChunk
[19:38:44] [main/DEBUG] (FabricLoader/Mixin) Mixing world.combined_heightmap_update.LevelChunkMixin from lithium.mixins.json into net.minecraft.world.level.chunk.LevelChunk
[19:38:44] [main/DEBUG] (FabricLoader/Mixin) Mixing world.game_events.dispatch.LevelChunkMixin from lithium.mixins.json into net.minecraft.world.level.chunk.LevelChunk
[19:38:44] [main/DEBUG] (FabricLoader/Mixin) Renaming synthetic method lambda$static$1(Lnet/minecraft/server/level/ServerLevel;Lnet/minecraft/world/level/ChunkPos;)V to mdb752e4$lithium$lambda$static$1$0 in lithium.mixins.json:world.game_events.dispatch.LevelChunkMixin from mod lithium
[19:38:44] [main/DEBUG] (FabricLoader/Mixin) Renaming synthetic method lambda$static$0(Lnet/minecraft/server/level/ServerLevel;Lnet/minecraft/world/level/chunk/LevelChunk;)V to mdb752e4$lithium$lambda$static$0$1 in lithium.mixins.json:world.game_events.dispatch.LevelChunkMixin from mod lithium
[19:38:44] [main/DEBUG] (FabricLoader/Mixin) Mixing world.inline_height.LevelChunkMixin from lithium.mixins.json into net.minecraft.world.level.chunk.LevelChunk
[19:38:44] [main/DEBUG] (FabricLoader/Mixin) Mixing server.LevelChunkMixin from fabric-lifecycle-events-v1.mixins.json into net.minecraft.world.level.chunk.LevelChunk
[19:38:44] [main/DEBUG] (FabricLoader/Mixin) Mixing LevelChunkMixin from fabric-data-attachment-api-v1.mixins.json into net.minecraft.world.level.chunk.LevelChunk
[19:38:44] [main/DEBUG] (FabricLoader/Mixin) Renaming synthetic method lambda$fabric_syncChange$0(Lnet/fabricmc/fabric/api/attachment/v1/AttachmentType;Lnet/fabricmc/fabric/impl/attachment/sync/AttachmentChange;Lnet/minecraft/server/level/ServerPlayer;)V to mdb752e4$fabric-data-attachment-api-v1$lambda$fabric_syncChange$0$2 in fabric-data-attachment-api-v1.mixins.json:LevelChunkMixin from mod fabric-data-attachment-api-v1
[19:38:44] [main/DEBUG] (FabricLoader/Mixin) lithium.mixins.json:collections.block_entity_tickers.LevelChunkMixin from mod lithium->@Inject::createFastUtilMap(Lnet/minecraft/world/level/Level;Lnet/minecraft/world/level/ChunkPos;Lnet/minecraft/world/level/chunk/UpgradeData;Lnet/minecraft/world/ticks/LevelChunkTicks;Lnet/minecraft/world/ticks/LevelChunkTicks;J[Lnet/minecraft/world/level/chunk/LevelChunkSection;Lnet/minecraft/world/level/chunk/LevelChunk$PostLoadProcessor;Lnet/minecraft/world/level/levelgen/blending/BlendingData;Lorg/spongepowered/asm/mixin/injection/callback/CallbackInfo;)V doesn't use it's CallbackInfo
[19:38:44] [main/DEBUG] (FabricLoader/Mixin) lithium.mixins.json:collections.block_entity_tickers.LevelChunkMixin from mod lithium->@Inject::createFastUtilMap(Lnet/minecraft/world/level/Level;Lnet/minecraft/world/level/ChunkPos;Lnet/minecraft/world/level/chunk/UpgradeData;Lnet/minecraft/world/ticks/LevelChunkTicks;Lnet/minecraft/world/ticks/LevelChunkTicks;J[Lnet/minecraft/world/level/chunk/LevelChunkSection;Lnet/minecraft/world/level/chunk/LevelChunk$PostLoadProcessor;Lnet/minecraft/world/level/levelgen/blending/BlendingData;Lorg/spongepowered/asm/mixin/injection/callback/CallbackInfo;)V has 0 override(s) in child classes
[19:38:44] [main/DEBUG] (FabricLoader/Mixin) lithium.mixins.json:collections.block_entity_tickers.LevelChunkMixin from mod lithium->@Inject::createFastUtilMap(Lnet/minecraft/world/level/Level;Lnet/minecraft/world/level/ChunkPos;Lnet/minecraft/world/level/chunk/UpgradeData;Lnet/minecraft/world/ticks/LevelChunkTicks;Lnet/minecraft/world/ticks/LevelChunkTicks;J[Lnet/minecraft/world/level/chunk/LevelChunkSection;Lnet/minecraft/world/level/chunk/LevelChunk$PostLoadProcessor;Lnet/minecraft/world/level/levelgen/blending/BlendingData;Lorg/spongepowered/asm/mixin/injection/callback/CallbackInfo;)V won't be passed a CallbackInfo as a result
[19:38:44] [main/DEBUG] (FabricLoader/Mixin) lithium.mixins.json:minimal_nonvanilla.world.block_entity_ticking.support_cache.LevelChunkMixin from mod lithium->@Inject::fixCachedState(Lnet/minecraft/core/BlockPos;Lnet/minecraft/world/level/block/state/BlockState;ILorg/spongepowered/asm/mixin/injection/callback/CallbackInfoReturnable;)V doesn't use it's CallbackInfoReturnable
[19:38:44] [main/DEBUG] (FabricLoader/Mixin) lithium.mixins.json:minimal_nonvanilla.world.block_entity_ticking.support_cache.LevelChunkMixin from mod lithium->@Inject::fixCachedState(Lnet/minecraft/core/BlockPos;Lnet/minecraft/world/level/block/state/BlockState;ILorg/spongepowered/asm/mixin/injection/callback/CallbackInfoReturnable;)V has 0 override(s) in child classes
[19:38:44] [main/DEBUG] (FabricLoader/Mixin) lithium.mixins.json:minimal_nonvanilla.world.block_entity_ticking.support_cache.LevelChunkMixin from mod lithium->@Inject::fixCachedState(Lnet/minecraft/core/BlockPos;Lnet/minecraft/world/level/block/state/BlockState;ILorg/spongepowered/asm/mixin/injection/callback/CallbackInfoReturnable;)V won't be passed a CallbackInfoReturnable as a result
[19:38:44] [main/DEBUG] (FabricLoader/Mixin) lithium.mixins.json:util.chunk_status_tracking.LevelChunkMixin from mod lithium->@Inject::onChunkFull(Ljava/util/function/Supplier;Lorg/spongepowered/asm/mixin/injection/callback/CallbackInfo;)V doesn't use it's CallbackInfo
[19:38:44] [main/DEBUG] (FabricLoader/Mixin) lithium.mixins.json:util.chunk_status_tracking.LevelChunkMixin from mod lithium->@Inject::onChunkFull(Ljava/util/function/Supplier;Lorg/spongepowered/asm/mixin/injection/callback/CallbackInfo;)V has 0 override(s) in child classes
[19:38:44] [main/DEBUG] (FabricLoader/Mixin) lithium.mixins.json:util.chunk_status_tracking.LevelChunkMixin from mod lithium->@Inject::onChunkFull(Ljava/util/function/Supplier;Lorg/spongepowered/asm/mixin/injection/callback/CallbackInfo;)V won't be passed a CallbackInfo as a result
[19:38:44] [main/DEBUG] (FabricLoader/Mixin) lithium.mixins.json:world.block_entity_ticking.sleeping.LevelChunkMixin from mod lithium->@Inject::setBlockEntityTickingOrder(Lnet/minecraft/world/level/block/entity/BlockEntity;Lnet/minecraft/world/level/block/entity/BlockEntityTicker;Lnet/minecraft/core/BlockPos;Lnet/minecraft/world/level/chunk/LevelChunk$RebindableTickingBlockEntityWrapper;Lorg/spongepowered/asm/mixin/injection/callback/CallbackInfoReturnable;)V doesn't use it's CallbackInfoReturnable
[19:38:44] [main/DEBUG] (FabricLoader/Mixin) lithium.mixins.json:world.block_entity_ticking.sleeping.LevelChunkMixin from mod lithium->@Inject::setBlockEntityTickingOrder(Lnet/minecraft/world/level/block/entity/BlockEntity;Lnet/minecraft/world/level/block/entity/BlockEntityTicker;Lnet/minecraft/core/BlockPos;Lnet/minecraft/world/level/chunk/LevelChunk$RebindableTickingBlockEntityWrapper;Lorg/spongepowered/asm/mixin/injection/callback/CallbackInfoReturnable;)V has 0 override(s) in child classes
[19:38:44] [main/DEBUG] (FabricLoader/Mixin) lithium.mixins.json:world.block_entity_ticking.sleeping.LevelChunkMixin from mod lithium->@Inject::setBlockEntityTickingOrder(Lnet/minecraft/world/level/block/entity/BlockEntity;Lnet/minecraft/world/level/block/entity/BlockEntityTicker;Lnet/minecraft/core/BlockPos;Lnet/minecraft/world/level/chunk/LevelChunk$RebindableTickingBlockEntityWrapper;Lorg/spongepowered/asm/mixin/injection/callback/CallbackInfoReturnable;)V won't be passed a CallbackInfoReturnable as a result
[19:38:44] [main/DEBUG] (FabricLoader/Mixin) lithium.mixins.json:world.block_entity_ticking.sleeping.LevelChunkMixin from mod lithium->@Inject::setBlockEntityTickingOrder(Lnet/minecraft/world/level/block/entity/BlockEntity;Lnet/minecraft/world/level/block/entity/BlockEntityTicker;Lnet/minecraft/core/BlockPos;Lnet/minecraft/world/level/chunk/LevelChunk$RebindableTickingBlockEntityWrapper;Lorg/spongepowered/asm/mixin/injection/callback/CallbackInfoReturnable;)V doesn't use it's CallbackInfoReturnable
[19:38:44] [main/DEBUG] (FabricLoader/Mixin) lithium.mixins.json:world.block_entity_ticking.sleeping.LevelChunkMixin from mod lithium->@Inject::setBlockEntityTickingOrder(Lnet/minecraft/world/level/block/entity/BlockEntity;Lnet/minecraft/world/level/block/entity/BlockEntityTicker;Lnet/minecraft/core/BlockPos;Lnet/minecraft/world/level/chunk/LevelChunk$RebindableTickingBlockEntityWrapper;Lorg/spongepowered/asm/mixin/injection/callback/CallbackInfoReturnable;)V has 0 override(s) in child classes
[19:38:44] [main/DEBUG] (FabricLoader/Mixin) lithium.mixins.json:world.block_entity_ticking.sleeping.LevelChunkMixin from mod lithium->@Inject::setBlockEntityTickingOrder(Lnet/minecraft/world/level/block/entity/BlockEntity;Lnet/minecraft/world/level/block/entity/BlockEntityTicker;Lnet/minecraft/core/BlockPos;Lnet/minecraft/world/level/chunk/LevelChunk$RebindableTickingBlockEntityWrapper;Lorg/spongepowered/asm/mixin/injection/callback/CallbackInfoReturnable;)V won't be passed a CallbackInfoReturnable as a result
[19:38:44] [main/DEBUG] (FabricLoader/Mixin) lithium.mixins.json:world.combined_heightmap_update.LevelChunkMixin from mod lithium->@Inject::updateHeightmapsCombined(Lnet/minecraft/core/BlockPos;Lnet/minecraft/world/level/block/state/BlockState;ILorg/spongepowered/asm/mixin/injection/callback/CallbackInfoReturnable;)V doesn't use it's CallbackInfoReturnable
[19:38:44] [main/DEBUG] (FabricLoader/Mixin) lithium.mixins.json:world.combined_heightmap_update.LevelChunkMixin from mod lithium->@Inject::updateHeightmapsCombined(Lnet/minecraft/core/BlockPos;Lnet/minecraft/world/level/block/state/BlockState;ILorg/spongepowered/asm/mixin/injection/callback/CallbackInfoReturnable;)V has 0 override(s) in child classes
[19:38:44] [main/DEBUG] (FabricLoader/Mixin) lithium.mixins.json:world.combined_heightmap_update.LevelChunkMixin from mod lithium->@Inject::updateHeightmapsCombined(Lnet/minecraft/core/BlockPos;Lnet/minecraft/world/level/block/state/BlockState;ILorg/spongepowered/asm/mixin/injection/callback/CallbackInfoReturnable;)V won't be passed a CallbackInfoReturnable as a result
[19:38:44] [main/DEBUG] (FabricLoader/Mixin) lithium.mixins.json:world.game_events.dispatch.LevelChunkMixin from mod lithium->@Inject::initGameEventDispatchers(Lorg/spongepowered/asm/mixin/injection/callback/CallbackInfo;)V doesn't use it's CallbackInfo
[19:38:44] [main/DEBUG] (FabricLoader/Mixin) lithium.mixins.json:world.game_events.dispatch.LevelChunkMixin from mod lithium->@Inject::initGameEventDispatchers(Lorg/spongepowered/asm/mixin/injection/callback/CallbackInfo;)V has 0 override(s) in child classes
[19:38:44] [main/DEBUG] (FabricLoader/Mixin) lithium.mixins.json:world.game_events.dispatch.LevelChunkMixin from mod lithium->@Inject::initGameEventDispatchers(Lorg/spongepowered/asm/mixin/injection/callback/CallbackInfo;)V won't be passed a CallbackInfo as a result
[19:38:44] [main/DEBUG] (FabricLoader/Mixin) lithium.mixins.json:world.game_events.dispatch.LevelChunkMixin from mod lithium->@Inject::removeGameEventDispatcher(ILorg/spongepowered/asm/mixin/injection/callback/CallbackInfo;)V doesn't use it's CallbackInfo
[19:38:44] [main/DEBUG] (FabricLoader/Mixin) lithium.mixins.json:world.game_events.dispatch.LevelChunkMixin from mod lithium->@Inject::removeGameEventDispatcher(ILorg/spongepowered/asm/mixin/injection/callback/CallbackInfo;)V has 0 override(s) in child classes
[19:38:44] [main/DEBUG] (FabricLoader/Mixin) lithium.mixins.json:world.game_events.dispatch.LevelChunkMixin from mod lithium->@Inject::removeGameEventDispatcher(ILorg/spongepowered/asm/mixin/injection/callback/CallbackInfo;)V won't be passed a CallbackInfo as a result
[19:38:44] [main/DEBUG] (FabricLoader/Mixin) lithium.mixins.json:world.game_events.dispatch.LevelChunkMixin from mod lithium->@Inject::initializeCollection(Lorg/spongepowered/asm/mixin/injection/callback/CallbackInfoReturnable;)V doesn't use it's CallbackInfoReturnable
[19:38:44] [main/DEBUG] (FabricLoader/Mixin) lithium.mixins.json:world.game_events.dispatch.LevelChunkMixin from mod lithium->@Inject::initializeCollection(Lorg/spongepowered/asm/mixin/injection/callback/CallbackInfoReturnable;)V has 0 override(s) in child classes
[19:38:44] [main/DEBUG] (FabricLoader/Mixin) lithium.mixins.json:world.game_events.dispatch.LevelChunkMixin from mod lithium->@Inject::initializeCollection(Lorg/spongepowered/asm/mixin/injection/callback/CallbackInfoReturnable;)V won't be passed a CallbackInfoReturnable as a result
[19:38:44] [main/DEBUG] (FabricLoader/Mixin) fabric-lifecycle-events-v1.mixins.json:server.LevelChunkMixin from mod fabric-lifecycle-events-v1->@Inject::onRemoveBlockEntity(Lnet/minecraft/world/level/block/entity/BlockEntity;Lorg/spongepowered/asm/mixin/injection/callback/CallbackInfo;)V doesn't use it's CallbackInfo
[19:38:44] [main/DEBUG] (FabricLoader/Mixin) fabric-lifecycle-events-v1.mixins.json:server.LevelChunkMixin from mod fabric-lifecycle-events-v1->@Inject::onRemoveBlockEntity(Lnet/minecraft/world/level/block/entity/BlockEntity;Lorg/spongepowered/asm/mixin/injection/callback/CallbackInfo;)V has 0 override(s) in child classes
[19:38:44] [main/DEBUG] (FabricLoader/Mixin) fabric-lifecycle-events-v1.mixins.json:server.LevelChunkMixin from mod fabric-lifecycle-events-v1->@Inject::onRemoveBlockEntity(Lnet/minecraft/world/level/block/entity/BlockEntity;Lorg/spongepowered/asm/mixin/injection/callback/CallbackInfo;)V won't be passed a CallbackInfo as a result
[19:38:44] [main/DEBUG] (FabricLoader/Mixin) fabric-lifecycle-events-v1.mixins.json:server.LevelChunkMixin from mod fabric-lifecycle-events-v1->@Inject::onRemoveBlockEntity(Lnet/minecraft/core/BlockPos;Lorg/spongepowered/asm/mixin/injection/callback/CallbackInfo;)V doesn't use it's CallbackInfo
[19:38:44] [main/DEBUG] (FabricLoader/Mixin) fabric-lifecycle-events-v1.mixins.json:server.LevelChunkMixin from mod fabric-lifecycle-events-v1->@Inject::onRemoveBlockEntity(Lnet/minecraft/core/BlockPos;Lorg/spongepowered/asm/mixin/injection/callback/CallbackInfo;)V has 0 override(s) in child classes
[19:38:44] [main/DEBUG] (FabricLoader/Mixin) fabric-lifecycle-events-v1.mixins.json:server.LevelChunkMixin from mod fabric-lifecycle-events-v1->@Inject::onRemoveBlockEntity(Lnet/minecraft/core/BlockPos;Lorg/spongepowered/asm/mixin/injection/callback/CallbackInfo;)V won't be passed a CallbackInfo as a result
[19:38:44] [main/DEBUG] (FabricLoader/Mixin) fabric-data-attachment-api-v1.mixins.json:LevelChunkMixin from mod fabric-data-attachment-api-v1->@Inject::transferProtoChunkAttachment(Lnet/minecraft/server/level/ServerLevel;Lnet/minecraft/world/level/chunk/ProtoChunk;Lnet/minecraft/world/level/chunk/LevelChunk$PostLoadProcessor;Lorg/spongepowered/asm/mixin/injection/callback/CallbackInfo;)V doesn't use it's CallbackInfo
[19:38:44] [main/DEBUG] (FabricLoader/Mixin) fabric-data-attachment-api-v1.mixins.json:LevelChunkMixin from mod fabric-data-attachment-api-v1->@Inject::transferProtoChunkAttachment(Lnet/minecraft/server/level/ServerLevel;Lnet/minecraft/world/level/chunk/ProtoChunk;Lnet/minecraft/world/level/chunk/LevelChunk$PostLoadProcessor;Lorg/spongepowered/asm/mixin/injection/callback/CallbackInfo;)V has 0 override(s) in child classes
[19:38:44] [main/DEBUG] (FabricLoader/Mixin) fabric-data-attachment-api-v1.mixins.json:LevelChunkMixin from mod fabric-data-attachment-api-v1->@Inject::transferProtoChunkAttachment(Lnet/minecraft/server/level/ServerLevel;Lnet/minecraft/world/level/chunk/ProtoChunk;Lnet/minecraft/world/level/chunk/LevelChunk$PostLoadProcessor;Lorg/spongepowered/asm/mixin/injection/callback/CallbackInfo;)V won't be passed a CallbackInfo as a result
[19:38:44] [main/DEBUG] (FabricLoader/Mixin) Mixing entity.inactive_navigations.PathNavigationMixin from lithium.mixins.json into net.minecraft.world.entity.ai.navigation.PathNavigation
[19:38:44] [main/DEBUG] (FabricLoader/Mixin) lithium.mixins.json:entity.inactive_navigations.PathNavigationMixin from mod lithium->@Inject::updateListeningState(Lorg/spongepowered/asm/mixin/injection/callback/CallbackInfo;)V doesn't use it's CallbackInfo
[19:38:44] [main/DEBUG] (FabricLoader/Mixin) lithium.mixins.json:entity.inactive_navigations.PathNavigationMixin from mod lithium->@Inject::updateListeningState(Lorg/spongepowered/asm/mixin/injection/callback/CallbackInfo;)V has 0 override(s) in child classes
[19:38:44] [main/DEBUG] (FabricLoader/Mixin) lithium.mixins.json:entity.inactive_navigations.PathNavigationMixin from mod lithium->@Inject::updateListeningState(Lorg/spongepowered/asm/mixin/injection/callback/CallbackInfo;)V won't be passed a CallbackInfo as a result
[19:38:44] [main/DEBUG] (FabricLoader/Mixin) lithium.mixins.json:entity.inactive_navigations.PathNavigationMixin from mod lithium->@Inject::updateListeningState2(Lnet/minecraft/world/level/pathfinder/Path;DLorg/spongepowered/asm/mixin/injection/callback/CallbackInfoReturnable;)V doesn't use it's CallbackInfoReturnable
[19:38:44] [main/DEBUG] (FabricLoader/Mixin) lithium.mixins.json:entity.inactive_navigations.PathNavigationMixin from mod lithium->@Inject::updateListeningState2(Lnet/minecraft/world/level/pathfinder/Path;DLorg/spongepowered/asm/mixin/injection/callback/CallbackInfoReturnable;)V has 0 override(s) in child classes
[19:38:44] [main/DEBUG] (FabricLoader/Mixin) lithium.mixins.json:entity.inactive_navigations.PathNavigationMixin from mod lithium->@Inject::updateListeningState2(Lnet/minecraft/world/level/pathfinder/Path;DLorg/spongepowered/asm/mixin/injection/callback/CallbackInfoReturnable;)V won't be passed a CallbackInfoReturnable as a result
[19:38:44] [main/DEBUG] (FabricLoader/Mixin) lithium.mixins.json:entity.inactive_navigations.PathNavigationMixin from mod lithium->@Inject::updateListeningState2(Lnet/minecraft/world/level/pathfinder/Path;DLorg/spongepowered/asm/mixin/injection/callback/CallbackInfoReturnable;)V doesn't use it's CallbackInfoReturnable
[19:38:44] [main/DEBUG] (FabricLoader/Mixin) lithium.mixins.json:entity.inactive_navigations.PathNavigationMixin from mod lithium->@Inject::updateListeningState2(Lnet/minecraft/world/level/pathfinder/Path;DLorg/spongepowered/asm/mixin/injection/callback/CallbackInfoReturnable;)V has 0 override(s) in child classes
[19:38:44] [main/DEBUG] (FabricLoader/Mixin) lithium.mixins.json:entity.inactive_navigations.PathNavigationMixin from mod lithium->@Inject::updateListeningState2(Lnet/minecraft/world/level/pathfinder/Path;DLorg/spongepowered/asm/mixin/injection/callback/CallbackInfoReturnable;)V won't be passed a CallbackInfoReturnable as a result
[19:38:44] [main/DEBUG] (FabricLoader/Mixin) lithium.mixins.json:entity.inactive_navigations.PathNavigationMixin from mod lithium->@Inject::updateListeningState2(Lnet/minecraft/world/level/pathfinder/Path;DLorg/spongepowered/asm/mixin/injection/callback/CallbackInfoReturnable;)V doesn't use it's CallbackInfoReturnable
[19:38:44] [main/DEBUG] (FabricLoader/Mixin) lithium.mixins.json:entity.inactive_navigations.PathNavigationMixin from mod lithium->@Inject::updateListeningState2(Lnet/minecraft/world/level/pathfinder/Path;DLorg/spongepowered/asm/mixin/injection/callback/CallbackInfoReturnable;)V has 0 override(s) in child classes
[19:38:44] [main/DEBUG] (FabricLoader/Mixin) lithium.mixins.json:entity.inactive_navigations.PathNavigationMixin from mod lithium->@Inject::updateListeningState2(Lnet/minecraft/world/level/pathfinder/Path;DLorg/spongepowered/asm/mixin/injection/callback/CallbackInfoReturnable;)V won't be passed a CallbackInfoReturnable as a result
[19:38:44] [main/DEBUG] (FabricLoader/Mixin) lithium.mixins.json:entity.inactive_navigations.PathNavigationMixin from mod lithium->@Inject::updateListeningState2(Lnet/minecraft/world/level/pathfinder/Path;DLorg/spongepowered/asm/mixin/injection/callback/CallbackInfoReturnable;)V doesn't use it's CallbackInfoReturnable
[19:38:44] [main/DEBUG] (FabricLoader/Mixin) lithium.mixins.json:entity.inactive_navigations.PathNavigationMixin from mod lithium->@Inject::updateListeningState2(Lnet/minecraft/world/level/pathfinder/Path;DLorg/spongepowered/asm/mixin/injection/callback/CallbackInfoReturnable;)V has 0 override(s) in child classes
[19:38:44] [main/DEBUG] (FabricLoader/Mixin) lithium.mixins.json:entity.inactive_navigations.PathNavigationMixin from mod lithium->@Inject::updateListeningState2(Lnet/minecraft/world/level/pathfinder/Path;DLorg/spongepowered/asm/mixin/injection/callback/CallbackInfoReturnable;)V won't be passed a CallbackInfoReturnable as a result
[19:38:44] [main/DEBUG] (FabricLoader/Mixin) lithium.mixins.json:entity.inactive_navigations.PathNavigationMixin from mod lithium->@Inject::stopListening(Lorg/spongepowered/asm/mixin/injection/callback/CallbackInfo;)V doesn't use it's CallbackInfo
[19:38:44] [main/DEBUG] (FabricLoader/Mixin) lithium.mixins.json:entity.inactive_navigations.PathNavigationMixin from mod lithium->@Inject::stopListening(Lorg/spongepowered/asm/mixin/injection/callback/CallbackInfo;)V has 0 override(s) in child classes
[19:38:44] [main/DEBUG] (FabricLoader/Mixin) lithium.mixins.json:entity.inactive_navigations.PathNavigationMixin from mod lithium->@Inject::stopListening(Lorg/spongepowered/asm/mixin/injection/callback/CallbackInfo;)V won't be passed a CallbackInfo as a result
[19:38:44] [main/DEBUG] (FabricLoader/Mixin) Mixing AreaEffectCloudMixin from djs-fixed-progression.mixins.json into net.minecraft.world.entity.AreaEffectCloud
[19:38:44] [main/DEBUG] (FabricLoader/Mixin) Renaming synthetic method lambda$extinguishIfWater$0(Lnet/minecraft/core/BlockPos;)V to mdb752e4$djs-fixed-progression$lambda$extinguishIfWater$0$0 in djs-fixed-progression.mixins.json:AreaEffectCloudMixin from mod djs-fixed-progression
[19:38:44] [main/DEBUG] (FabricLoader/Mixin) djs-fixed-progression.mixins.json:AreaEffectCloudMixin from mod djs-fixed-progression->@Inject::extinguishIfWater(Lorg/spongepowered/asm/mixin/injection/callback/CallbackInfo;)V doesn't use it's CallbackInfo
[19:38:44] [main/DEBUG] (FabricLoader/Mixin) djs-fixed-progression.mixins.json:AreaEffectCloudMixin from mod djs-fixed-progression->@Inject::extinguishIfWater(Lorg/spongepowered/asm/mixin/injection/callback/CallbackInfo;)V has 0 override(s) in child classes
[19:38:44] [main/DEBUG] (FabricLoader/Mixin) djs-fixed-progression.mixins.json:AreaEffectCloudMixin from mod djs-fixed-progression->@Inject::extinguishIfWater(Lorg/spongepowered/asm/mixin/injection/callback/CallbackInfo;)V won't be passed a CallbackInfo as a result
[19:38:44] [main/DEBUG] (FabricLoader/Mixin) Mixing ExperienceOrbMixin from djs-fixed-progression.mixins.json into net.minecraft.world.entity.ExperienceOrb
[19:38:44] [main/DEBUG] (FabricLoader/Mixin) djs-fixed-progression.mixins.json:ExperienceOrbMixin from mod djs-fixed-progression->@Inject::boostBeaconXP(Lnet/minecraft/world/level/Level;Lnet/minecraft/world/phys/Vec3;Lnet/minecraft/world/phys/Vec3;ILorg/spongepowered/asm/mixin/injection/callback/CallbackInfo;)V doesn't use it's CallbackInfo
[19:38:44] [main/DEBUG] (FabricLoader/Mixin) djs-fixed-progression.mixins.json:ExperienceOrbMixin from mod djs-fixed-progression->@Inject::boostBeaconXP(Lnet/minecraft/world/level/Level;Lnet/minecraft/world/phys/Vec3;Lnet/minecraft/world/phys/Vec3;ILorg/spongepowered/asm/mixin/injection/callback/CallbackInfo;)V has 0 override(s) in child classes
[19:38:44] [main/DEBUG] (FabricLoader/Mixin) djs-fixed-progression.mixins.json:ExperienceOrbMixin from mod djs-fixed-progression->@Inject::boostBeaconXP(Lnet/minecraft/world/level/Level;Lnet/minecraft/world/phys/Vec3;Lnet/minecraft/world/phys/Vec3;ILorg/spongepowered/asm/mixin/injection/callback/CallbackInfo;)V won't be passed a CallbackInfo as a result
[19:38:44] [main/DEBUG] (FabricLoader/Mixin) Mixing entity.replace_entitytype_predicates.ArmorStandMixin from lithium.mixins.json into net.minecraft.world.entity.decoration.ArmorStand
[19:38:44] [main/DEBUG] (FabricLoader/Mixin) Renaming synthetic method lambda$getMinecartsDirectly$0(Lnet/minecraft/world/entity/Entity;Lnet/minecraft/world/entity/vehicle/minecart/AbstractMinecart;)Z to mdb752e4$lithium$lambda$getMinecartsDirectly$0$0 in lithium.mixins.json:entity.replace_entitytype_predicates.ArmorStandMixin from mod lithium
[19:38:44] [main/DEBUG] (FabricLoader/Mixin) Mixing BreezeMixin from fabric-particles-v1.mixins.json into net.minecraft.world.entity.monster.breeze.Breeze
[19:38:44] [main/DEBUG] (FabricLoader/Mixin) Mixing AbstractHorseAccess from jade.mixins.json into net.minecraft.world.entity.animal.equine.AbstractHorse
[19:38:44] [main/DEBUG] (FabricLoader/Mixin) Mixing ai.non_poi_block_search.MoveToBlockGoalMixin from lithium.mixins.json into net.minecraft.world.entity.ai.goal.MoveToBlockGoal
[19:38:44] [main/DEBUG] (FabricLoader/Mixin) Renaming synthetic method lambda$lithium$chunkAwareSearch$0(Lnet/minecraft/core/BlockPos;JJ)I to mdb752e4$lithium$lambda$lithium$chunkAwareSearch$0$0 in lithium.mixins.json:ai.non_poi_block_search.MoveToBlockGoalMixin from mod lithium
[19:38:44] [main/DEBUG] (FabricLoader/Mixin) Mixing block.hopper.InventoryAccessors$AbstractMinecartContainerMixin from lithium.mixins.json into net.minecraft.world.entity.vehicle.minecart.AbstractMinecartContainer
[19:38:44] [main/DEBUG] (FabricLoader/Mixin) Mixing AbstractMinecartMixin from djs-fixed-progression.mixins.json into net.minecraft.world.entity.vehicle.minecart.AbstractMinecart
[19:38:44] [main/DEBUG] (FabricLoader/Mixin) Renaming synthetic method lambda$loadLinkData$2(Ljava/lang/String;)V to mdb752e4$djs-fixed-progression$lambda$loadLinkData$2$0 in djs-fixed-progression.mixins.json:AbstractMinecartMixin from mod djs-fixed-progression
[19:38:44] [main/DEBUG] (FabricLoader/Mixin) Renaming synthetic method lambda$loadLinkData$1(Ljava/lang/String;)V to mdb752e4$djs-fixed-progression$lambda$loadLinkData$1$1 in djs-fixed-progression.mixins.json:AbstractMinecartMixin from mod djs-fixed-progression
[19:38:44] [main/DEBUG] (FabricLoader/Mixin) Renaming synthetic method lambda$loadLinkData$0(Ljava/lang/String;)V to mdb752e4$djs-fixed-progression$lambda$loadLinkData$0$2 in djs-fixed-progression.mixins.json:AbstractMinecartMixin from mod djs-fixed-progression
[19:38:44] [main/DEBUG] (FabricLoader/Mixin) djs-fixed-progression.mixins.json:AbstractMinecartMixin from mod djs-fixed-progression->@Inject::uncapSpeedLocal(Lorg/spongepowered/asm/mixin/injection/callback/CallbackInfoReturnable;)V does use it's CallbackInfoReturnable
[19:38:44] [main/DEBUG] (FabricLoader/Mixin) djs-fixed-progression.mixins.json:AbstractMinecartMixin from mod djs-fixed-progression->@Inject::uncapSpeedServer(Lnet/minecraft/server/level/ServerLevel;Lorg/spongepowered/asm/mixin/injection/callback/CallbackInfoReturnable;)V does use it's CallbackInfoReturnable
[19:38:44] [main/DEBUG] (FabricLoader/Mixin) djs-fixed-progression.mixins.json:AbstractMinecartMixin from mod djs-fixed-progression->@Inject::disableTrainCollisionRay(Lnet/minecraft/world/entity/Entity;Lorg/spongepowered/asm/mixin/injection/callback/CallbackInfoReturnable;)V does use it's CallbackInfoReturnable
[19:38:44] [main/DEBUG] (FabricLoader/Mixin) djs-fixed-progression.mixins.json:AbstractMinecartMixin from mod djs-fixed-progression->@Inject::disableTrainPushing(Lnet/minecraft/world/entity/Entity;Lorg/spongepowered/asm/mixin/injection/callback/CallbackInfo;)V does use it's CallbackInfo
[19:38:44] [main/DEBUG] (FabricLoader/Mixin) djs-fixed-progression.mixins.json:AbstractMinecartMixin from mod djs-fixed-progression->@Inject::makeFollowersUnpushable(Lorg/spongepowered/asm/mixin/injection/callback/CallbackInfoReturnable;)V does use it's CallbackInfoReturnable
[19:38:44] [main/DEBUG] (FabricLoader/Mixin) djs-fixed-progression.mixins.json:AbstractMinecartMixin from mod djs-fixed-progression->@Inject::applyHopPhysics(Lorg/spongepowered/asm/mixin/injection/callback/CallbackInfo;)V doesn't use it's CallbackInfo
[19:38:44] [main/DEBUG] (FabricLoader/Mixin) djs-fixed-progression.mixins.json:AbstractMinecartMixin from mod djs-fixed-progression->@Inject::applyHopPhysics(Lorg/spongepowered/asm/mixin/injection/callback/CallbackInfo;)V has 0 override(s) in child classes
[19:38:44] [main/DEBUG] (FabricLoader/Mixin) djs-fixed-progression.mixins.json:AbstractMinecartMixin from mod djs-fixed-progression->@Inject::applyHopPhysics(Lorg/spongepowered/asm/mixin/injection/callback/CallbackInfo;)V won't be passed a CallbackInfo as a result
[19:38:44] [main/DEBUG] (FabricLoader/Mixin) djs-fixed-progression.mixins.json:AbstractMinecartMixin from mod djs-fixed-progression->@Inject::saveLinkData(Lnet/minecraft/world/level/storage/ValueOutput;Lorg/spongepowered/asm/mixin/injection/callback/CallbackInfo;)V doesn't use it's CallbackInfo
[19:38:44] [main/DEBUG] (FabricLoader/Mixin) djs-fixed-progression.mixins.json:AbstractMinecartMixin from mod djs-fixed-progression->@Inject::saveLinkData(Lnet/minecraft/world/level/storage/ValueOutput;Lorg/spongepowered/asm/mixin/injection/callback/CallbackInfo;)V has 0 override(s) in child classes
[19:38:44] [main/DEBUG] (FabricLoader/Mixin) djs-fixed-progression.mixins.json:AbstractMinecartMixin from mod djs-fixed-progression->@Inject::saveLinkData(Lnet/minecraft/world/level/storage/ValueOutput;Lorg/spongepowered/asm/mixin/injection/callback/CallbackInfo;)V won't be passed a CallbackInfo as a result
[19:38:44] [main/DEBUG] (FabricLoader/Mixin) djs-fixed-progression.mixins.json:AbstractMinecartMixin from mod djs-fixed-progression->@Inject::loadLinkData(Lnet/minecraft/world/level/storage/ValueInput;Lorg/spongepowered/asm/mixin/injection/callback/CallbackInfo;)V doesn't use it's CallbackInfo
[19:38:44] [main/DEBUG] (FabricLoader/Mixin) djs-fixed-progression.mixins.json:AbstractMinecartMixin from mod djs-fixed-progression->@Inject::loadLinkData(Lnet/minecraft/world/level/storage/ValueInput;Lorg/spongepowered/asm/mixin/injection/callback/CallbackInfo;)V has 0 override(s) in child classes
[19:38:44] [main/DEBUG] (FabricLoader/Mixin) djs-fixed-progression.mixins.json:AbstractMinecartMixin from mod djs-fixed-progression->@Inject::loadLinkData(Lnet/minecraft/world/level/storage/ValueInput;Lorg/spongepowered/asm/mixin/injection/callback/CallbackInfo;)V won't be passed a CallbackInfo as a result
[19:38:44] [main/DEBUG] (FabricLoader/Mixin) djs-fixed-progression.mixins.json:AbstractMinecartMixin from mod djs-fixed-progression->@Inject::processPhysicsModification(Lorg/spongepowered/asm/mixin/injection/callback/CallbackInfo;)V doesn't use it's CallbackInfo
[19:38:44] [main/DEBUG] (FabricLoader/Mixin) djs-fixed-progression.mixins.json:AbstractMinecartMixin from mod djs-fixed-progression->@Inject::processPhysicsModification(Lorg/spongepowered/asm/mixin/injection/callback/CallbackInfo;)V has 0 override(s) in child classes
[19:38:44] [main/DEBUG] (FabricLoader/Mixin) djs-fixed-progression.mixins.json:AbstractMinecartMixin from mod djs-fixed-progression->@Inject::processPhysicsModification(Lorg/spongepowered/asm/mixin/injection/callback/CallbackInfo;)V won't be passed a CallbackInfo as a result
[19:38:44] [main/DEBUG] (FabricLoader/Mixin) Mixing block.hopper.OldMinecartBehaviorMixin from lithium.mixins.json into net.minecraft.world.entity.vehicle.minecart.OldMinecartBehavior
[19:38:44] [main/DEBUG] (FabricLoader/Mixin) Mixing entity.collisions.unpushable_cramming.OldMinecartBehaviorMixin from lithium.mixins.json into net.minecraft.world.entity.vehicle.minecart.OldMinecartBehavior
[19:38:44] [main/DEBUG] (FabricLoader/Mixin) Mixing entity.replace_entitytype_predicates.OldMinecartBehaviorMixin from lithium.mixins.json into net.minecraft.world.entity.vehicle.minecart.OldMinecartBehavior
[19:38:44] [main/DEBUG] (FabricLoader/Mixin) Renaming synthetic method lambda$getOtherAbstractMinecarts$0(Lnet/minecraft/world/entity/Entity;Lnet/minecraft/world/entity/vehicle/minecart/AbstractMinecart;)Z to mdb752e4$lithium$lambda$getOtherAbstractMinecarts$0$0 in lithium.mixins.json:entity.replace_entitytype_predicates.OldMinecartBehaviorMixin from mod lithium
[19:38:44] [main/DEBUG] (FabricLoader/Mixin) lithium.mixins.json:block.hopper.OldMinecartBehaviorMixin from mod lithium->@Inject::avoidNotifyingMovementListeners(Lnet/minecraft/server/level/ServerLevel;Lorg/spongepowered/asm/mixin/injection/callback/CallbackInfo;)V doesn't use it's CallbackInfo
[19:38:44] [main/DEBUG] (FabricLoader/Mixin) lithium.mixins.json:block.hopper.OldMinecartBehaviorMixin from mod lithium->@Inject::avoidNotifyingMovementListeners(Lnet/minecraft/server/level/ServerLevel;Lorg/spongepowered/asm/mixin/injection/callback/CallbackInfo;)V has 0 override(s) in child classes
[19:38:44] [main/DEBUG] (FabricLoader/Mixin) lithium.mixins.json:block.hopper.OldMinecartBehaviorMixin from mod lithium->@Inject::avoidNotifyingMovementListeners(Lnet/minecraft/server/level/ServerLevel;Lorg/spongepowered/asm/mixin/injection/callback/CallbackInfo;)V won't be passed a CallbackInfo as a result
[19:38:44] [main/DEBUG] (FabricLoader/Mixin) lithium.mixins.json:block.hopper.OldMinecartBehaviorMixin from mod lithium->@Inject::notifyMovementListeners(Lnet/minecraft/server/level/ServerLevel;Lorg/spongepowered/asm/mixin/injection/callback/CallbackInfo;)V doesn't use it's CallbackInfo
[19:38:44] [main/DEBUG] (FabricLoader/Mixin) lithium.mixins.json:block.hopper.OldMinecartBehaviorMixin from mod lithium->@Inject::notifyMovementListeners(Lnet/minecraft/server/level/ServerLevel;Lorg/spongepowered/asm/mixin/injection/callback/CallbackInfo;)V has 0 override(s) in child classes
[19:38:44] [main/DEBUG] (FabricLoader/Mixin) lithium.mixins.json:block.hopper.OldMinecartBehaviorMixin from mod lithium->@Inject::notifyMovementListeners(Lnet/minecraft/server/level/ServerLevel;Lorg/spongepowered/asm/mixin/injection/callback/CallbackInfo;)V won't be passed a CallbackInfo as a result
[19:38:44] [main/DEBUG] (FabricLoader/Mixin) lithium.mixins.json:block.hopper.OldMinecartBehaviorMixin from mod lithium->@Inject::notifyMovementListeners(Lnet/minecraft/server/level/ServerLevel;Lorg/spongepowered/asm/mixin/injection/callback/CallbackInfo;)V doesn't use it's CallbackInfo
[19:38:44] [main/DEBUG] (FabricLoader/Mixin) lithium.mixins.json:block.hopper.OldMinecartBehaviorMixin from mod lithium->@Inject::notifyMovementListeners(Lnet/minecraft/server/level/ServerLevel;Lorg/spongepowered/asm/mixin/injection/callback/CallbackInfo;)V has 0 override(s) in child classes
[19:38:44] [main/DEBUG] (FabricLoader/Mixin) lithium.mixins.json:block.hopper.OldMinecartBehaviorMixin from mod lithium->@Inject::notifyMovementListeners(Lnet/minecraft/server/level/ServerLevel;Lorg/spongepowered/asm/mixin/injection/callback/CallbackInfo;)V won't be passed a CallbackInfo as a result
[19:38:44] [main/DEBUG] (FabricLoader/Mixin) Mixing ZombieMixin from djs-fixed-progression.mixins.json into net.minecraft.world.entity.monster.zombie.Zombie
[19:38:44] [main/DEBUG] (FabricLoader/Mixin) djs-fixed-progression.mixins.json:ZombieMixin from mod djs-fixed-progression->@Inject::addSnifferEggGoal(Lorg/spongepowered/asm/mixin/injection/callback/CallbackInfo;)V doesn't use it's CallbackInfo
[19:38:44] [main/DEBUG] (FabricLoader/Mixin) djs-fixed-progression.mixins.json:ZombieMixin from mod djs-fixed-progression->@Inject::addSnifferEggGoal(Lorg/spongepowered/asm/mixin/injection/callback/CallbackInfo;)V has 0 override(s) in child classes
[19:38:44] [main/DEBUG] (FabricLoader/Mixin) djs-fixed-progression.mixins.json:ZombieMixin from mod djs-fixed-progression->@Inject::addSnifferEggGoal(Lorg/spongepowered/asm/mixin/injection/callback/CallbackInfo;)V won't be passed a CallbackInfo as a result
[19:38:44] [main/DEBUG] (FabricLoader/Mixin) Mixing ai.non_poi_block_search.RemoveBlockGoalMixin from lithium.mixins.json into net.minecraft.world.entity.ai.goal.RemoveBlockGoal
[19:38:44] [main/DEBUG] (FabricLoader/Mixin) Mixing VillagerAccessor from fabric-content-registries-v0.mixins.json into net.minecraft.world.entity.npc.villager.Villager
[19:38:44] [main/DEBUG] (FabricLoader/Mixin) Renaming @Accessor method fabric_setItemFoodValues(Ljava/util/Map;)V to fabric_setItemFoodValues$fabric-content-registries-v0_$md$b752e4$0 in fabric-content-registries-v0.mixins.json:VillagerAccessor from mod fabric-content-registries-v0
[19:38:44] [main/DEBUG] (FabricLoader/Mixin) Mixing VillagerMixin from fabric-content-registries-v0.mixins.json into net.minecraft.world.entity.npc.villager.Villager
[19:38:44] [main/DEBUG] (FabricLoader/Mixin) Mixing VillagerMixin from djs-fixed-progression.mixins.json into net.minecraft.world.entity.npc.villager.Villager
[19:38:44] [main/DEBUG] (FabricLoader/Mixin) djs-fixed-progression.mixins.json:VillagerMixin from mod djs-fixed-progression->@Inject::applyBeaconDiscount(Lnet/minecraft/world/entity/player/Player;Lorg/spongepowered/asm/mixin/injection/callback/CallbackInfo;)V doesn't use it's CallbackInfo
[19:38:44] [main/DEBUG] (FabricLoader/Mixin) djs-fixed-progression.mixins.json:VillagerMixin from mod djs-fixed-progression->@Inject::applyBeaconDiscount(Lnet/minecraft/world/entity/player/Player;Lorg/spongepowered/asm/mixin/injection/callback/CallbackInfo;)V has 0 override(s) in child classes
[19:38:44] [main/DEBUG] (FabricLoader/Mixin) djs-fixed-progression.mixins.json:VillagerMixin from mod djs-fixed-progression->@Inject::applyBeaconDiscount(Lnet/minecraft/world/entity/player/Player;Lorg/spongepowered/asm/mixin/injection/callback/CallbackInfo;)V won't be passed a CallbackInfo as a result
[19:38:44] [main/DEBUG] (FabricLoader/Mixin) Mixing ThrownTridentMixin from djs-fixed-progression.mixins.json into net.minecraft.world.entity.projectile.arrow.ThrownTrident
[19:38:44] [main/DEBUG] (FabricLoader/Mixin) djs-fixed-progression.mixins.json:ThrownTridentMixin from mod djs-fixed-progression->@Inject::returnFromVoid(Lorg/spongepowered/asm/mixin/injection/callback/CallbackInfo;)V doesn't use it's CallbackInfo
[19:38:44] [main/DEBUG] (FabricLoader/Mixin) djs-fixed-progression.mixins.json:ThrownTridentMixin from mod djs-fixed-progression->@Inject::returnFromVoid(Lorg/spongepowered/asm/mixin/injection/callback/CallbackInfo;)V has 0 override(s) in child classes
[19:38:44] [main/DEBUG] (FabricLoader/Mixin) djs-fixed-progression.mixins.json:ThrownTridentMixin from mod djs-fixed-progression->@Inject::returnFromVoid(Lorg/spongepowered/asm/mixin/injection/callback/CallbackInfo;)V won't be passed a CallbackInfo as a result
[19:38:44] [main/DEBUG] (FabricLoader/Mixin) Mixing ElderGuardianMixin from djs-fixed-progression.mixins.json into net.minecraft.world.entity.monster.ElderGuardian
[19:38:44] [main/DEBUG] (FabricLoader/Mixin) djs-fixed-progression.mixins.json:ElderGuardianMixin from mod djs-fixed-progression->@Inject::customAttributes(Lorg/spongepowered/asm/mixin/injection/callback/CallbackInfoReturnable;)V does use it's CallbackInfoReturnable
[19:38:44] [main/DEBUG] (FabricLoader/Mixin) djs-fixed-progression.mixins.json:ElderGuardianMixin from mod djs-fixed-progression->@Inject::addCustomGoals(Lnet/minecraft/world/entity/EntityType;Lnet/minecraft/world/level/Level;Lorg/spongepowered/asm/mixin/injection/callback/CallbackInfo;)V doesn't use it's CallbackInfo
[19:38:44] [main/DEBUG] (FabricLoader/Mixin) djs-fixed-progression.mixins.json:ElderGuardianMixin from mod djs-fixed-progression->@Inject::addCustomGoals(Lnet/minecraft/world/entity/EntityType;Lnet/minecraft/world/level/Level;Lorg/spongepowered/asm/mixin/injection/callback/CallbackInfo;)V has 0 override(s) in child classes
[19:38:44] [main/DEBUG] (FabricLoader/Mixin) djs-fixed-progression.mixins.json:ElderGuardianMixin from mod djs-fixed-progression->@Inject::addCustomGoals(Lnet/minecraft/world/entity/EntityType;Lnet/minecraft/world/level/Level;Lorg/spongepowered/asm/mixin/injection/callback/CallbackInfo;)V won't be passed a CallbackInfo as a result
[19:38:44] [main/DEBUG] (FabricLoader/Mixin) djs-fixed-progression.mixins.json:ElderGuardianMixin from mod djs-fixed-progression->@Inject::updateBossBar(Lnet/minecraft/server/level/ServerLevel;Lorg/spongepowered/asm/mixin/injection/callback/CallbackInfo;)V doesn't use it's CallbackInfo
[19:38:44] [main/DEBUG] (FabricLoader/Mixin) djs-fixed-progression.mixins.json:ElderGuardianMixin from mod djs-fixed-progression->@Inject::updateBossBar(Lnet/minecraft/server/level/ServerLevel;Lorg/spongepowered/asm/mixin/injection/callback/CallbackInfo;)V has 0 override(s) in child classes
[19:38:44] [main/DEBUG] (FabricLoader/Mixin) djs-fixed-progression.mixins.json:ElderGuardianMixin from mod djs-fixed-progression->@Inject::updateBossBar(Lnet/minecraft/server/level/ServerLevel;Lorg/spongepowered/asm/mixin/injection/callback/CallbackInfo;)V won't be passed a CallbackInfo as a result
[19:38:44] [main/DEBUG] (FabricLoader/Mixin) Mixing EndermanLeaveBlockMixin from djs-fixed-progression.mixins.json into net.minecraft.world.entity.monster.EnderMan$EndermanLeaveBlockGoal
[19:38:45] [main/DEBUG] (FabricLoader/Mixin) djs-fixed-progression.mixins.json:EndermanLeaveBlockMixin from mod djs-fixed-progression->@Inject::captureEnderman(Lnet/minecraft/world/entity/monster/EnderMan;Lorg/spongepowered/asm/mixin/injection/callback/CallbackInfo;)V doesn't use it's CallbackInfo
[19:38:45] [main/DEBUG] (FabricLoader/Mixin) djs-fixed-progression.mixins.json:EndermanLeaveBlockMixin from mod djs-fixed-progression->@Inject::captureEnderman(Lnet/minecraft/world/entity/monster/EnderMan;Lorg/spongepowered/asm/mixin/injection/callback/CallbackInfo;)V has 0 override(s) in child classes
[19:38:45] [main/DEBUG] (FabricLoader/Mixin) djs-fixed-progression.mixins.json:EndermanLeaveBlockMixin from mod djs-fixed-progression->@Inject::captureEnderman(Lnet/minecraft/world/entity/monster/EnderMan;Lorg/spongepowered/asm/mixin/injection/callback/CallbackInfo;)V won't be passed a CallbackInfo as a result
[19:38:45] [main/DEBUG] (FabricLoader/Mixin) djs-fixed-progression.mixins.json:EndermanLeaveBlockMixin from mod djs-fixed-progression->@Inject::protectBlocks(Lorg/spongepowered/asm/mixin/injection/callback/CallbackInfoReturnable;)V does use it's CallbackInfoReturnable
[19:38:45] [main/DEBUG] (FabricLoader/Mixin) Mixing EndermanTakeBlockMixin from djs-fixed-progression.mixins.json into net.minecraft.world.entity.monster.EnderMan$EndermanTakeBlockGoal
[19:38:45] [main/DEBUG] (FabricLoader/Mixin) djs-fixed-progression.mixins.json:EndermanTakeBlockMixin from mod djs-fixed-progression->@Inject::captureEnderman(Lnet/minecraft/world/entity/monster/EnderMan;Lorg/spongepowered/asm/mixin/injection/callback/CallbackInfo;)V doesn't use it's CallbackInfo
[19:38:45] [main/DEBUG] (FabricLoader/Mixin) djs-fixed-progression.mixins.json:EndermanTakeBlockMixin from mod djs-fixed-progression->@Inject::captureEnderman(Lnet/minecraft/world/entity/monster/EnderMan;Lorg/spongepowered/asm/mixin/injection/callback/CallbackInfo;)V has 0 override(s) in child classes
[19:38:45] [main/DEBUG] (FabricLoader/Mixin) djs-fixed-progression.mixins.json:EndermanTakeBlockMixin from mod djs-fixed-progression->@Inject::captureEnderman(Lnet/minecraft/world/entity/monster/EnderMan;Lorg/spongepowered/asm/mixin/injection/callback/CallbackInfo;)V won't be passed a CallbackInfo as a result
[19:38:45] [main/DEBUG] (FabricLoader/Mixin) djs-fixed-progression.mixins.json:EndermanTakeBlockMixin from mod djs-fixed-progression->@Inject::protectBlocks(Lorg/spongepowered/asm/mixin/injection/callback/CallbackInfoReturnable;)V does use it's CallbackInfoReturnable
[19:38:45] [main/DEBUG] (FabricLoader/Mixin) Mixing ai.raid.RaiderMixin from lithium.mixins.json into net.minecraft.world.entity.raid.Raider
[19:38:45] [main/DEBUG] (FabricLoader/Mixin) Renaming synthetic method lambda$static$0(Lnet/minecraft/world/entity/item/ItemEntity;)Z to mdb752e4$lithium$lambda$static$0$0 in lithium.mixins.json:ai.raid.RaiderMixin from mod lithium
[19:38:45] [main/DEBUG] (FabricLoader/Mixin) Mixing ai.raid.Raider$ObtainRaidLeaderBannerGoalMixin from lithium.mixins.json into net.minecraft.world.entity.raid.Raider$ObtainRaidLeaderBannerGoal
[19:38:45] [main/DEBUG] (FabricLoader/Mixin) Mixing ai.poi.tasks.RaiderEntityAttackHomeGoalMixin from lithium.mixins.json into net.minecraft.world.entity.raid.Raider$RaiderMoveThroughVillageGoal
[19:38:45] [main/DEBUG] (FabricLoader/Mixin) Mixing MinecartFurnaceMixin from djs-fixed-progression.mixins.json into net.minecraft.world.entity.vehicle.minecart.MinecartFurnace
[19:38:45] [main/DEBUG] (FabricLoader/Mixin) djs-fixed-progression.mixins.json:MinecartFurnaceMixin from mod djs-fixed-progression->@Inject::handleTrainPause(Lorg/spongepowered/asm/mixin/injection/callback/CallbackInfo;)V doesn't use it's CallbackInfo
[19:38:45] [main/DEBUG] (FabricLoader/Mixin) djs-fixed-progression.mixins.json:MinecartFurnaceMixin from mod djs-fixed-progression->@Inject::handleTrainPause(Lorg/spongepowered/asm/mixin/injection/callback/CallbackInfo;)V has 0 override(s) in child classes
[19:38:45] [main/DEBUG] (FabricLoader/Mixin) djs-fixed-progression.mixins.json:MinecartFurnaceMixin from mod djs-fixed-progression->@Inject::handleTrainPause(Lorg/spongepowered/asm/mixin/injection/callback/CallbackInfo;)V won't be passed a CallbackInfo as a result
[19:38:45] [main/DEBUG] (FabricLoader/Mixin) djs-fixed-progression.mixins.json:MinecartFurnaceMixin from mod djs-fixed-progression->@Inject::enforceCustomPhysics(Lorg/spongepowered/asm/mixin/injection/callback/CallbackInfo;)V doesn't use it's CallbackInfo
[19:38:45] [main/DEBUG] (FabricLoader/Mixin) djs-fixed-progression.mixins.json:MinecartFurnaceMixin from mod djs-fixed-progression->@Inject::enforceCustomPhysics(Lorg/spongepowered/asm/mixin/injection/callback/CallbackInfo;)V has 0 override(s) in child classes
[19:38:45] [main/DEBUG] (FabricLoader/Mixin) djs-fixed-progression.mixins.json:MinecartFurnaceMixin from mod djs-fixed-progression->@Inject::enforceCustomPhysics(Lorg/spongepowered/asm/mixin/injection/callback/CallbackInfo;)V won't be passed a CallbackInfo as a result
[19:38:45] [main/DEBUG] (FabricLoader/Mixin) djs-fixed-progression.mixins.json:MinecartFurnaceMixin from mod djs-fixed-progression->@Inject::onSpecialItemInteract(Lnet/minecraft/world/entity/player/Player;Lnet/minecraft/world/InteractionHand;Lorg/spongepowered/asm/mixin/injection/callback/CallbackInfoReturnable;)V does use it's CallbackInfoReturnable
[19:38:45] [main/DEBUG] (FabricLoader/Mixin) Mixing ai.useless_sensors.goat_item_sensor.GoatMixin from lithium.mixins.json into net.minecraft.world.entity.animal.goat.Goat
[19:38:45] [main/DEBUG] (FabricLoader/Mixin) lithium.mixins.json:ai.useless_sensors.goat_item_sensor.GoatMixin from mod lithium->@Inject::disableItemSensor(Lorg/spongepowered/asm/mixin/injection/callback/CallbackInfo;)V doesn't use it's CallbackInfo
[19:38:45] [main/DEBUG] (FabricLoader/Mixin) lithium.mixins.json:ai.useless_sensors.goat_item_sensor.GoatMixin from mod lithium->@Inject::disableItemSensor(Lorg/spongepowered/asm/mixin/injection/callback/CallbackInfo;)V has 0 override(s) in child classes
[19:38:45] [main/DEBUG] (FabricLoader/Mixin) lithium.mixins.json:ai.useless_sensors.goat_item_sensor.GoatMixin from mod lithium->@Inject::disableItemSensor(Lorg/spongepowered/asm/mixin/injection/callback/CallbackInfo;)V won't be passed a CallbackInfo as a result
[19:38:45] [main/DEBUG] (FabricLoader/Mixin) Mixing entity.replace_entitytype_predicates.GolemRandomStrollInVillageGoalMixin from lithium.mixins.json into net.minecraft.world.entity.ai.goal.GolemRandomStrollInVillageGoal
[19:38:45] [main/DEBUG] (FabricLoader/Mixin) Mixing entity.replace_entitytype_predicates.LlamaFollowCaravanGoalMixin from lithium.mixins.json into net.minecraft.world.entity.ai.goal.LlamaFollowCaravanGoal
[19:38:45] [main/DEBUG] (FabricLoader/Mixin) Renaming synthetic method lambda$getLlamasForCaravan$0(Lnet/minecraft/world/entity/Entity;Lnet/minecraft/world/entity/animal/equine/Llama;)Z to mdb752e4$lithium$lambda$getLlamasForCaravan$0$0 in lithium.mixins.json:entity.replace_entitytype_predicates.LlamaFollowCaravanGoalMixin from mod lithium
[19:38:45] [main/DEBUG] (FabricLoader/Mixin) Mixing EntityDataSerializersAccessor from fabric-object-builder-v1.mixins.json into net.minecraft.network.syncher.EntityDataSerializers
[19:38:45] [main/DEBUG] (FabricLoader/Mixin) Renaming @Accessor method fabric_getDataHandlers()Lnet/minecraft/util/CrudeIncrementalIntIdentityHashBiMap; to fabric_getDataHandlers$fabric-object-builder-api-v1_$md$b752e4$0 in fabric-object-builder-v1.mixins.json:EntityDataSerializersAccessor from mod fabric-object-builder-api-v1
[19:38:45] [main/DEBUG] (FabricLoader/Mixin) Mixing EntityDataSerializersMixin from fabric-object-builder-v1.mixins.json into net.minecraft.network.syncher.EntityDataSerializers
[19:38:45] [main/DEBUG] (FabricLoader/Mixin) fabric-object-builder-v1.mixins.json:EntityDataSerializersMixin from mod fabric-object-builder-api-v1->@Inject::storeVanillaHandlers(Lorg/spongepowered/asm/mixin/injection/callback/CallbackInfo;)V doesn't use it's CallbackInfo
[19:38:45] [main/DEBUG] (FabricLoader/Mixin) fabric-object-builder-v1.mixins.json:EntityDataSerializersMixin from mod fabric-object-builder-api-v1->@Inject::onHeadRegister(Lnet/minecraft/network/syncher/EntityDataSerializer;Lorg/spongepowered/asm/mixin/injection/callback/CallbackInfo;)V doesn't use it's CallbackInfo
[19:38:45] [main/DEBUG] (FabricLoader/Mixin) Mixing collections.mob_spawning.WeightedListMixin from lithium.mixins.json into net.minecraft.util.random.WeightedList
[19:38:45] [main/DEBUG] (net.fabricmc.fabric.impl.object.builder.FabricTrackedDataRegistryImpl) Stored 39 vanilla handlers
[19:38:45] [main/DEBUG] (FabricLoader/Mixin) Mixing PigMixin from djs-fixed-progression.mixins.json into net.minecraft.world.entity.animal.pig.Pig
[19:38:45] [main/DEBUG] (FabricLoader/Mixin) djs-fixed-progression.mixins.json:PigMixin from mod djs-fixed-progression->@Inject::sniffForLoot(Lnet/minecraft/world/entity/player/Player;Lnet/minecraft/world/phys/Vec3;Lorg/spongepowered/asm/mixin/injection/callback/CallbackInfo;)V doesn't use it's CallbackInfo
[19:38:45] [main/DEBUG] (FabricLoader/Mixin) djs-fixed-progression.mixins.json:PigMixin from mod djs-fixed-progression->@Inject::sniffForLoot(Lnet/minecraft/world/entity/player/Player;Lnet/minecraft/world/phys/Vec3;Lorg/spongepowered/asm/mixin/injection/callback/CallbackInfo;)V has 0 override(s) in child classes
[19:38:45] [main/DEBUG] (FabricLoader/Mixin) djs-fixed-progression.mixins.json:PigMixin from mod djs-fixed-progression->@Inject::sniffForLoot(Lnet/minecraft/world/entity/player/Player;Lnet/minecraft/world/phys/Vec3;Lorg/spongepowered/asm/mixin/injection/callback/CallbackInfo;)V won't be passed a CallbackInfo as a result
[19:38:45] [main/DEBUG] (FabricLoader/Mixin) djs-fixed-progression.mixins.json:PigMixin from mod djs-fixed-progression->@Inject::resetPigSpeedOnDismount(Lorg/spongepowered/asm/mixin/injection/callback/CallbackInfoReturnable;)V does use it's CallbackInfoReturnable
[19:38:45] [main/DEBUG] (FabricLoader/Mixin) djs-fixed-progression.mixins.json:PigMixin from mod djs-fixed-progression->@Inject::resetPigSpeedOnDismount(Lorg/spongepowered/asm/mixin/injection/callback/CallbackInfoReturnable;)V does use it's CallbackInfoReturnable
[19:38:45] [main/DEBUG] (FabricLoader/Mixin) Mixing AbstractThrownPotionMixin from djs-fixed-progression.mixins.json into net.minecraft.world.entity.projectile.throwableitemprojectile.AbstractThrownPotion
[19:38:45] [main/DEBUG] (FabricLoader/Mixin) djs-fixed-progression.mixins.json:AbstractThrownPotionMixin from mod djs-fixed-progression->@Inject::forceLingeringWaterCloud(Lnet/minecraft/world/phys/HitResult;Lorg/spongepowered/asm/mixin/injection/callback/CallbackInfo;)V doesn't use it's CallbackInfo
[19:38:45] [main/DEBUG] (FabricLoader/Mixin) djs-fixed-progression.mixins.json:AbstractThrownPotionMixin from mod djs-fixed-progression->@Inject::forceLingeringWaterCloud(Lnet/minecraft/world/phys/HitResult;Lorg/spongepowered/asm/mixin/injection/callback/CallbackInfo;)V has 0 override(s) in child classes
[19:38:45] [main/DEBUG] (FabricLoader/Mixin) djs-fixed-progression.mixins.json:AbstractThrownPotionMixin from mod djs-fixed-progression->@Inject::forceLingeringWaterCloud(Lnet/minecraft/world/phys/HitResult;Lorg/spongepowered/asm/mixin/injection/callback/CallbackInfo;)V won't be passed a CallbackInfo as a result
[19:38:45] [main/DEBUG] (FabricLoader/Mixin) Mixing RavagerMixin from djs-fixed-progression.mixins.json into net.minecraft.world.entity.monster.Ravager
[19:38:45] [main/DEBUG] (FabricLoader/Mixin) Mixing SpectralArrowMixin from djs-fixed-progression.mixins.json into net.minecraft.world.entity.projectile.arrow.SpectralArrow
[19:38:45] [main/DEBUG] (FabricLoader/Mixin) djs-fixed-progression.mixins.json:SpectralArrowMixin from mod djs-fixed-progression->@Inject::applyHomingLogic(Lorg/spongepowered/asm/mixin/injection/callback/CallbackInfo;)V doesn't use it's CallbackInfo
[19:38:45] [main/DEBUG] (FabricLoader/Mixin) djs-fixed-progression.mixins.json:SpectralArrowMixin from mod djs-fixed-progression->@Inject::applyHomingLogic(Lorg/spongepowered/asm/mixin/injection/callback/CallbackInfo;)V has 0 override(s) in child classes
[19:38:45] [main/DEBUG] (FabricLoader/Mixin) djs-fixed-progression.mixins.json:SpectralArrowMixin from mod djs-fixed-progression->@Inject::applyHomingLogic(Lorg/spongepowered/asm/mixin/injection/callback/CallbackInfo;)V won't be passed a CallbackInfo as a result
[19:38:45] [main/DEBUG] (FabricLoader/Mixin) Mixing WardenMixin from fabric-particles-v1.mixins.json into net.minecraft.world.entity.monster.warden.Warden
[19:38:45] [main/DEBUG] (FabricLoader/Mixin) Mixing ItemContainerContentsAccessor from fabric-transfer-api-v1.mixins.json into net.minecraft.world.item.component.ItemContainerContents
[19:38:45] [main/DEBUG] (FabricLoader/Mixin) Mixing LootTableAccessor from fabric-loot-api-v3.mixins.json into net.minecraft.world.level.storage.loot.LootTable
[19:38:45] [main/DEBUG] (FabricLoader/Mixin) Mixing LootTableMixin from fabric-loot-api-v3.mixins.json into net.minecraft.world.level.storage.loot.LootTable
[19:38:45] [main/DEBUG] (FabricLoader/Mixin) Mixing EnchantRandomlyFunctionMixin from fabric-item-api-v1.mixins.json into net.minecraft.world.level.storage.loot.functions.EnchantRandomlyFunction
[19:38:46] [main/DEBUG] (FabricLoader/Mixin) Mixing BoneMealItemMixin from djs-fixed-progression.mixins.json into net.minecraft.world.item.BoneMealItem
[19:38:46] [main/DEBUG] (FabricLoader/Mixin) djs-fixed-progression.mixins.json:BoneMealItemMixin from mod djs-fixed-progression->@Inject::applyBonemealBoost(Lnet/minecraft/world/item/ItemStack;Lnet/minecraft/world/level/Level;Lnet/minecraft/core/BlockPos;Lorg/spongepowered/asm/mixin/injection/callback/CallbackInfoReturnable;)V doesn't use it's CallbackInfoReturnable
[19:38:46] [main/DEBUG] (FabricLoader/Mixin) Mixing FireworkRocketItemMixin from djs-fixed-progression.mixins.json into net.minecraft.world.item.FireworkRocketItem
[19:38:46] [main/DEBUG] (FabricLoader/Mixin) djs-fixed-progression.mixins.json:FireworkRocketItemMixin from mod djs-fixed-progression->@Inject::penalizeElytraOnBoost(Lnet/minecraft/world/level/Level;Lnet/minecraft/world/entity/player/Player;Lnet/minecraft/world/InteractionHand;Lorg/spongepowered/asm/mixin/injection/callback/CallbackInfoReturnable;)V doesn't use it's CallbackInfoReturnable
[19:38:46] [main/DEBUG] (FabricLoader/Mixin) djs-fixed-progression.mixins.json:FireworkRocketItemMixin from mod djs-fixed-progression->@Inject::penalizeElytraOnBoost(Lnet/minecraft/world/level/Level;Lnet/minecraft/world/entity/player/Player;Lnet/minecraft/world/InteractionHand;Lorg/spongepowered/asm/mixin/injection/callback/CallbackInfoReturnable;)V has 0 override(s) in child classes
[19:38:46] [main/DEBUG] (FabricLoader/Mixin) djs-fixed-progression.mixins.json:FireworkRocketItemMixin from mod djs-fixed-progression->@Inject::penalizeElytraOnBoost(Lnet/minecraft/world/level/Level;Lnet/minecraft/world/entity/player/Player;Lnet/minecraft/world/InteractionHand;Lorg/spongepowered/asm/mixin/injection/callback/CallbackInfoReturnable;)V won't be passed a CallbackInfoReturnable as a result
[19:38:46] [main/DEBUG] (FabricLoader/Mixin) Mixing HoneycombItemMixin from fabric-content-registries-v0.mixins.json into net.minecraft.world.item.HoneycombItem
[19:38:46] [main/DEBUG] (FabricLoader/Mixin) fabric-content-registries-v0.mixins.json:HoneycombItemMixin from mod fabric-content-registries-v0->@Inject::createUnwaxedToWaxedMap(Lorg/spongepowered/asm/mixin/injection/callback/CallbackInfoReturnable;)V does use it's CallbackInfoReturnable
[19:38:46] [main/DEBUG] (FabricLoader/Mixin) Mixing BrushItemMixin from fabric-particles-v1.mixins.json into net.minecraft.world.item.BrushItem
[19:38:47] [main/DEBUG] (FabricLoader/Mixin) Mixing EntitySelectorOptionsAccessor from fabric-command-api-v2.mixins.json into net.minecraft.commands.arguments.selector.options.EntitySelectorOptions
[19:38:47] [main/DEBUG] (FabricLoader/Mixin) Renaming @Invoker method callPutOption(Ljava/lang/String;Lnet/minecraft/commands/arguments/selector/options/EntitySelectorOptions$Modifier;Ljava/util/function/Predicate;Lnet/minecraft/network/chat/Component;)V to callPutOption$fabric-command-api-v2_$md$b752e4$0 in fabric-command-api-v2.mixins.json:EntitySelectorOptionsAccessor from mod fabric-command-api-v2
[19:38:47] [main/DEBUG] (FabricLoader/Mixin) Mixing EntitySelectorParserMixin from fabric-command-api-v2.mixins.json into net.minecraft.commands.arguments.selector.EntitySelectorParser
[19:38:47] [main/DEBUG] (FabricLoader/Mixin) Generating mapped inner class net/minecraft/world/level/block/entity/ChiseledBookShelfBlockEntity$Anonymous$6b8fabc9a3dd3f94be74f1199f97fdb5 (originally net/fabricmc/fabric/mixin/transfer/ChiseledBookShelfBlockEntityMixin$1)
[19:38:47] [main/DEBUG] (FabricLoader/Mixin) Mixing world.combined_heightmap_update.HeightmapAccessor from lithium.mixins.json into net.minecraft.world.level.levelgen.Heightmap
[19:38:48] [main/DEBUG] (FabricLoader/Mixin) Mixing SimpleContainerMixin from fabric-transfer-api-v1.mixins.json into net.minecraft.world.SimpleContainer
[19:38:48] [main/DEBUG] (FabricLoader/Mixin) Generating mapped inner class net/minecraft/world/inventory/EnchantmentMenu$Anonymous$88a40e388e9f3d04af46b178f86bb7ec (originally djabouty47/djsfixedprogression/mixin/EnchantmentMenuMixin$1)
[19:38:48] [main/DEBUG] (FabricLoader/Mixin) Mixing CraftingRecipeMixin from fabric-item-api-v1.mixins.json into net.minecraft.world.item.crafting.CraftingRecipe
[19:38:48] [main/DEBUG] (FabricLoader/Mixin) Mixing ingredient.IngredientMixin from fabric-recipe-api-v1.mixins.json into net.minecraft.world.item.crafting.Ingredient
[19:38:48] [main/DEBUG] (FabricLoader/Mixin) Renaming synthetic method lambda$injectCodec$2(Lnet/minecraft/world/item/crafting/Ingredient;)Lcom/mojang/datafixers/util/Either; to mdb752e4$fabric-recipe-api-v1$lambda$injectCodec$2$0 in fabric-recipe-api-v1.mixins.json:ingredient.IngredientMixin from mod fabric-recipe-api-v1
[19:38:48] [main/DEBUG] (FabricLoader/Mixin) Renaming synthetic method lambda$injectCodec$1(Lcom/mojang/datafixers/util/Either;)Lnet/minecraft/world/item/crafting/Ingredient; to mdb752e4$fabric-recipe-api-v1$lambda$injectCodec$1$1 in fabric-recipe-api-v1.mixins.json:ingredient.IngredientMixin from mod fabric-recipe-api-v1
[19:38:48] [main/DEBUG] (FabricLoader/Mixin) Renaming synthetic method lambda$injectCodec$0(Lnet/minecraft/world/item/crafting/Ingredient;)Lnet/minecraft/world/item/crafting/Ingredient; to mdb752e4$fabric-recipe-api-v1$lambda$injectCodec$0$2 in fabric-recipe-api-v1.mixins.json:ingredient.IngredientMixin from mod fabric-recipe-api-v1
[19:38:48] [main/DEBUG] (FabricLoader/Mixin) fabric-recipe-api-v1.mixins.json:ingredient.IngredientMixin from mod fabric-recipe-api-v1->@Inject::injectCodec(Lorg/spongepowered/asm/mixin/injection/callback/CallbackInfo;)V doesn't use it's CallbackInfo
[19:38:48] [main/DEBUG] (FabricLoader/Mixin) fabric-recipe-api-v1.mixins.json:ingredient.IngredientMixin from mod fabric-recipe-api-v1->@Inject::onGetEntries(Lnet/minecraft/world/item/crafting/Ingredient;Lorg/spongepowered/asm/mixin/injection/callback/CallbackInfoReturnable;)V does use it's CallbackInfoReturnable
[19:38:48] [main/DEBUG] (FabricLoader/Mixin) fabric-recipe-api-v1.mixins.json:ingredient.IngredientMixin from mod fabric-recipe-api-v1->@Inject::onGetEntries(Lnet/minecraft/world/item/crafting/Ingredient;Lorg/spongepowered/asm/mixin/injection/callback/CallbackInfoReturnable;)V does use it's CallbackInfoReturnable
[19:38:48] [main/DEBUG] (FabricLoader/Mixin) fabric-recipe-api-v1.mixins.json:ingredient.IngredientMixin from mod fabric-recipe-api-v1->@Inject::onGetEntries(Lnet/minecraft/world/item/crafting/Ingredient;Lorg/spongepowered/asm/mixin/injection/callback/CallbackInfoReturnable;)V does use it's CallbackInfoReturnable
[19:38:48] [main/DEBUG] (FabricLoader/Mixin) fabric-recipe-api-v1.mixins.json:ingredient.IngredientMixin from mod fabric-recipe-api-v1->@Inject::onHeadEquals(Ljava/lang/Object;Lorg/spongepowered/asm/mixin/injection/callback/CallbackInfoReturnable;)V does use it's CallbackInfoReturnable
[19:38:48] [main/DEBUG] (FabricLoader/Mixin) Mixing ingredient.ShapelessRecipeMixin from fabric-recipe-api-v1.mixins.json into net.minecraft.world.item.crafting.ShapelessRecipe
[19:38:48] [main/DEBUG] (FabricLoader/Mixin) fabric-recipe-api-v1.mixins.json:ingredient.ShapelessRecipeMixin from mod fabric-recipe-api-v1->@Inject::cacheRequiresTesting(Ljava/lang/String;Lnet/minecraft/world/item/crafting/CraftingBookCategory;Lnet/minecraft/world/item/ItemStack;Ljava/util/List;Lorg/spongepowered/asm/mixin/injection/callback/CallbackInfo;)V doesn't use it's CallbackInfo
[19:38:48] [main/DEBUG] (FabricLoader/Mixin) fabric-recipe-api-v1.mixins.json:ingredient.ShapelessRecipeMixin from mod fabric-recipe-api-v1->@Inject::cacheRequiresTesting(Ljava/lang/String;Lnet/minecraft/world/item/crafting/CraftingBookCategory;Lnet/minecraft/world/item/ItemStack;Ljava/util/List;Lorg/spongepowered/asm/mixin/injection/callback/CallbackInfo;)V has 0 override(s) in child classes
[19:38:48] [main/DEBUG] (FabricLoader/Mixin) fabric-recipe-api-v1.mixins.json:ingredient.ShapelessRecipeMixin from mod fabric-recipe-api-v1->@Inject::cacheRequiresTesting(Ljava/lang/String;Lnet/minecraft/world/item/crafting/CraftingBookCategory;Lnet/minecraft/world/item/ItemStack;Ljava/util/List;Lorg/spongepowered/asm/mixin/injection/callback/CallbackInfo;)V won't be passed a CallbackInfo as a result
[19:38:48] [main/DEBUG] (FabricLoader/Mixin) fabric-recipe-api-v1.mixins.json:ingredient.ShapelessRecipeMixin from mod fabric-recipe-api-v1->@Inject::customIngredientMatch(Lnet/minecraft/world/item/crafting/CraftingInput;Lnet/minecraft/world/level/Level;Lorg/spongepowered/asm/mixin/injection/callback/CallbackInfoReturnable;)V does use it's CallbackInfoReturnable
[19:38:48] [main/DEBUG] (FabricLoader/Mixin) Mixing ai.useless_sensors.SensorAccessor from lithium.mixins.json into net.minecraft.world.entity.ai.sensing.Sensor
[19:38:48] [main/DEBUG] (FabricLoader/Mixin) Mixing ai.sensor.secondary_poi.SecondaryPoiSensorMixin from lithium.mixins.json into net.minecraft.world.entity.ai.sensing.SecondaryPoiSensor
[19:38:48] [main/DEBUG] (FabricLoader/Mixin) lithium.mixins.json:ai.sensor.secondary_poi.SecondaryPoiSensorMixin from mod lithium->@Inject::skipUselessSense(Lnet/minecraft/server/level/ServerLevel;Lnet/minecraft/world/entity/npc/villager/Villager;Lorg/spongepowered/asm/mixin/injection/callback/CallbackInfo;)V does use it's CallbackInfo
[19:38:48] [main/DEBUG] (FabricLoader/Mixin) Mixing ai.non_poi_block_search.PiglinSpecificSensorMixin from lithium.mixins.json into net.minecraft.world.entity.ai.sensing.PiglinSpecificSensor
[19:38:48] [main/DEBUG] (FabricLoader/Mixin) Mixing ai.non_poi_block_search.HoglinSpecificSensorMixin from lithium.mixins.json into net.minecraft.world.entity.ai.sensing.HoglinSpecificSensor
[19:38:48] [main/DEBUG] (FabricLoader/Mixin) Mixing ai.sensor.replace_streams.tempting.TemptingSensorMixin from lithium.mixins.json into net.minecraft.world.entity.ai.sensing.TemptingSensor
[19:38:48] [main/DEBUG] (FabricLoader/Mixin) Mixing minimal_nonvanilla.ai.sensor.frog_attackables.FrogAttackablesSensorMixin from lithium.mixins.json into net.minecraft.world.entity.ai.sensing.FrogAttackablesSensor
[19:38:48] [main/DEBUG] (FabricLoader/Mixin) Mixing ChunkStatusTasksMixin from fabric-lifecycle-events-v1.mixins.json into net.minecraft.world.level.chunk.status.ChunkStatusTasks
[19:38:48] [main/DEBUG] (FabricLoader/Mixin) fabric-lifecycle-events-v1.mixins.json:ChunkStatusTasksMixin from mod fabric-lifecycle-events-v1->@Inject::onChunkLoad(Lnet/minecraft/world/level/chunk/ChunkAccess;Lnet/minecraft/world/level/chunk/status/WorldGenContext;Lnet/minecraft/server/level/GenerationChunkHolder;Lorg/spongepowered/asm/mixin/injection/callback/CallbackInfoReturnable;)V does use it's CallbackInfoReturnable
[19:38:49] [main/DEBUG] (FabricLoader/Mixin) Mixing StructureTemplateManagerMixin from fabric-gametest-api-v1.mixins.json into net.minecraft.world.level.levelgen.structure.templatesystem.StructureTemplateManager
[19:38:49] [main/DEBUG] (FabricLoader/Mixin) fabric-gametest-api-v1.mixins.json:StructureTemplateManagerMixin from mod fabric-gametest-api-v1->@Inject::addFabricTemplateProvider(Lnet/minecraft/server/packs/resources/ResourceManager;Lnet/minecraft/world/level/storage/LevelStorageSource$LevelStorageAccess;Lcom/mojang/datafixers/DataFixer;Lnet/minecraft/core/HolderGetter;Lorg/spongepowered/asm/mixin/injection/callback/CallbackInfo;)V doesn't use it's CallbackInfo
[19:38:49] [main/DEBUG] (FabricLoader/Mixin) fabric-gametest-api-v1.mixins.json:StructureTemplateManagerMixin from mod fabric-gametest-api-v1->@Inject::addFabricTemplateProvider(Lnet/minecraft/server/packs/resources/ResourceManager;Lnet/minecraft/world/level/storage/LevelStorageSource$LevelStorageAccess;Lcom/mojang/datafixers/DataFixer;Lnet/minecraft/core/HolderGetter;Lorg/spongepowered/asm/mixin/injection/callback/CallbackInfo;)V has 0 override(s) in child classes
[19:38:49] [main/DEBUG] (FabricLoader/Mixin) fabric-gametest-api-v1.mixins.json:StructureTemplateManagerMixin from mod fabric-gametest-api-v1->@Inject::addFabricTemplateProvider(Lnet/minecraft/server/packs/resources/ResourceManager;Lnet/minecraft/world/level/storage/LevelStorageSource$LevelStorageAccess;Lcom/mojang/datafixers/DataFixer;Lnet/minecraft/core/HolderGetter;Lorg/spongepowered/asm/mixin/injection/callback/CallbackInfo;)V won't be passed a CallbackInfo as a result
[19:38:49] [main/DEBUG] (FabricLoader/Mixin) Mixing TemplateStructurePieceMixin from djs-fixed-progression.mixins.json into net.minecraft.world.level.levelgen.structure.TemplateStructurePiece
[19:38:49] [main/DEBUG] (FabricLoader/Mixin) djs-fixed-progression.mixins.json:TemplateStructurePieceMixin from mod djs-fixed-progression->@Inject::removeCryingObsidian(Lnet/minecraft/world/level/WorldGenLevel;Lnet/minecraft/world/level/StructureManager;Lnet/minecraft/world/level/chunk/ChunkGenerator;Lnet/minecraft/util/RandomSource;Lnet/minecraft/world/level/levelgen/structure/BoundingBox;Lnet/minecraft/world/level/ChunkPos;Lnet/minecraft/core/BlockPos;Lorg/spongepowered/asm/mixin/injection/callback/CallbackInfo;)V doesn't use it's CallbackInfo
[19:38:49] [main/DEBUG] (FabricLoader/Mixin) djs-fixed-progression.mixins.json:TemplateStructurePieceMixin from mod djs-fixed-progression->@Inject::removeCryingObsidian(Lnet/minecraft/world/level/WorldGenLevel;Lnet/minecraft/world/level/StructureManager;Lnet/minecraft/world/level/chunk/ChunkGenerator;Lnet/minecraft/util/RandomSource;Lnet/minecraft/world/level/levelgen/structure/BoundingBox;Lnet/minecraft/world/level/ChunkPos;Lnet/minecraft/core/BlockPos;Lorg/spongepowered/asm/mixin/injection/callback/CallbackInfo;)V has 0 override(s) in child classes
[19:38:49] [main/DEBUG] (FabricLoader/Mixin) djs-fixed-progression.mixins.json:TemplateStructurePieceMixin from mod djs-fixed-progression->@Inject::removeCryingObsidian(Lnet/minecraft/world/level/WorldGenLevel;Lnet/minecraft/world/level/StructureManager;Lnet/minecraft/world/level/chunk/ChunkGenerator;Lnet/minecraft/util/RandomSource;Lnet/minecraft/world/level/levelgen/structure/BoundingBox;Lnet/minecraft/world/level/ChunkPos;Lnet/minecraft/core/BlockPos;Lorg/spongepowered/asm/mixin/injection/callback/CallbackInfo;)V won't be passed a CallbackInfo as a result
[19:38:49] [main/DEBUG] (FabricLoader/Mixin) Mixing collections.mob_spawning.MobSpawnSettingsMixin from lithium.mixins.json into net.minecraft.world.level.biome.MobSpawnSettings
[19:38:49] [main/DEBUG] (FabricLoader/Mixin) lithium.mixins.json:collections.mob_spawning.MobSpawnSettingsMixin from mod lithium->@Inject::reinit(FLjava/util/Map;Ljava/util/Map;Lorg/spongepowered/asm/mixin/injection/callback/CallbackInfo;)V doesn't use it's CallbackInfo
[19:38:49] [main/DEBUG] (FabricLoader/Mixin) lithium.mixins.json:collections.mob_spawning.MobSpawnSettingsMixin from mod lithium->@Inject::reinit(FLjava/util/Map;Ljava/util/Map;Lorg/spongepowered/asm/mixin/injection/callback/CallbackInfo;)V has 0 override(s) in child classes
[19:38:49] [main/DEBUG] (FabricLoader/Mixin) lithium.mixins.json:collections.mob_spawning.MobSpawnSettingsMixin from mod lithium->@Inject::reinit(FLjava/util/Map;Ljava/util/Map;Lorg/spongepowered/asm/mixin/injection/callback/CallbackInfo;)V won't be passed a CallbackInfo as a result
[19:38:49] [main/DEBUG] (FabricLoader/Mixin) Mixing BiomeSourceMixin from fabric-biome-api-v1.mixins.json into net.minecraft.world.level.biome.BiomeSource
[19:38:49] [main/DEBUG] (FabricLoader/Mixin) Mixing MultiNoiseBiomeSourceMixin from fabric-biome-api-v1.mixins.json into net.minecraft.world.level.biome.MultiNoiseBiomeSource
[19:38:49] [main/DEBUG] (FabricLoader/Mixin) Mixing NetherBiomePresetMixin from fabric-biome-api-v1.mixins.json into net.minecraft.world.level.biome.MultiNoiseBiomeSourceParameterList$Preset$1
[19:38:49] [main/DEBUG] (FabricLoader/Mixin) fabric-biome-api-v1.mixins.json:NetherBiomePresetMixin from mod fabric-biome-api-v1->@Inject::apply(Ljava/util/function/Function;Lorg/spongepowered/asm/mixin/injection/callback/CallbackInfoReturnable;)V does use it's CallbackInfoReturnable
[19:38:49] [main/DEBUG] (FabricLoader/Mixin) Mixing RegistryOpsAccessor from fabric-resource-conditions-api-v1.mixins.json into net.minecraft.resources.RegistryOps
[19:38:49] [main/DEBUG] (FabricLoader/Mixin) Mixing TheEndBiomeSourceMixin from fabric-biome-api-v1.mixins.json into net.minecraft.world.level.biome.TheEndBiomeSource
[19:38:49] [main/DEBUG] (FabricLoader/Mixin) Renaming synthetic method lambda$init$1(Lnet/minecraft/core/HolderGetter;)Lnet/fabricmc/fabric/impl/biome/TheEndBiomeData$Overrides; to mdb752e4$fabric-biome-api-v1$lambda$init$1$0 in fabric-biome-api-v1.mixins.json:TheEndBiomeSourceMixin from mod fabric-biome-api-v1
[19:38:49] [main/DEBUG] (FabricLoader/Mixin) Renaming synthetic method lambda$modifyCodec$0(Lcom/mojang/serialization/codecs/RecordCodecBuilder$Instance;)Lcom/mojang/datafixers/kinds/App; to mdb752e4$fabric-biome-api-v1$lambda$modifyCodec$0$1 in fabric-biome-api-v1.mixins.json:TheEndBiomeSourceMixin from mod fabric-biome-api-v1
[19:38:49] [main/DEBUG] (FabricLoader/Mixin) fabric-biome-api-v1.mixins.json:TheEndBiomeSourceMixin from mod fabric-biome-api-v1->@Inject::modifyCodec(Lorg/spongepowered/asm/mixin/injection/callback/CallbackInfo;)V doesn't use it's CallbackInfo
[19:38:49] [main/DEBUG] (FabricLoader/Mixin) fabric-biome-api-v1.mixins.json:TheEndBiomeSourceMixin from mod fabric-biome-api-v1->@Inject::rememberLookup(Lnet/minecraft/core/HolderGetter;Lorg/spongepowered/asm/mixin/injection/callback/CallbackInfoReturnable;)V doesn't use it's CallbackInfoReturnable
[19:38:49] [main/DEBUG] (FabricLoader/Mixin) fabric-biome-api-v1.mixins.json:TheEndBiomeSourceMixin from mod fabric-biome-api-v1->@Inject::clearLookup(Lnet/minecraft/core/HolderGetter;Lorg/spongepowered/asm/mixin/injection/callback/CallbackInfoReturnable;)V doesn't use it's CallbackInfoReturnable
[19:38:49] [main/DEBUG] (FabricLoader/Mixin) fabric-biome-api-v1.mixins.json:TheEndBiomeSourceMixin from mod fabric-biome-api-v1->@Inject::init(Lnet/minecraft/core/Holder;Lnet/minecraft/core/Holder;Lnet/minecraft/core/Holder;Lnet/minecraft/core/Holder;Lnet/minecraft/core/Holder;Lorg/spongepowered/asm/mixin/injection/callback/CallbackInfo;)V doesn't use it's CallbackInfo
[19:38:49] [main/DEBUG] (FabricLoader/Mixin) fabric-biome-api-v1.mixins.json:TheEndBiomeSourceMixin from mod fabric-biome-api-v1->@Inject::init(Lnet/minecraft/core/Holder;Lnet/minecraft/core/Holder;Lnet/minecraft/core/Holder;Lnet/minecraft/core/Holder;Lnet/minecraft/core/Holder;Lorg/spongepowered/asm/mixin/injection/callback/CallbackInfo;)V has 0 override(s) in child classes
[19:38:49] [main/DEBUG] (FabricLoader/Mixin) fabric-biome-api-v1.mixins.json:TheEndBiomeSourceMixin from mod fabric-biome-api-v1->@Inject::init(Lnet/minecraft/core/Holder;Lnet/minecraft/core/Holder;Lnet/minecraft/core/Holder;Lnet/minecraft/core/Holder;Lnet/minecraft/core/Holder;Lorg/spongepowered/asm/mixin/injection/callback/CallbackInfo;)V won't be passed a CallbackInfo as a result
[19:38:49] [main/DEBUG] (FabricLoader/Mixin) fabric-biome-api-v1.mixins.json:TheEndBiomeSourceMixin from mod fabric-biome-api-v1->@Inject::getWeightedEndBiome(IIILnet/minecraft/world/level/biome/Climate$Sampler;Lorg/spongepowered/asm/mixin/injection/callback/CallbackInfoReturnable;)V does use it's CallbackInfoReturnable
[19:38:49] [main/DEBUG] (FabricLoader/Mixin) fabric-biome-api-v1.mixins.json:TheEndBiomeSourceMixin from mod fabric-biome-api-v1->@Inject::getWeightedEndBiome(IIILnet/minecraft/world/level/biome/Climate$Sampler;Lorg/spongepowered/asm/mixin/injection/callback/CallbackInfoReturnable;)V does use it's CallbackInfoReturnable
[19:38:49] [main/DEBUG] (FabricLoader/Mixin) fabric-biome-api-v1.mixins.json:TheEndBiomeSourceMixin from mod fabric-biome-api-v1->@Inject::getWeightedEndBiome(IIILnet/minecraft/world/level/biome/Climate$Sampler;Lorg/spongepowered/asm/mixin/injection/callback/CallbackInfoReturnable;)V does use it's CallbackInfoReturnable
[19:38:49] [main/DEBUG] (FabricLoader/Mixin) fabric-biome-api-v1.mixins.json:TheEndBiomeSourceMixin from mod fabric-biome-api-v1->@Inject::getWeightedEndBiome(IIILnet/minecraft/world/level/biome/Climate$Sampler;Lorg/spongepowered/asm/mixin/injection/callback/CallbackInfoReturnable;)V does use it's CallbackInfoReturnable
[19:38:49] [main/DEBUG] (FabricLoader/Mixin) fabric-biome-api-v1.mixins.json:TheEndBiomeSourceMixin from mod fabric-biome-api-v1->@Inject::getWeightedEndBiome(IIILnet/minecraft/world/level/biome/Climate$Sampler;Lorg/spongepowered/asm/mixin/injection/callback/CallbackInfoReturnable;)V does use it's CallbackInfoReturnable
[19:38:49] [main/DEBUG] (FabricLoader/Mixin) Mixing gen.cached_generator_settings.NoiseBasedChunkGeneratorMixin from lithium.mixins.json into net.minecraft.world.level.levelgen.NoiseBasedChunkGenerator
[19:38:49] [main/DEBUG] (FabricLoader/Mixin) Mixing DebugLevelSourceAccessor from fabric-registry-sync-v0.mixins.json into net.minecraft.world.level.levelgen.DebugLevelSource
[19:38:49] [main/DEBUG] (FabricLoader/Mixin) Renaming @Accessor method setALL_BLOCKS(Ljava/util/List;)V to setALL_BLOCKS$fabric-registry-sync-v0_$md$b752e4$0 in fabric-registry-sync-v0.mixins.json:DebugLevelSourceAccessor from mod fabric-registry-sync-v0
[19:38:49] [main/DEBUG] (FabricLoader/Mixin) Renaming @Accessor method setGRID_WIDTH(I)V to setGRID_WIDTH$fabric-registry-sync-v0_$md$b752e4$1 in fabric-registry-sync-v0.mixins.json:DebugLevelSourceAccessor from mod fabric-registry-sync-v0
[19:38:49] [main/DEBUG] (FabricLoader/Mixin) Renaming @Accessor method setGRID_HEIGHT(I)V to setGRID_HEIGHT$fabric-registry-sync-v0_$md$b752e4$2 in fabric-registry-sync-v0.mixins.json:DebugLevelSourceAccessor from mod fabric-registry-sync-v0
[19:38:50] [main/DEBUG] (FabricLoader/Mixin) Mixing GameRulesServiceGameRuleUpdateMixin from fabric-game-rule-api-v1.mixins.json into net.minecraft.server.jsonrpc.methods.GameRulesService$GameRuleUpdate
[19:38:50] [main/DEBUG] (FabricLoader/Mixin) Renaming synthetic method lambda$fabric_createTypedCodec$4(Lnet/minecraft/world/level/gamerules/GameRule;Lcom/mojang/serialization/codecs/RecordCodecBuilder$Instance;)Lcom/mojang/datafixers/kinds/App; to mdb752e4$fabric-game-rule-api-v1$lambda$fabric_createTypedCodec$4$0 in fabric-game-rule-api-v1.mixins.json:GameRulesServiceGameRuleUpdateMixin from mod fabric-game-rule-api-v1
[19:38:50] [main/DEBUG] (FabricLoader/Mixin) Renaming synthetic method lambda$fabric_createTypedCodec$3(Lnet/minecraft/world/level/gamerules/GameRule;Lnet/fabricmc/fabric/impl/gamerule/rpc/FabricGameRuleType;Ljava/lang/Object;)Lnet/minecraft/server/jsonrpc/methods/GameRulesService$GameRuleUpdate; to mdb752e4$fabric-game-rule-api-v1$lambda$fabric_createTypedCodec$3$1 in fabric-game-rule-api-v1.mixins.json:GameRulesServiceGameRuleUpdateMixin from mod fabric-game-rule-api-v1
[19:38:50] [main/DEBUG] (FabricLoader/Mixin) Renaming synthetic method lambda$fabric_createTypedCodec$2(Lnet/minecraft/server/jsonrpc/methods/GameRulesService$GameRuleUpdate;)Lnet/fabricmc/fabric/impl/gamerule/rpc/FabricGameRuleType; to mdb752e4$fabric-game-rule-api-v1$lambda$fabric_createTypedCodec$2$2 in fabric-game-rule-api-v1.mixins.json:GameRulesServiceGameRuleUpdateMixin from mod fabric-game-rule-api-v1
[19:38:50] [main/DEBUG] (FabricLoader/Mixin) Renaming synthetic method lambda$fabricTypeCodec$1(Lnet/minecraft/server/jsonrpc/methods/GameRulesService$GameRuleUpdate;)Lcom/mojang/datafixers/util/Either; to mdb752e4$fabric-game-rule-api-v1$lambda$fabricTypeCodec$1$3 in fabric-game-rule-api-v1.mixins.json:GameRulesServiceGameRuleUpdateMixin from mod fabric-game-rule-api-v1
[19:38:50] [main/DEBUG] (FabricLoader/Mixin) Renaming synthetic method lambda$fabricTypeCodec$0(Lcom/mojang/datafixers/util/Either;)Lnet/minecraft/server/jsonrpc/methods/GameRulesService$GameRuleUpdate; to mdb752e4$fabric-game-rule-api-v1$lambda$fabricTypeCodec$0$4 in fabric-game-rule-api-v1.mixins.json:GameRulesServiceGameRuleUpdateMixin from mod fabric-game-rule-api-v1
[19:38:50] [main/DEBUG] (FabricLoader/Mixin) fabric-game-rule-api-v1.mixins.json:GameRulesServiceGameRuleUpdateMixin from mod fabric-game-rule-api-v1->@Inject::updateFabricType(Lnet/minecraft/world/level/gamerules/GameRule;Ljava/lang/Object;Lorg/spongepowered/asm/mixin/injection/callback/CallbackInfo;)V doesn't use it's CallbackInfo
[19:38:50] [main/DEBUG] (FabricLoader/Mixin) Mixing DefaultAttributesAccessor from fabric-object-builder-v1.mixins.json into net.minecraft.world.entity.ai.attributes.DefaultAttributes
[19:38:50] [main/DEBUG] (FabricLoader/Mixin) Renaming @Accessor method getRegistry()Ljava/util/Map; to getRegistry$fabric-object-builder-api-v1_$md$b752e4$0 in fabric-object-builder-v1.mixins.json:DefaultAttributesAccessor from mod fabric-object-builder-api-v1
[19:38:50] [main/DEBUG] (FabricLoader/Mixin) Mixing DefaultAttributesMixin from fabric-object-builder-v1.mixins.json into net.minecraft.world.entity.ai.attributes.DefaultAttributes
[19:38:50] [main/DEBUG] (FabricLoader/Mixin) fabric-object-builder-v1.mixins.json:DefaultAttributesMixin from mod fabric-object-builder-api-v1->@Inject::injectAttributes(Lorg/spongepowered/asm/mixin/injection/callback/CallbackInfo;)V doesn't use it's CallbackInfo
[19:38:50] [main/DEBUG] (FabricLoader/Mixin) Mixing entity.equipment_tracking.EntityEquipmentMixin from lithium.mixins.json into net.minecraft.world.entity.EntityEquipment
[19:38:50] [main/DEBUG] (FabricLoader/Mixin) lithium.mixins.json:entity.equipment_tracking.EntityEquipmentMixin from mod lithium->@Inject::updateBeforeSetAll(Lnet/minecraft/world/entity/EntityEquipment;Lorg/spongepowered/asm/mixin/injection/callback/CallbackInfo;)V doesn't use it's CallbackInfo
[19:38:50] [main/DEBUG] (FabricLoader/Mixin) lithium.mixins.json:entity.equipment_tracking.EntityEquipmentMixin from mod lithium->@Inject::updateBeforeSetAll(Lnet/minecraft/world/entity/EntityEquipment;Lorg/spongepowered/asm/mixin/injection/callback/CallbackInfo;)V has 0 override(s) in child classes
[19:38:50] [main/DEBUG] (FabricLoader/Mixin) lithium.mixins.json:entity.equipment_tracking.EntityEquipmentMixin from mod lithium->@Inject::updateBeforeSetAll(Lnet/minecraft/world/entity/EntityEquipment;Lorg/spongepowered/asm/mixin/injection/callback/CallbackInfo;)V won't be passed a CallbackInfo as a result
[19:38:50] [main/DEBUG] (FabricLoader/Mixin) lithium.mixins.json:entity.equipment_tracking.EntityEquipmentMixin from mod lithium->@Inject::updateAfterSetAll(Lnet/minecraft/world/entity/EntityEquipment;Lorg/spongepowered/asm/mixin/injection/callback/CallbackInfo;)V doesn't use it's CallbackInfo
[19:38:50] [main/DEBUG] (FabricLoader/Mixin) lithium.mixins.json:entity.equipment_tracking.EntityEquipmentMixin from mod lithium->@Inject::updateAfterSetAll(Lnet/minecraft/world/entity/EntityEquipment;Lorg/spongepowered/asm/mixin/injection/callback/CallbackInfo;)V has 0 override(s) in child classes
[19:38:50] [main/DEBUG] (FabricLoader/Mixin) lithium.mixins.json:entity.equipment_tracking.EntityEquipmentMixin from mod lithium->@Inject::updateAfterSetAll(Lnet/minecraft/world/entity/EntityEquipment;Lorg/spongepowered/asm/mixin/injection/callback/CallbackInfo;)V won't be passed a CallbackInfo as a result
[19:38:50] [main/DEBUG] (FabricLoader/Mixin) lithium.mixins.json:entity.equipment_tracking.EntityEquipmentMixin from mod lithium->@Inject::updateOnClear(Lorg/spongepowered/asm/mixin/injection/callback/CallbackInfo;)V doesn't use it's CallbackInfo
[19:38:50] [main/DEBUG] (FabricLoader/Mixin) lithium.mixins.json:entity.equipment_tracking.EntityEquipmentMixin from mod lithium->@Inject::updateOnClear(Lorg/spongepowered/asm/mixin/injection/callback/CallbackInfo;)V has 0 override(s) in child classes
[19:38:50] [main/DEBUG] (FabricLoader/Mixin) lithium.mixins.json:entity.equipment_tracking.EntityEquipmentMixin from mod lithium->@Inject::updateOnClear(Lorg/spongepowered/asm/mixin/injection/callback/CallbackInfo;)V won't be passed a CallbackInfo as a result
[19:38:50] [main/DEBUG] (FabricLoader/Entrypoint) Iterating over entrypoint 'main'
[19:38:50] [main/DEBUG] (FabricLoader/Mixin) Mixing MinecraftServerMixin from fabric-message-api-v1.mixins.json into net.minecraft.server.MinecraftServer
[19:38:50] [main/DEBUG] (FabricLoader/Mixin) Renaming synthetic method lambda$onGetChatDecorator$0(Lnet/minecraft/server/level/ServerPlayer;Lnet/minecraft/network/chat/Component;)Lnet/minecraft/network/chat/Component; to mdb752e4$fabric-message-api-v1$lambda$onGetChatDecorator$0$0 in fabric-message-api-v1.mixins.json:MinecraftServerMixin from mod fabric-message-api-v1
[19:38:50] [main/DEBUG] (FabricLoader/Mixin) Mixing modification.MinecraftServerMixin from fabric-biome-api-v1.mixins.json into net.minecraft.server.MinecraftServer
[19:38:50] [main/DEBUG] (FabricLoader/Mixin) Mixing MinecraftServerMixin from fabric-game-rule-api-v1.mixins.json into net.minecraft.server.MinecraftServer
[19:38:50] [main/DEBUG] (FabricLoader/Mixin) Mixing MinecraftServerMixin from fabric-lifecycle-events-v1.mixins.json into net.minecraft.server.MinecraftServer
[19:38:50] [main/DEBUG] (FabricLoader/Mixin) Renaming synthetic method lambda$endResourceReload$0(Ljava/lang/Void;Ljava/lang/Throwable;)Ljava/lang/Void; to mdb752e4$fabric-lifecycle-events-v1$lambda$endResourceReload$0$1 in fabric-lifecycle-events-v1.mixins.json:MinecraftServerMixin from mod fabric-lifecycle-events-v1
[19:38:50] [main/DEBUG] (FabricLoader/Mixin) Mixing MinecraftServerMixin from fabric-resource-loader-v1.mixins.json into net.minecraft.server.MinecraftServer
[19:38:50] [main/DEBUG] (FabricLoader/Mixin) Renaming synthetic method lambda$init$0(Lnet/minecraft/server/packs/PackResources;)Ljava/util/stream/Stream; to mdb752e4$fabric-resource-loader-v1$lambda$init$0$2 in fabric-resource-loader-v1.mixins.json:MinecraftServerMixin from mod fabric-resource-loader-v1
[19:38:51] [main/DEBUG] (FabricLoader/Mixin) fabric-message-api-v1.mixins.json:MinecraftServerMixin from mod fabric-message-api-v1->@Inject::onGetChatDecorator(Lorg/spongepowered/asm/mixin/injection/callback/CallbackInfoReturnable;)V does use it's CallbackInfoReturnable
[19:38:51] [main/DEBUG] (FabricLoader/Mixin) fabric-biome-api-v1.mixins.json:modification.MinecraftServerMixin from mod fabric-biome-api-v1->@Inject::finalizeWorldGen(Lorg/spongepowered/asm/mixin/injection/callback/CallbackInfo;)V doesn't use it's CallbackInfo
[19:38:51] [main/DEBUG] (FabricLoader/Mixin) fabric-biome-api-v1.mixins.json:modification.MinecraftServerMixin from mod fabric-biome-api-v1->@Inject::finalizeWorldGen(Lorg/spongepowered/asm/mixin/injection/callback/CallbackInfo;)V has 0 override(s) in child classes
[19:38:51] [main/DEBUG] (FabricLoader/Mixin) fabric-biome-api-v1.mixins.json:modification.MinecraftServerMixin from mod fabric-biome-api-v1->@Inject::finalizeWorldGen(Lorg/spongepowered/asm/mixin/injection/callback/CallbackInfo;)V won't be passed a CallbackInfo as a result
[19:38:51] [main/DEBUG] (FabricLoader/Mixin) fabric-game-rule-api-v1.mixins.json:MinecraftServerMixin from mod fabric-game-rule-api-v1->@Inject::handleGameRuleUpdate(Lnet/minecraft/world/level/gamerules/GameRule;Ljava/lang/Object;Lorg/spongepowered/asm/mixin/injection/callback/CallbackInfo;)V doesn't use it's CallbackInfo
[19:38:51] [main/DEBUG] (FabricLoader/Mixin) fabric-game-rule-api-v1.mixins.json:MinecraftServerMixin from mod fabric-game-rule-api-v1->@Inject::handleGameRuleUpdate(Lnet/minecraft/world/level/gamerules/GameRule;Ljava/lang/Object;Lorg/spongepowered/asm/mixin/injection/callback/CallbackInfo;)V has 0 override(s) in child classes
[19:38:51] [main/DEBUG] (FabricLoader/Mixin) fabric-game-rule-api-v1.mixins.json:MinecraftServerMixin from mod fabric-game-rule-api-v1->@Inject::handleGameRuleUpdate(Lnet/minecraft/world/level/gamerules/GameRule;Ljava/lang/Object;Lorg/spongepowered/asm/mixin/injection/callback/CallbackInfo;)V won't be passed a CallbackInfo as a result
[19:38:51] [main/DEBUG] (FabricLoader/Mixin) fabric-lifecycle-events-v1.mixins.json:MinecraftServerMixin from mod fabric-lifecycle-events-v1->@Inject::beforeSetupServer(Lorg/spongepowered/asm/mixin/injection/callback/CallbackInfo;)V doesn't use it's CallbackInfo
[19:38:51] [main/DEBUG] (FabricLoader/Mixin) fabric-lifecycle-events-v1.mixins.json:MinecraftServerMixin from mod fabric-lifecycle-events-v1->@Inject::beforeSetupServer(Lorg/spongepowered/asm/mixin/injection/callback/CallbackInfo;)V has 0 override(s) in child classes
[19:38:51] [main/DEBUG] (FabricLoader/Mixin) fabric-lifecycle-events-v1.mixins.json:MinecraftServerMixin from mod fabric-lifecycle-events-v1->@Inject::beforeSetupServer(Lorg/spongepowered/asm/mixin/injection/callback/CallbackInfo;)V won't be passed a CallbackInfo as a result
[19:38:51] [main/DEBUG] (FabricLoader/Mixin) fabric-lifecycle-events-v1.mixins.json:MinecraftServerMixin from mod fabric-lifecycle-events-v1->@Inject::afterSetupServer(Lorg/spongepowered/asm/mixin/injection/callback/CallbackInfo;)V doesn't use it's CallbackInfo
[19:38:51] [main/DEBUG] (FabricLoader/Mixin) fabric-lifecycle-events-v1.mixins.json:MinecraftServerMixin from mod fabric-lifecycle-events-v1->@Inject::afterSetupServer(Lorg/spongepowered/asm/mixin/injection/callback/CallbackInfo;)V has 0 override(s) in child classes
[19:38:51] [main/DEBUG] (FabricLoader/Mixin) fabric-lifecycle-events-v1.mixins.json:MinecraftServerMixin from mod fabric-lifecycle-events-v1->@Inject::afterSetupServer(Lorg/spongepowered/asm/mixin/injection/callback/CallbackInfo;)V won't be passed a CallbackInfo as a result
[19:38:51] [main/DEBUG] (FabricLoader/Mixin) fabric-lifecycle-events-v1.mixins.json:MinecraftServerMixin from mod fabric-lifecycle-events-v1->@Inject::beforeShutdownServer(Lorg/spongepowered/asm/mixin/injection/callback/CallbackInfo;)V doesn't use it's CallbackInfo
[19:38:51] [main/DEBUG] (FabricLoader/Mixin) fabric-lifecycle-events-v1.mixins.json:MinecraftServerMixin from mod fabric-lifecycle-events-v1->@Inject::beforeShutdownServer(Lorg/spongepowered/asm/mixin/injection/callback/CallbackInfo;)V has 0 override(s) in child classes
[19:38:51] [main/DEBUG] (FabricLoader/Mixin) fabric-lifecycle-events-v1.mixins.json:MinecraftServerMixin from mod fabric-lifecycle-events-v1->@Inject::beforeShutdownServer(Lorg/spongepowered/asm/mixin/injection/callback/CallbackInfo;)V won't be passed a CallbackInfo as a result
[19:38:51] [main/DEBUG] (FabricLoader/Mixin) fabric-lifecycle-events-v1.mixins.json:MinecraftServerMixin from mod fabric-lifecycle-events-v1->@Inject::afterShutdownServer(Lorg/spongepowered/asm/mixin/injection/callback/CallbackInfo;)V doesn't use it's CallbackInfo
[19:38:51] [main/DEBUG] (FabricLoader/Mixin) fabric-lifecycle-events-v1.mixins.json:MinecraftServerMixin from mod fabric-lifecycle-events-v1->@Inject::afterShutdownServer(Lorg/spongepowered/asm/mixin/injection/callback/CallbackInfo;)V has 0 override(s) in child classes
[19:38:51] [main/DEBUG] (FabricLoader/Mixin) fabric-lifecycle-events-v1.mixins.json:MinecraftServerMixin from mod fabric-lifecycle-events-v1->@Inject::afterShutdownServer(Lorg/spongepowered/asm/mixin/injection/callback/CallbackInfo;)V won't be passed a CallbackInfo as a result
[19:38:51] [main/DEBUG] (FabricLoader/Mixin) fabric-lifecycle-events-v1.mixins.json:MinecraftServerMixin from mod fabric-lifecycle-events-v1->@Inject::onStartTick(Ljava/util/function/BooleanSupplier;Lorg/spongepowered/asm/mixin/injection/callback/CallbackInfo;)V doesn't use it's CallbackInfo
[19:38:51] [main/DEBUG] (FabricLoader/Mixin) fabric-lifecycle-events-v1.mixins.json:MinecraftServerMixin from mod fabric-lifecycle-events-v1->@Inject::onStartTick(Ljava/util/function/BooleanSupplier;Lorg/spongepowered/asm/mixin/injection/callback/CallbackInfo;)V has 0 override(s) in child classes
[19:38:51] [main/DEBUG] (FabricLoader/Mixin) fabric-lifecycle-events-v1.mixins.json:MinecraftServerMixin from mod fabric-lifecycle-events-v1->@Inject::onStartTick(Ljava/util/function/BooleanSupplier;Lorg/spongepowered/asm/mixin/injection/callback/CallbackInfo;)V won't be passed a CallbackInfo as a result
[19:38:51] [main/DEBUG] (FabricLoader/Mixin) fabric-lifecycle-events-v1.mixins.json:MinecraftServerMixin from mod fabric-lifecycle-events-v1->@Inject::onEndTick(Ljava/util/function/BooleanSupplier;Lorg/spongepowered/asm/mixin/injection/callback/CallbackInfo;)V doesn't use it's CallbackInfo
[19:38:51] [main/DEBUG] (FabricLoader/Mixin) fabric-lifecycle-events-v1.mixins.json:MinecraftServerMixin from mod fabric-lifecycle-events-v1->@Inject::onEndTick(Ljava/util/function/BooleanSupplier;Lorg/spongepowered/asm/mixin/injection/callback/CallbackInfo;)V has 0 override(s) in child classes
[19:38:51] [main/DEBUG] (FabricLoader/Mixin) fabric-lifecycle-events-v1.mixins.json:MinecraftServerMixin from mod fabric-lifecycle-events-v1->@Inject::onEndTick(Ljava/util/function/BooleanSupplier;Lorg/spongepowered/asm/mixin/injection/callback/CallbackInfo;)V won't be passed a CallbackInfo as a result
[19:38:51] [main/DEBUG] (FabricLoader/Mixin) fabric-lifecycle-events-v1.mixins.json:MinecraftServerMixin from mod fabric-lifecycle-events-v1->@Inject::onUnloadWorldAtShutdown(Lorg/spongepowered/asm/mixin/injection/callback/CallbackInfo;)V doesn't use it's CallbackInfo
[19:38:51] [main/DEBUG] (FabricLoader/Mixin) fabric-lifecycle-events-v1.mixins.json:MinecraftServerMixin from mod fabric-lifecycle-events-v1->@Inject::onUnloadWorldAtShutdown(Lorg/spongepowered/asm/mixin/injection/callback/CallbackInfo;)V has 0 override(s) in child classes
[19:38:51] [main/DEBUG] (FabricLoader/Mixin) fabric-lifecycle-events-v1.mixins.json:MinecraftServerMixin from mod fabric-lifecycle-events-v1->@Inject::onUnloadWorldAtShutdown(Lorg/spongepowered/asm/mixin/injection/callback/CallbackInfo;)V won't be passed a CallbackInfo as a result
[19:38:51] [main/DEBUG] (FabricLoader/Mixin) fabric-lifecycle-events-v1.mixins.json:MinecraftServerMixin from mod fabric-lifecycle-events-v1->@Inject::startResourceReload(Ljava/util/Collection;Lorg/spongepowered/asm/mixin/injection/callback/CallbackInfoReturnable;)V doesn't use it's CallbackInfoReturnable
[19:38:51] [main/DEBUG] (FabricLoader/Mixin) fabric-lifecycle-events-v1.mixins.json:MinecraftServerMixin from mod fabric-lifecycle-events-v1->@Inject::startResourceReload(Ljava/util/Collection;Lorg/spongepowered/asm/mixin/injection/callback/CallbackInfoReturnable;)V has 0 override(s) in child classes
[19:38:51] [main/DEBUG] (FabricLoader/Mixin) fabric-lifecycle-events-v1.mixins.json:MinecraftServerMixin from mod fabric-lifecycle-events-v1->@Inject::startResourceReload(Ljava/util/Collection;Lorg/spongepowered/asm/mixin/injection/callback/CallbackInfoReturnable;)V won't be passed a CallbackInfoReturnable as a result
[19:38:51] [main/DEBUG] (FabricLoader/Mixin) fabric-lifecycle-events-v1.mixins.json:MinecraftServerMixin from mod fabric-lifecycle-events-v1->@Inject::endResourceReload(Ljava/util/Collection;Lorg/spongepowered/asm/mixin/injection/callback/CallbackInfoReturnable;)V does use it's CallbackInfoReturnable
[19:38:51] [main/DEBUG] (FabricLoader/Mixin) fabric-lifecycle-events-v1.mixins.json:MinecraftServerMixin from mod fabric-lifecycle-events-v1->@Inject::startSave(ZZZLorg/spongepowered/asm/mixin/injection/callback/CallbackInfoReturnable;)V doesn't use it's CallbackInfoReturnable
[19:38:51] [main/DEBUG] (FabricLoader/Mixin) fabric-lifecycle-events-v1.mixins.json:MinecraftServerMixin from mod fabric-lifecycle-events-v1->@Inject::startSave(ZZZLorg/spongepowered/asm/mixin/injection/callback/CallbackInfoReturnable;)V has 0 override(s) in child classes
[19:38:51] [main/DEBUG] (FabricLoader/Mixin) fabric-lifecycle-events-v1.mixins.json:MinecraftServerMixin from mod fabric-lifecycle-events-v1->@Inject::startSave(ZZZLorg/spongepowered/asm/mixin/injection/callback/CallbackInfoReturnable;)V won't be passed a CallbackInfoReturnable as a result
[19:38:51] [main/DEBUG] (FabricLoader/Mixin) fabric-lifecycle-events-v1.mixins.json:MinecraftServerMixin from mod fabric-lifecycle-events-v1->@Inject::endSave(ZZZLorg/spongepowered/asm/mixin/injection/callback/CallbackInfoReturnable;)V doesn't use it's CallbackInfoReturnable
[19:38:51] [main/DEBUG] (FabricLoader/Mixin) fabric-lifecycle-events-v1.mixins.json:MinecraftServerMixin from mod fabric-lifecycle-events-v1->@Inject::endSave(ZZZLorg/spongepowered/asm/mixin/injection/callback/CallbackInfoReturnable;)V has 0 override(s) in child classes
[19:38:51] [main/DEBUG] (FabricLoader/Mixin) fabric-lifecycle-events-v1.mixins.json:MinecraftServerMixin from mod fabric-lifecycle-events-v1->@Inject::endSave(ZZZLorg/spongepowered/asm/mixin/injection/callback/CallbackInfoReturnable;)V won't be passed a CallbackInfoReturnable as a result
[19:38:51] [main/DEBUG] (FabricLoader/Mixin) fabric-resource-loader-v1.mixins.json:MinecraftServerMixin from mod fabric-resource-loader-v1->@Inject::init(Ljava/lang/Thread;Lnet/minecraft/world/level/storage/LevelStorageSource$LevelStorageAccess;Lnet/minecraft/server/packs/repository/PackRepository;Lnet/minecraft/server/WorldStem;Ljava/net/Proxy;Lcom/mojang/datafixers/DataFixer;Lnet/minecraft/server/Services;Lnet/minecraft/server/level/progress/LevelLoadListener;Lorg/spongepowered/asm/mixin/injection/callback/CallbackInfo;)V doesn't use it's CallbackInfo
[19:38:51] [main/DEBUG] (FabricLoader/Mixin) fabric-resource-loader-v1.mixins.json:MinecraftServerMixin from mod fabric-resource-loader-v1->@Inject::init(Ljava/lang/Thread;Lnet/minecraft/world/level/storage/LevelStorageSource$LevelStorageAccess;Lnet/minecraft/server/packs/repository/PackRepository;Lnet/minecraft/server/WorldStem;Ljava/net/Proxy;Lcom/mojang/datafixers/DataFixer;Lnet/minecraft/server/Services;Lnet/minecraft/server/level/progress/LevelLoadListener;Lorg/spongepowered/asm/mixin/injection/callback/CallbackInfo;)V has 0 override(s) in child classes
[19:38:51] [main/DEBUG] (FabricLoader/Mixin) fabric-resource-loader-v1.mixins.json:MinecraftServerMixin from mod fabric-resource-loader-v1->@Inject::init(Ljava/lang/Thread;Lnet/minecraft/world/level/storage/LevelStorageSource$LevelStorageAccess;Lnet/minecraft/server/packs/repository/PackRepository;Lnet/minecraft/server/WorldStem;Ljava/net/Proxy;Lcom/mojang/datafixers/DataFixer;Lnet/minecraft/server/Services;Lnet/minecraft/server/level/progress/LevelLoadListener;Lorg/spongepowered/asm/mixin/injection/callback/CallbackInfo;)V won't be passed a CallbackInfo as a result
[19:38:51] [main/INFO] (djs-fixed-progression) Initializing DJ's Fixed Progression.
[19:38:51] [main/DEBUG] (FabricLoader/Mixin) Mixing ServerGamePacketListenerImplMixin from fabric-networking-api-v1.mixins.json into net.minecraft.server.network.ServerGamePacketListenerImpl
[19:38:51] [main/DEBUG] (FabricLoader/Mixin) Mixing ServerGamePacketListenerImplMixin from fabric-events-interaction-v0.mixins.json into net.minecraft.server.network.ServerGamePacketListenerImpl
[19:38:51] [main/DEBUG] (FabricLoader/Mixin) fabric-networking-api-v1.mixins.json:ServerGamePacketListenerImplMixin from mod fabric-networking-api-v1->@Inject::initAddon(Lorg/spongepowered/asm/mixin/injection/callback/CallbackInfo;)V doesn't use it's CallbackInfo
[19:38:51] [main/DEBUG] (FabricLoader/Mixin) fabric-networking-api-v1.mixins.json:ServerGamePacketListenerImplMixin from mod fabric-networking-api-v1->@Inject::initAddon(Lorg/spongepowered/asm/mixin/injection/callback/CallbackInfo;)V has 0 override(s) in child classes
[19:38:51] [main/DEBUG] (FabricLoader/Mixin) fabric-networking-api-v1.mixins.json:ServerGamePacketListenerImplMixin from mod fabric-networking-api-v1->@Inject::initAddon(Lorg/spongepowered/asm/mixin/injection/callback/CallbackInfo;)V won't be passed a CallbackInfo as a result
[19:38:51] [main/DEBUG] (FabricLoader/Mixin) fabric-networking-api-v1.mixins.json:ServerGamePacketListenerImplMixin from mod fabric-networking-api-v1->@Inject::handleCustomPayloadReceivedAsync(Lnet/minecraft/network/protocol/common/ServerboundCustomPayloadPacket;Lorg/spongepowered/asm/mixin/injection/callback/CallbackInfo;)V does use it's CallbackInfo
[19:38:51] [main/DEBUG] (FabricLoader/Mixin) Mixing sync.ServerCommonPacketListenerImplAccessor from fabric-recipe-api-v1.mixins.json into net.minecraft.server.network.ServerCommonPacketListenerImpl
[19:38:51] [main/DEBUG] (FabricLoader/Mixin) Mixing ServerCommonPacketListenerImplMixin from fabric-networking-api-v1.mixins.json into net.minecraft.server.network.ServerCommonPacketListenerImpl
[19:38:51] [main/DEBUG] (FabricLoader/Mixin) Mixing accessor.ServerCommonPacketListenerImplAccessor from fabric-networking-api-v1.mixins.json into net.minecraft.server.network.ServerCommonPacketListenerImpl
[19:38:51] [main/DEBUG] (FabricLoader/Mixin) fabric-networking-api-v1.mixins.json:ServerCommonPacketListenerImplMixin from mod fabric-networking-api-v1->@Inject::handleCustomPayloadReceivedAsync(Lnet/minecraft/network/protocol/common/ServerboundCustomPayloadPacket;Lorg/spongepowered/asm/mixin/injection/callback/CallbackInfo;)V does use it's CallbackInfo
[19:38:51] [main/DEBUG] (FabricLoader/Mixin) fabric-networking-api-v1.mixins.json:ServerCommonPacketListenerImplMixin from mod fabric-networking-api-v1->@Inject::onPlayPong(Lnet/minecraft/network/protocol/common/ServerboundPongPacket;Lorg/spongepowered/asm/mixin/injection/callback/CallbackInfo;)V doesn't use it's CallbackInfo
[19:38:51] [main/DEBUG] (FabricLoader/Mixin) fabric-networking-api-v1.mixins.json:ServerCommonPacketListenerImplMixin from mod fabric-networking-api-v1->@Inject::onPlayPong(Lnet/minecraft/network/protocol/common/ServerboundPongPacket;Lorg/spongepowered/asm/mixin/injection/callback/CallbackInfo;)V has 0 override(s) in child classes
[19:38:51] [main/DEBUG] (FabricLoader/Mixin) fabric-networking-api-v1.mixins.json:ServerCommonPacketListenerImplMixin from mod fabric-networking-api-v1->@Inject::onPlayPong(Lnet/minecraft/network/protocol/common/ServerboundPongPacket;Lorg/spongepowered/asm/mixin/injection/callback/CallbackInfo;)V won't be passed a CallbackInfo as a result
[19:38:51] [main/DEBUG] (FabricLoader/Mixin) Unexpected: Registered method getConnection()Lnet/minecraft/network/Connection; in net.minecraft.server.network.ServerCommonPacketListenerImpl was not merged
[19:38:52] [main/DEBUG] (FabricLoader/Mixin) Mixing PotionBrewingBuilderMixin from fabric-content-registries-v0.mixins.json into net.minecraft.world.item.alchemy.PotionBrewing$Builder
[19:38:52] [main/DEBUG] (FabricLoader/Mixin) fabric-content-registries-v0.mixins.json:PotionBrewingBuilderMixin from mod fabric-content-registries-v0->@Inject::build(Lorg/spongepowered/asm/mixin/injection/callback/CallbackInfoReturnable;)V doesn't use it's CallbackInfoReturnable
[19:38:52] [main/DEBUG] (FabricLoader/Mixin) fabric-content-registries-v0.mixins.json:PotionBrewingBuilderMixin from mod fabric-content-registries-v0->@Inject::build(Lorg/spongepowered/asm/mixin/injection/callback/CallbackInfoReturnable;)V has 0 override(s) in child classes
[19:38:52] [main/DEBUG] (FabricLoader/Mixin) fabric-content-registries-v0.mixins.json:PotionBrewingBuilderMixin from mod fabric-content-registries-v0->@Inject::build(Lorg/spongepowered/asm/mixin/injection/callback/CallbackInfoReturnable;)V won't be passed a CallbackInfoReturnable as a result
[19:38:52] [main/DEBUG] (FabricLoader/Mixin) Mixing VillagerTradesEmeraldsForVillagerTypeItemMixin from fabric-object-builder-v1.mixins.json into net.minecraft.world.entity.npc.villager.VillagerTrades$EmeraldsForVillagerTypeItem
[19:38:52] [main/DEBUG] (io.netty.util.internal.InternalThreadLocalMap) -Dio.netty.threadLocalMap.stringBuilder.initialSize: 1024
[19:38:52] [main/DEBUG] (io.netty.util.internal.InternalThreadLocalMap) -Dio.netty.threadLocalMap.stringBuilder.maxSize: 4096
[19:38:52] [main/DEBUG] (io.netty.buffer.AdaptiveByteBufAllocator) -Dio.netty.allocator.useCachedMagazinesForNonEventLoopThreads: false
[19:38:52] [main/DEBUG] (io.netty.util.internal.PlatformDependent0) Java version: 21
[19:38:52] [main/DEBUG] (io.netty.util.internal.PlatformDependent0) -Dio.netty.noUnsafe: false
[19:38:52] [main/DEBUG] (io.netty.util.internal.PlatformDependent0) sun.misc.Unsafe.theUnsafe: available
[19:38:52] [main/DEBUG] (io.netty.util.internal.PlatformDependent0) sun.misc.Unsafe base methods: all available
[19:38:52] [main/DEBUG] (io.netty.util.internal.PlatformDependent0) java.nio.Buffer.address: available
[19:38:52] [main/DEBUG] (io.netty.util.internal.PlatformDependent0) direct buffer constructor: unavailable: Reflective setAccessible(true) disabled
[19:38:52] [main/DEBUG] (io.netty.util.internal.PlatformDependent0) java.nio.Bits.unaligned: available, true
[19:38:52] [main/DEBUG] (io.netty.util.internal.PlatformDependent0) jdk.internal.misc.Unsafe.allocateUninitializedArray(int): unavailable: symbolic reference class is not accessible: class jdk.internal.misc.Unsafe, from class io.netty.util.internal.PlatformDependent0 (unnamed module @59af0466)
[19:38:52] [main/DEBUG] (io.netty.util.internal.PlatformDependent0) java.nio.DirectByteBuffer.<init>(long, {int,long}): unavailable
[19:38:52] [main/DEBUG] (io.netty.util.internal.PlatformDependent) sun.misc.Unsafe: available
[19:38:52] [main/DEBUG] (io.netty.util.internal.PlatformDependent) -Dio.netty.tmpdir: C:\Users\RK\AppData\Local\Temp (java.io.tmpdir)
[19:38:52] [main/DEBUG] (io.netty.util.internal.PlatformDependent) -Dio.netty.bitMode: 64 (sun.arch.data.model)
[19:38:52] [main/DEBUG] (io.netty.util.internal.PlatformDependent) Platform: Windows
[19:38:52] [main/DEBUG] (io.netty.util.internal.PlatformDependent) -Dio.netty.maxDirectMemory: -1 bytes
[19:38:52] [main/DEBUG] (io.netty.util.internal.CleanerJava9) java.nio.ByteBuffer.cleaner(): available
[19:38:52] [main/DEBUG] (io.netty.util.internal.PlatformDependent) -Dio.netty.noPreferDirect: false
[19:38:52] [main/DEBUG] (io.netty.util.internal.PlatformDependent) -Dio.netty.jfr.enabled: true
[19:38:52] [main/DEBUG] (io.netty.util.Recycler) -Dio.netty.recycler.maxCapacityPerThread: 4096
[19:38:52] [main/DEBUG] (io.netty.util.Recycler) -Dio.netty.recycler.ratio: 8
[19:38:52] [main/DEBUG] (io.netty.util.Recycler) -Dio.netty.recycler.chunkSize: 32
[19:38:52] [main/DEBUG] (io.netty.util.Recycler) -Dio.netty.recycler.blocking: false
[19:38:52] [main/DEBUG] (io.netty.util.Recycler) -Dio.netty.recycler.batchFastThreadLocalOnly: true
[19:38:52] [main/DEBUG] (io.netty.buffer.ByteBufUtil) -Dio.netty.allocator.type: adaptive
[19:38:52] [main/DEBUG] (io.netty.buffer.ByteBufUtil) -Dio.netty.threadLocalDirectBufferSize: 0
[19:38:52] [main/DEBUG] (io.netty.buffer.ByteBufUtil) -Dio.netty.maxThreadLocalCharBufferSize: 16384
[19:38:52] [main/DEBUG] (FabricLoader/Mixin) Mixing VarIntAccessor from fabric-data-attachment-api-v1.mixins.json into net.minecraft.network.VarInt
[19:38:52] [main/DEBUG] (FabricLoader/Mixin) Renaming @Accessor method getMaxByteSize()I to getMaxByteSize$fabric-data-attachment-api-v1_$md$b752e4$0 in fabric-data-attachment-api-v1.mixins.json:VarIntAccessor from mod fabric-data-attachment-api-v1
[19:38:52] [main/DEBUG] (FabricLoader/Mixin) Mixing ServerConfigurationPacketListenerImplMixin from fabric-networking-api-v1.mixins.json into net.minecraft.server.network.ServerConfigurationPacketListenerImpl
[19:38:52] [main/DEBUG] (FabricLoader/Mixin) Renaming synthetic method lambda$bindChannelInfo$0(Lnet/minecraft/network/RegistryFriendlyByteBuf;)Lnet/minecraft/network/RegistryFriendlyByteBuf; to mdb752e4$fabric-networking-api-v1$lambda$bindChannelInfo$0$0 in fabric-networking-api-v1.mixins.json:ServerConfigurationPacketListenerImplMixin from mod fabric-networking-api-v1
[19:38:52] [main/DEBUG] (FabricLoader/Mixin) Mixing ServerConfigurationPacketListenerImplMixin from fabric-resource-loader-v1.mixins.json into net.minecraft.server.network.ServerConfigurationPacketListenerImpl
[19:38:52] [main/DEBUG] (FabricLoader/Mixin) fabric-networking-api-v1.mixins.json:ServerConfigurationPacketListenerImplMixin from mod fabric-networking-api-v1->@Inject::initAddon(Lorg/spongepowered/asm/mixin/injection/callback/CallbackInfo;)V doesn't use it's CallbackInfo
[19:38:52] [main/DEBUG] (FabricLoader/Mixin) fabric-networking-api-v1.mixins.json:ServerConfigurationPacketListenerImplMixin from mod fabric-networking-api-v1->@Inject::initAddon(Lorg/spongepowered/asm/mixin/injection/callback/CallbackInfo;)V has 0 override(s) in child classes
[19:38:52] [main/DEBUG] (FabricLoader/Mixin) fabric-networking-api-v1.mixins.json:ServerConfigurationPacketListenerImplMixin from mod fabric-networking-api-v1->@Inject::initAddon(Lorg/spongepowered/asm/mixin/injection/callback/CallbackInfo;)V won't be passed a CallbackInfo as a result
[19:38:52] [main/DEBUG] (FabricLoader/Mixin) fabric-networking-api-v1.mixins.json:ServerConfigurationPacketListenerImplMixin from mod fabric-networking-api-v1->@Inject::onClientReady(Lorg/spongepowered/asm/mixin/injection/callback/CallbackInfo;)V does use it's CallbackInfo
[19:38:52] [main/DEBUG] (FabricLoader/Mixin) Mixing ServerboundCustomPayloadPacketAccessor from fabric-data-attachment-api-v1.mixins.json into net.minecraft.network.protocol.common.ServerboundCustomPayloadPacket
[19:38:52] [main/DEBUG] (FabricLoader/Mixin) Mixing ServerboundCustomPayloadPacketMixin from fabric-networking-api-v1.mixins.json into net.minecraft.network.protocol.common.ServerboundCustomPayloadPacket
[19:38:52] [main/DEBUG] (FabricLoader/Mixin) Renaming synthetic method lambda$wrapCodec$0(Lnet/minecraft/network/FriendlyByteBuf;Lnet/minecraft/resources/Identifier;)Lnet/minecraft/network/protocol/common/custom/CustomPacketPayload$TypeAndCodec; to mdb752e4$fabric-networking-api-v1$lambda$wrapCodec$0$0 in fabric-networking-api-v1.mixins.json:ServerboundCustomPayloadPacketMixin from mod fabric-networking-api-v1
[19:38:52] [main/DEBUG] (FabricLoader/Mixin) Mixing CustomPayloadPacketCodecMixin from fabric-networking-api-v1.mixins.json into net.minecraft.network.protocol.common.custom.CustomPacketPayload$1
[19:38:52] [main/INFO] (dynamiclights) [Dynamic Lights] Loaded Dynamic Lights by Tschipcraft successfully!
[19:38:52] [main/DEBUG] (FabricLoader/Mixin) Mixing FileToIdConverterAccessor from fabric-loot-api-v3.mixins.json into net.minecraft.resources.FileToIdConverter
[19:38:52] [main/DEBUG] (FabricLoader/Mixin) Mixing FileToIdConverterAccessor from fabric-resource-conditions-api-v1.mixins.json into net.minecraft.resources.FileToIdConverter
[19:38:52] [main/DEBUG] (FabricLoader/Mixin) Unexpected: Registered method getDirectoryName()Ljava/lang/String; in net.minecraft.resources.FileToIdConverter was not merged
[19:38:52] [main/DEBUG] (FabricLoader/Mixin) Mixing LootTableBuilderMixin from fabric-loot-api-v3.mixins.json into net.minecraft.world.level.storage.loot.LootTable$Builder
[19:38:52] [main/DEBUG] (FabricLoader/Mixin) Mixing LootTableBuilderMixin from fabric-loot-api-v2.mixins.json into net.minecraft.world.level.storage.loot.LootTable$Builder
[19:38:53] [main/INFO] (com.yanny.ali.fabric.platform.FabricPlatformHelper) Registered ALI plugin [ali] com.yanny.ali.plugin.Plugin
[19:38:53] [main/INFO] (com.yanny.ali.fabric.platform.FabricPlatformHelper) Found 1 plugin(s)
[19:38:53] [main/INFO] (com.yanny.aci.manager.CorePluginManager) Registering common plugin data...
[19:38:53] [main/INFO] (com.yanny.ali.configuration.ConfigUtils) Loading configuration file .\config\ali\ali_common.json
[19:38:53] [main/INFO] (com.yanny.aci.manager.ManagedRegistry) Registered 1 entity variants
[19:38:53] [main/INFO] (com.yanny.aci.manager.CorePluginManager) Registering common plugin data finished
[19:38:53] [main/DEBUG] (FabricLoader/Entrypoint) No subscribers for entrypoint 'server'
[19:38:53] [main/DEBUG] (FabricLoader/Mixin) Mixing SimpleRegistryTagLookup2Accessor from fabric-tag-api-v1.mixins.json into net.minecraft.core.MappedRegistry$TagSet$2
[19:38:53] [main/DEBUG] (FabricLoader/Mixin) Mixing DedicatedServerPropertiesMixin from fabric-resource-loader-v1.mixins.json into net.minecraft.server.dedicated.DedicatedServerProperties
[19:38:53] [main/DEBUG] (FabricLoader/Mixin) Mixing PackMixin from fabric-resource-loader-v1.mixins.json into net.minecraft.server.packs.repository.Pack
[19:38:53] [main/DEBUG] (FabricLoader/Mixin) Renaming synthetic method lambda$static$0(Ljava/util/Set;)Z to mdb752e4$fabric-resource-loader-v1$lambda$static$0$0 in fabric-resource-loader-v1.mixins.json:PackMixin from mod fabric-resource-loader-v1
[19:38:53] [main/DEBUG] (FabricLoader/Mixin) Mixing PackMixin from fabric-resource-conditions-api-v1.mixins.json into net.minecraft.server.packs.repository.Pack
[19:38:53] [main/DEBUG] (FabricLoader/Mixin) fabric-resource-loader-v1.mixins.json:PackMixin from mod fabric-resource-loader-v1->@Inject::onCreateResourcePack(Lorg/spongepowered/asm/mixin/injection/callback/CallbackInfoReturnable;)V does use it's CallbackInfoReturnable
[19:38:54] [main/INFO] (com.mojang.authlib.yggdrasil.YggdrasilAuthenticationService) Environment: Environment[sessionHost=https://sessionserver.mojang.com, servicesHost=https://api.minecraftservices.com, profilesHost=https://api.mojang.com, name=PROD]
[19:38:54] [Yggdrasil Key Fetcher/DEBUG] (com.mojang.authlib.minecraft.client.MinecraftClient) Connecting to https://api.minecraftservices.com/publickeys
[19:38:55] [main/DEBUG] (FabricLoader/Mixin) Mixing PackRepositoryMixin from fabric-resource-loader-v1.mixins.json into net.minecraft.server.packs.repository.PackRepository
[19:38:55] [main/DEBUG] (FabricLoader/Mixin) Renaming synthetic method lambda$handleAutoDisable$0(Ljava/util/Set;Lnet/minecraft/server/packs/repository/Pack;)Z to mdb752e4$fabric-resource-loader-v1$lambda$handleAutoDisable$0$0 in fabric-resource-loader-v1.mixins.json:PackRepositoryMixin from mod fabric-resource-loader-v1
[19:38:55] [main/DEBUG] (FabricLoader/Mixin) fabric-resource-loader-v1.mixins.json:PackRepositoryMixin from mod fabric-resource-loader-v1->@Inject::construct([Lnet/minecraft/server/packs/repository/RepositorySource;Lorg/spongepowered/asm/mixin/injection/callback/CallbackInfo;)V doesn't use it's CallbackInfo
[19:38:55] [main/DEBUG] (FabricLoader/Mixin) fabric-resource-loader-v1.mixins.json:PackRepositoryMixin from mod fabric-resource-loader-v1->@Inject::construct([Lnet/minecraft/server/packs/repository/RepositorySource;Lorg/spongepowered/asm/mixin/injection/callback/CallbackInfo;)V has 0 override(s) in child classes
[19:38:55] [main/DEBUG] (FabricLoader/Mixin) fabric-resource-loader-v1.mixins.json:PackRepositoryMixin from mod fabric-resource-loader-v1->@Inject::construct([Lnet/minecraft/server/packs/repository/RepositorySource;Lorg/spongepowered/asm/mixin/injection/callback/CallbackInfo;)V won't be passed a CallbackInfo as a result
[19:38:55] [main/DEBUG] (FabricLoader/Mixin) fabric-resource-loader-v1.mixins.json:PackRepositoryMixin from mod fabric-resource-loader-v1->@Inject::handleAutoEnableDisable(Ljava/util/Collection;Lorg/spongepowered/asm/mixin/injection/callback/CallbackInfoReturnable;)V doesn't use it's CallbackInfoReturnable
[19:38:55] [main/DEBUG] (FabricLoader/Mixin) fabric-resource-loader-v1.mixins.json:PackRepositoryMixin from mod fabric-resource-loader-v1->@Inject::handleAutoEnableDisable(Ljava/util/Collection;Lorg/spongepowered/asm/mixin/injection/callback/CallbackInfoReturnable;)V has 0 override(s) in child classes
[19:38:55] [main/DEBUG] (FabricLoader/Mixin) fabric-resource-loader-v1.mixins.json:PackRepositoryMixin from mod fabric-resource-loader-v1->@Inject::handleAutoEnableDisable(Ljava/util/Collection;Lorg/spongepowered/asm/mixin/injection/callback/CallbackInfoReturnable;)V won't be passed a CallbackInfoReturnable as a result
[19:38:55] [main/DEBUG] (FabricLoader/Mixin) fabric-resource-loader-v1.mixins.json:PackRepositoryMixin from mod fabric-resource-loader-v1->@Inject::handleAutoEnable(Ljava/lang/String;Lorg/spongepowered/asm/mixin/injection/callback/CallbackInfoReturnable;)V doesn't use it's CallbackInfoReturnable
[19:38:55] [main/DEBUG] (FabricLoader/Mixin) fabric-resource-loader-v1.mixins.json:PackRepositoryMixin from mod fabric-resource-loader-v1->@Inject::handleAutoEnable(Ljava/lang/String;Lorg/spongepowered/asm/mixin/injection/callback/CallbackInfoReturnable;)V has 0 override(s) in child classes
[19:38:55] [main/DEBUG] (FabricLoader/Mixin) fabric-resource-loader-v1.mixins.json:PackRepositoryMixin from mod fabric-resource-loader-v1->@Inject::handleAutoEnable(Ljava/lang/String;Lorg/spongepowered/asm/mixin/injection/callback/CallbackInfoReturnable;)V won't be passed a CallbackInfoReturnable as a result
[19:38:55] [main/DEBUG] (FabricLoader/Mixin) fabric-resource-loader-v1.mixins.json:PackRepositoryMixin from mod fabric-resource-loader-v1->@Inject::handleAutoDisable(Ljava/lang/String;Lorg/spongepowered/asm/mixin/injection/callback/CallbackInfoReturnable;)V doesn't use it's CallbackInfoReturnable
[19:38:55] [main/DEBUG] (FabricLoader/Mixin) fabric-resource-loader-v1.mixins.json:PackRepositoryMixin from mod fabric-resource-loader-v1->@Inject::handleAutoDisable(Ljava/lang/String;Lorg/spongepowered/asm/mixin/injection/callback/CallbackInfoReturnable;)V has 0 override(s) in child classes
[19:38:55] [main/DEBUG] (FabricLoader/Mixin) fabric-resource-loader-v1.mixins.json:PackRepositoryMixin from mod fabric-resource-loader-v1->@Inject::handleAutoDisable(Ljava/lang/String;Lorg/spongepowered/asm/mixin/injection/callback/CallbackInfoReturnable;)V won't be passed a CallbackInfoReturnable as a result
[19:38:55] [main/DEBUG] (FabricLoader/Mixin) Mixing ReloadableServerResourcesMixin from fabric-tag-api-v1.mixins.json into net.minecraft.server.ReloadableServerResources
[19:38:55] [main/DEBUG] (FabricLoader/Mixin) Mixing ReloadableServerResourcesMixin from fabric-lifecycle-events-v1.mixins.json into net.minecraft.server.ReloadableServerResources
[19:38:55] [main/DEBUG] (FabricLoader/Mixin) Mixing ReloadableServerResourcesMixin from fabric-resource-loader-v1.mixins.json into net.minecraft.server.ReloadableServerResources
[19:38:55] [main/DEBUG] (FabricLoader/Mixin) Mixing ReloadableServerResourcesMixin from fabric-resource-conditions-api-v1.mixins.json into net.minecraft.server.ReloadableServerResources
[19:38:55] [main/DEBUG] (FabricLoader/Mixin) fabric-tag-api-v1.mixins.json:ReloadableServerResourcesMixin from mod fabric-tag-api-v1->@Inject::storeDynamicRegistries(Lnet/minecraft/core/LayeredRegistryAccess;Lnet/minecraft/core/HolderLookup$Provider;Lnet/minecraft/world/flag/FeatureFlagSet;Lnet/minecraft/commands/Commands$CommandSelection;Ljava/util/List;Lnet/minecraft/server/permissions/PermissionSet;Lorg/spongepowered/asm/mixin/injection/callback/CallbackInfo;)V doesn't use it's CallbackInfo
[19:38:55] [main/DEBUG] (FabricLoader/Mixin) fabric-tag-api-v1.mixins.json:ReloadableServerResourcesMixin from mod fabric-tag-api-v1->@Inject::storeDynamicRegistries(Lnet/minecraft/core/LayeredRegistryAccess;Lnet/minecraft/core/HolderLookup$Provider;Lnet/minecraft/world/flag/FeatureFlagSet;Lnet/minecraft/commands/Commands$CommandSelection;Ljava/util/List;Lnet/minecraft/server/permissions/PermissionSet;Lorg/spongepowered/asm/mixin/injection/callback/CallbackInfo;)V has 0 override(s) in child classes
[19:38:55] [main/DEBUG] (FabricLoader/Mixin) fabric-tag-api-v1.mixins.json:ReloadableServerResourcesMixin from mod fabric-tag-api-v1->@Inject::storeDynamicRegistries(Lnet/minecraft/core/LayeredRegistryAccess;Lnet/minecraft/core/HolderLookup$Provider;Lnet/minecraft/world/flag/FeatureFlagSet;Lnet/minecraft/commands/Commands$CommandSelection;Ljava/util/List;Lnet/minecraft/server/permissions/PermissionSet;Lorg/spongepowered/asm/mixin/injection/callback/CallbackInfo;)V won't be passed a CallbackInfo as a result
[19:38:55] [main/DEBUG] (FabricLoader/Mixin) fabric-tag-api-v1.mixins.json:ReloadableServerResourcesMixin from mod fabric-tag-api-v1->@Inject::applyDynamicTagAliases(Lorg/spongepowered/asm/mixin/injection/callback/CallbackInfo;)V doesn't use it's CallbackInfo
[19:38:55] [main/DEBUG] (FabricLoader/Mixin) fabric-tag-api-v1.mixins.json:ReloadableServerResourcesMixin from mod fabric-tag-api-v1->@Inject::applyDynamicTagAliases(Lorg/spongepowered/asm/mixin/injection/callback/CallbackInfo;)V has 0 override(s) in child classes
[19:38:55] [main/DEBUG] (FabricLoader/Mixin) fabric-tag-api-v1.mixins.json:ReloadableServerResourcesMixin from mod fabric-tag-api-v1->@Inject::applyDynamicTagAliases(Lorg/spongepowered/asm/mixin/injection/callback/CallbackInfo;)V won't be passed a CallbackInfo as a result
[19:38:55] [main/DEBUG] (FabricLoader/Mixin) fabric-lifecycle-events-v1.mixins.json:ReloadableServerResourcesMixin from mod fabric-lifecycle-events-v1->@Inject::init(Lnet/minecraft/core/LayeredRegistryAccess;Lnet/minecraft/core/HolderLookup$Provider;Lnet/minecraft/world/flag/FeatureFlagSet;Lnet/minecraft/commands/Commands$CommandSelection;Ljava/util/List;Lnet/minecraft/server/permissions/PermissionSet;Lorg/spongepowered/asm/mixin/injection/callback/CallbackInfo;)V doesn't use it's CallbackInfo
[19:38:55] [main/DEBUG] (FabricLoader/Mixin) fabric-lifecycle-events-v1.mixins.json:ReloadableServerResourcesMixin from mod fabric-lifecycle-events-v1->@Inject::init(Lnet/minecraft/core/LayeredRegistryAccess;Lnet/minecraft/core/HolderLookup$Provider;Lnet/minecraft/world/flag/FeatureFlagSet;Lnet/minecraft/commands/Commands$CommandSelection;Ljava/util/List;Lnet/minecraft/server/permissions/PermissionSet;Lorg/spongepowered/asm/mixin/injection/callback/CallbackInfo;)V has 0 override(s) in child classes
[19:38:55] [main/DEBUG] (FabricLoader/Mixin) fabric-lifecycle-events-v1.mixins.json:ReloadableServerResourcesMixin from mod fabric-lifecycle-events-v1->@Inject::init(Lnet/minecraft/core/LayeredRegistryAccess;Lnet/minecraft/core/HolderLookup$Provider;Lnet/minecraft/world/flag/FeatureFlagSet;Lnet/minecraft/commands/Commands$CommandSelection;Ljava/util/List;Lnet/minecraft/server/permissions/PermissionSet;Lorg/spongepowered/asm/mixin/injection/callback/CallbackInfo;)V won't be passed a CallbackInfo as a result
[19:38:55] [main/DEBUG] (FabricLoader/Mixin) fabric-lifecycle-events-v1.mixins.json:ReloadableServerResourcesMixin from mod fabric-lifecycle-events-v1->@Inject::hookRefresh(Lorg/spongepowered/asm/mixin/injection/callback/CallbackInfo;)V doesn't use it's CallbackInfo
[19:38:55] [main/DEBUG] (FabricLoader/Mixin) fabric-lifecycle-events-v1.mixins.json:ReloadableServerResourcesMixin from mod fabric-lifecycle-events-v1->@Inject::hookRefresh(Lorg/spongepowered/asm/mixin/injection/callback/CallbackInfo;)V has 0 override(s) in child classes
[19:38:55] [main/DEBUG] (FabricLoader/Mixin) fabric-lifecycle-events-v1.mixins.json:ReloadableServerResourcesMixin from mod fabric-lifecycle-events-v1->@Inject::hookRefresh(Lorg/spongepowered/asm/mixin/injection/callback/CallbackInfo;)V won't be passed a CallbackInfo as a result
[19:38:55] [main/DEBUG] (FabricLoader/Mixin) fabric-resource-conditions-api-v1.mixins.json:ReloadableServerResourcesMixin from mod fabric-resource-conditions-api-v1->@Inject::hookReload(Lnet/minecraft/server/packs/resources/ResourceManager;Lnet/minecraft/core/LayeredRegistryAccess;Ljava/util/List;Lnet/minecraft/world/flag/FeatureFlagSet;Lnet/minecraft/commands/Commands$CommandSelection;Lnet/minecraft/server/permissions/PermissionSet;Ljava/util/concurrent/Executor;Ljava/util/concurrent/Executor;Lorg/spongepowered/asm/mixin/injection/callback/CallbackInfoReturnable;)V doesn't use it's CallbackInfoReturnable
[19:38:55] [main/DEBUG] (FabricLoader/Mixin) Mixing WorldLoaderMixin from fabric-registry-sync-v0.mixins.json into net.minecraft.server.WorldLoader
[19:38:55] [main/DEBUG] (FabricLoader/Mixin) Mixing util.world_border_listener.WorldBorderMixin from lithium.mixins.json into net.minecraft.world.level.border.WorldBorder
[19:38:55] [main/DEBUG] (FabricLoader/Mixin) lithium.mixins.json:util.world_border_listener.WorldBorderMixin from mod lithium->@Inject::registerSimpleWorldBorderListenerMulti(Lorg/spongepowered/asm/mixin/injection/callback/CallbackInfo;)V doesn't use it's CallbackInfo
[19:38:55] [main/DEBUG] (FabricLoader/Mixin) lithium.mixins.json:util.world_border_listener.WorldBorderMixin from mod lithium->@Inject::registerSimpleWorldBorderListenerMulti(Lorg/spongepowered/asm/mixin/injection/callback/CallbackInfo;)V has 0 override(s) in child classes
[19:38:55] [main/DEBUG] (FabricLoader/Mixin) lithium.mixins.json:util.world_border_listener.WorldBorderMixin from mod lithium->@Inject::registerSimpleWorldBorderListenerMulti(Lorg/spongepowered/asm/mixin/injection/callback/CallbackInfo;)V won't be passed a CallbackInfo as a result
[19:38:55] [main/DEBUG] (FabricLoader/Mixin) lithium.mixins.json:util.world_border_listener.WorldBorderMixin from mod lithium->@Inject::addSimpleListenerOnce(Lnet/minecraft/world/level/border/BorderChangeListener;Lorg/spongepowered/asm/mixin/injection/callback/CallbackInfo;)V does use it's CallbackInfo
[19:38:55] [main/DEBUG] (FabricLoader/Mixin) Mixing ServerPlayerGameModeMixin from fabric-events-interaction-v0.mixins.json into net.minecraft.server.level.ServerPlayerGameMode
[19:38:55] [main/DEBUG] (FabricLoader/Mixin) fabric-events-interaction-v0.mixins.json:ServerPlayerGameModeMixin from mod fabric-events-interaction-v0->@Inject::startBlockBreak(Lnet/minecraft/core/BlockPos;Lnet/minecraft/network/protocol/game/ServerboundPlayerActionPacket$Action;Lnet/minecraft/core/Direction;IILorg/spongepowered/asm/mixin/injection/callback/CallbackInfo;)V does use it's CallbackInfo
[19:38:55] [main/DEBUG] (FabricLoader/Mixin) fabric-events-interaction-v0.mixins.json:ServerPlayerGameModeMixin from mod fabric-events-interaction-v0->@Inject::interactBlock(Lnet/minecraft/server/level/ServerPlayer;Lnet/minecraft/world/level/Level;Lnet/minecraft/world/item/ItemStack;Lnet/minecraft/world/InteractionHand;Lnet/minecraft/world/phys/BlockHitResult;Lorg/spongepowered/asm/mixin/injection/callback/CallbackInfoReturnable;)V does use it's CallbackInfoReturnable
[19:38:55] [main/DEBUG] (FabricLoader/Mixin) fabric-events-interaction-v0.mixins.json:ServerPlayerGameModeMixin from mod fabric-events-interaction-v0->@Inject::interactItem(Lnet/minecraft/server/level/ServerPlayer;Lnet/minecraft/world/level/Level;Lnet/minecraft/world/item/ItemStack;Lnet/minecraft/world/InteractionHand;Lorg/spongepowered/asm/mixin/injection/callback/CallbackInfoReturnable;)V does use it's CallbackInfoReturnable
[19:38:55] [main/DEBUG] (FabricLoader/Mixin) fabric-events-interaction-v0.mixins.json:ServerPlayerGameModeMixin from mod fabric-events-interaction-v0->@Inject::breakBlock(Lnet/minecraft/core/BlockPos;Lorg/spongepowered/asm/mixin/injection/callback/CallbackInfoReturnable;)V does use it's CallbackInfoReturnable
[19:38:55] [main/DEBUG] (FabricLoader/Mixin) fabric-events-interaction-v0.mixins.json:ServerPlayerGameModeMixin from mod fabric-events-interaction-v0->@Inject::onBlockBroken(Lnet/minecraft/core/BlockPos;Lorg/spongepowered/asm/mixin/injection/callback/CallbackInfoReturnable;)V doesn't use it's CallbackInfoReturnable
[19:38:55] [main/DEBUG] (FabricLoader/Mixin) fabric-events-interaction-v0.mixins.json:ServerPlayerGameModeMixin from mod fabric-events-interaction-v0->@Inject::onBlockBroken(Lnet/minecraft/core/BlockPos;Lorg/spongepowered/asm/mixin/injection/callback/CallbackInfoReturnable;)V has 0 override(s) in child classes
[19:38:55] [main/DEBUG] (FabricLoader/Mixin) fabric-events-interaction-v0.mixins.json:ServerPlayerGameModeMixin from mod fabric-events-interaction-v0->@Inject::onBlockBroken(Lnet/minecraft/core/BlockPos;Lorg/spongepowered/asm/mixin/injection/callback/CallbackInfoReturnable;)V won't be passed a CallbackInfoReturnable as a result
[19:38:55] [main/DEBUG] (net.fabricmc.fabric.impl.resource.pack.ModPackResourcesUtil) [Fabric] Starting internal pack sorting with: [ali, djs-fixed-progression, dynamiclights, fabric-convention-tags-v2, fabric-gametest-api-v1]
[19:38:55] [main/DEBUG] (net.fabricmc.fabric.impl.resource.pack.ModPackResourcesUtil) [Fabric] Removed all internal packs, result: []
[19:38:55] [main/DEBUG] (net.fabricmc.fabric.impl.resource.pack.ModPackResourcesUtil) [Fabric] Final sorting result: []
[19:38:55] [main/DEBUG] (net.fabricmc.fabric.impl.resource.pack.ModPackResourcesUtil) [Fabric] Starting internal pack sorting with: [vanilla, ali, djs-fixed-progression, dynamiclights, fabric-convention-tags-v2, fabric-gametest-api-v1]
[19:38:55] [main/DEBUG] (net.fabricmc.fabric.impl.resource.pack.ModPackResourcesUtil) [Fabric] Removed all internal packs, result: [vanilla]
[19:38:55] [main/DEBUG] (net.fabricmc.fabric.impl.resource.pack.ModPackResourcesUtil) [Fabric] cur @ vanilla, auto-enabled ali, currently enabled: [vanilla, ali]
[19:38:55] [main/DEBUG] (net.fabricmc.fabric.impl.resource.pack.ModPackResourcesUtil) [Fabric] cur @ vanilla, auto-enabled djs-fixed-progression, currently enabled: [vanilla, ali, djs-fixed-progression]
[19:38:55] [main/DEBUG] (net.fabricmc.fabric.impl.resource.pack.ModPackResourcesUtil) [Fabric] cur @ vanilla, auto-enabled dynamiclights, currently enabled: [vanilla, ali, djs-fixed-progression, dynamiclights]
[19:38:55] [main/DEBUG] (net.fabricmc.fabric.impl.resource.pack.ModPackResourcesUtil) [Fabric] cur @ vanilla, auto-enabled fabric-convention-tags-v2, currently enabled: [vanilla, ali, djs-fixed-progression, dynamiclights, fabric-convention-tags-v2]
[19:38:55] [main/DEBUG] (net.fabricmc.fabric.impl.resource.pack.ModPackResourcesUtil) [Fabric] cur @ vanilla, auto-enabled fabric-gametest-api-v1, currently enabled: [vanilla, ali, djs-fixed-progression, dynamiclights, fabric-convention-tags-v2, fabric-gametest-api-v1]
[19:38:55] [main/DEBUG] (net.fabricmc.fabric.impl.resource.pack.ModPackResourcesUtil) [Fabric] Final sorting result: [vanilla, ali, djs-fixed-progression, dynamiclights, fabric-convention-tags-v2, fabric-gametest-api-v1]
[19:38:55] [main/DEBUG] (FabricLoader/Mixin) Mixing MultiPackResourceManagerMixin from fabric-resource-loader-v1.mixins.json into net.minecraft.server.packs.resources.MultiPackResourceManager
[19:38:55] [main/DEBUG] (FabricLoader/Mixin) fabric-resource-loader-v1.mixins.json:MultiPackResourceManagerMixin from mod fabric-resource-loader-v1->@Inject::init(Lnet/minecraft/server/packs/PackType;Ljava/util/List;Lorg/spongepowered/asm/mixin/injection/callback/CallbackInfo;)V doesn't use it's CallbackInfo
[19:38:55] [main/DEBUG] (FabricLoader/Mixin) fabric-resource-loader-v1.mixins.json:MultiPackResourceManagerMixin from mod fabric-resource-loader-v1->@Inject::init(Lnet/minecraft/server/packs/PackType;Ljava/util/List;Lorg/spongepowered/asm/mixin/injection/callback/CallbackInfo;)V has 0 override(s) in child classes
[19:38:55] [main/DEBUG] (FabricLoader/Mixin) fabric-resource-loader-v1.mixins.json:MultiPackResourceManagerMixin from mod fabric-resource-loader-v1->@Inject::init(Lnet/minecraft/server/packs/PackType;Ljava/util/List;Lorg/spongepowered/asm/mixin/injection/callback/CallbackInfo;)V won't be passed a CallbackInfo as a result
[19:38:55] [main/DEBUG] (FabricLoader/Mixin) Mixing modification.RegistryAccessImmutableRegistryAccessMixin from fabric-biome-api-v1.mixins.json into net.minecraft.core.RegistryAccess$ImmutableRegistryAccess
[19:38:55] [main/DEBUG] (FabricLoader/Mixin) Mixing ResourceMixin from fabric-resource-loader-v1.mixins.json into net.minecraft.server.packs.resources.Resource
[19:38:55] [main/DEBUG] (FabricLoader/Mixin) Mixing SimpleRegistry2Mixin from fabric-tag-api-v1.mixins.json into net.minecraft.core.MappedRegistry$2
[19:38:55] [main/DEBUG] (FabricLoader/Mixin) Mixing SimpleRegistry3Mixin from fabric-tag-api-v1.mixins.json into net.minecraft.core.MappedRegistry$3
[19:38:55] [main/DEBUG] (FabricLoader/Mixin) fabric-tag-api-v1.mixins.json:SimpleRegistry3Mixin from mod fabric-tag-api-v1->@Inject::applyTagAliases(Lorg/spongepowered/asm/mixin/injection/callback/CallbackInfo;)V doesn't use it's CallbackInfo
[19:38:55] [main/DEBUG] (FabricLoader/Mixin) fabric-tag-api-v1.mixins.json:SimpleRegistry3Mixin from mod fabric-tag-api-v1->@Inject::applyTagAliases(Lorg/spongepowered/asm/mixin/injection/callback/CallbackInfo;)V has 0 override(s) in child classes
[19:38:55] [main/DEBUG] (FabricLoader/Mixin) fabric-tag-api-v1.mixins.json:SimpleRegistry3Mixin from mod fabric-tag-api-v1->@Inject::applyTagAliases(Lorg/spongepowered/asm/mixin/injection/callback/CallbackInfo;)V won't be passed a CallbackInfo as a result
[19:38:55] [main/DEBUG] (FabricLoader/Mixin) Mixing RegistryDataLoaderMixin from fabric-item-api-v1.mixins.json into net.minecraft.resources.RegistryDataLoader
[19:38:55] [main/DEBUG] (FabricLoader/Mixin) Mixing RegistryDataLoaderMixin from fabric-registry-sync-v0.mixins.json into net.minecraft.resources.RegistryDataLoader
[19:38:55] [main/DEBUG] (FabricLoader/Mixin) Renaming synthetic method lambda$static$0()Ljava/lang/Boolean; to mdb752e4$fabric-registry-sync-v0$lambda$static$0$0 in fabric-registry-sync-v0.mixins.json:RegistryDataLoaderMixin from mod fabric-registry-sync-v0
[19:38:55] [main/DEBUG] (FabricLoader/Mixin) Mixing RegistryDataLoaderMixin from fabric-gametest-api-v1.mixins.json into net.minecraft.resources.RegistryDataLoader
[19:38:55] [main/DEBUG] (FabricLoader/Mixin) Renaming synthetic method lambda$loadFromResources$0(Lnet/minecraft/resources/RegistryDataLoader$RegistryData;)Z to mdb752e4$fabric-gametest-api-v1$lambda$loadFromResources$0$1 in fabric-gametest-api-v1.mixins.json:RegistryDataLoaderMixin from mod fabric-gametest-api-v1
[19:38:55] [main/DEBUG] (FabricLoader/Mixin) Mixing RegistryDataLoaderMixin from fabric-resource-conditions-api-v1.mixins.json into net.minecraft.resources.RegistryDataLoader
[19:38:55] [main/DEBUG] (FabricLoader/Mixin) fabric-registry-sync-v0.mixins.json:RegistryDataLoaderMixin from mod fabric-registry-sync-v0->@Inject::beforeLoad(Ljava/lang/Object;Ljava/util/List;Ljava/util/List;Lorg/spongepowered/asm/mixin/injection/callback/CallbackInfoReturnable;)V doesn't use it's CallbackInfoReturnable
[19:38:55] [main/DEBUG] (FabricLoader/Mixin) fabric-gametest-api-v1.mixins.json:RegistryDataLoaderMixin from mod fabric-gametest-api-v1->@Inject::loadFromResources(Lnet/minecraft/server/packs/resources/ResourceManager;Ljava/util/List;Ljava/util/List;Lorg/spongepowered/asm/mixin/injection/callback/CallbackInfoReturnable;)V doesn't use it's CallbackInfoReturnable
[19:38:55] [main/DEBUG] (FabricLoader/Mixin) fabric-gametest-api-v1.mixins.json:RegistryDataLoaderMixin from mod fabric-gametest-api-v1->@Inject::beforeFreeze(Ljava/lang/Object;Ljava/util/List;Ljava/util/List;Lorg/spongepowered/asm/mixin/injection/callback/CallbackInfoReturnable;)V doesn't use it's CallbackInfoReturnable
[19:38:55] [main/DEBUG] (FabricLoader/Mixin) fabric-resource-conditions-api-v1.mixins.json:RegistryDataLoaderMixin from mod fabric-resource-conditions-api-v1->@Inject::captureRegistries(Lnet/minecraft/server/packs/resources/ResourceManager;Lnet/minecraft/resources/RegistryOps$RegistryInfoLookup;Lnet/minecraft/core/WritableRegistry;Lcom/mojang/serialization/Decoder;Ljava/util/Map;Lorg/spongepowered/asm/mixin/injection/callback/CallbackInfo;)V doesn't use it's CallbackInfo
[19:38:55] [main/DEBUG] (FabricLoader/Mixin) fabric-resource-conditions-api-v1.mixins.json:RegistryDataLoaderMixin from mod fabric-resource-conditions-api-v1->@Inject::releaseRegistries(Lnet/minecraft/server/packs/resources/ResourceManager;Lnet/minecraft/resources/RegistryOps$RegistryInfoLookup;Lnet/minecraft/core/WritableRegistry;Lcom/mojang/serialization/Decoder;Ljava/util/Map;Lorg/spongepowered/asm/mixin/injection/callback/CallbackInfo;)V doesn't use it's CallbackInfo
[19:38:55] [main/DEBUG] (FabricLoader/Mixin) fabric-resource-conditions-api-v1.mixins.json:RegistryDataLoaderMixin from mod fabric-resource-conditions-api-v1->@Inject::checkResourceCondition(Lnet/minecraft/core/WritableRegistry;Lcom/mojang/serialization/Decoder;Lnet/minecraft/resources/RegistryOps;Lnet/minecraft/resources/ResourceKey;Lnet/minecraft/server/packs/resources/Resource;Lnet/minecraft/core/RegistrationInfo;Lorg/spongepowered/asm/mixin/injection/callback/CallbackInfo;)V does use it's CallbackInfo
[19:38:58] [main/DEBUG] (FabricLoader/Mixin) Mixing EnchantmentBuilderAccessor from fabric-item-api-v1.mixins.json into net.minecraft.world.item.enchantment.Enchantment$Builder
[19:38:58] [main/DEBUG] (FabricLoader/Mixin) Mixing EnchantmentBuilderMixin from fabric-item-api-v1.mixins.json into net.minecraft.world.item.enchantment.Enchantment$Builder
[19:38:58] [main/DEBUG] (FabricLoader/Mixin) fabric-item-api-v1.mixins.json:EnchantmentBuilderMixin from mod fabric-item-api-v1->@Inject::markModified(Lorg/spongepowered/asm/mixin/injection/callback/CallbackInfoReturnable;)V does use it's CallbackInfo
[19:38:58] [main/DEBUG] (FabricLoader/Mixin) fabric-item-api-v1.mixins.json:EnchantmentBuilderMixin from mod fabric-item-api-v1->@Inject::markModified(Lorg/spongepowered/asm/mixin/injection/callback/CallbackInfoReturnable;)V does use it's CallbackInfoReturnable
[19:38:58] [main/DEBUG] (FabricLoader/Mixin) fabric-item-api-v1.mixins.json:EnchantmentBuilderMixin from mod fabric-item-api-v1->@Inject::markModified(Lorg/spongepowered/asm/mixin/injection/callback/CallbackInfoReturnable;)V does use it's CallbackInfoReturnable
[19:38:58] [main/DEBUG] (FabricLoader/Mixin) fabric-item-api-v1.mixins.json:EnchantmentBuilderMixin from mod fabric-item-api-v1->@Inject::markModified(Lorg/spongepowered/asm/mixin/injection/callback/CallbackInfoReturnable;)V does use it's CallbackInfoReturnable
[19:38:58] [main/DEBUG] (FabricLoader/Mixin) fabric-item-api-v1.mixins.json:EnchantmentBuilderMixin from mod fabric-item-api-v1->@Inject::markModified(Lorg/spongepowered/asm/mixin/injection/callback/CallbackInfoReturnable;)V does use it's CallbackInfoReturnable
[19:38:58] [main/DEBUG] (FabricLoader/Mixin) fabric-item-api-v1.mixins.json:EnchantmentBuilderMixin from mod fabric-item-api-v1->@Inject::markModified(Lorg/spongepowered/asm/mixin/injection/callback/CallbackInfoReturnable;)V does use it's CallbackInfoReturnable
[19:38:58] [main/DEBUG] (FabricLoader/Mixin) fabric-item-api-v1.mixins.json:EnchantmentBuilderMixin from mod fabric-item-api-v1->@Inject::markModified(Lorg/spongepowered/asm/mixin/injection/callback/CallbackInfoReturnable;)V does use it's CallbackInfoReturnable
[19:38:58] [main/DEBUG] (FabricLoader/Mixin) fabric-item-api-v1.mixins.json:EnchantmentBuilderMixin from mod fabric-item-api-v1->@Inject::markModified(Lorg/spongepowered/asm/mixin/injection/callback/CallbackInfoReturnable;)V does use it's CallbackInfoReturnable
[19:38:58] [main/DEBUG] (FabricLoader/Mixin) fabric-item-api-v1.mixins.json:EnchantmentBuilderMixin from mod fabric-item-api-v1->@Inject::markModified(Lorg/spongepowered/asm/mixin/injection/callback/CallbackInfoReturnable;)V does use it's CallbackInfoReturnable
[19:38:58] [main/DEBUG] (FabricLoader/Mixin) fabric-item-api-v1.mixins.json:EnchantmentBuilderMixin from mod fabric-item-api-v1->@Inject::markModified(Lorg/spongepowered/asm/mixin/injection/callback/CallbackInfoReturnable;)V does use it's CallbackInfoReturnable
[19:38:58] [main/DEBUG] (FabricLoader/Mixin) fabric-item-api-v1.mixins.json:EnchantmentBuilderMixin from mod fabric-item-api-v1->@Inject::markModified(Lorg/spongepowered/asm/mixin/injection/callback/CallbackInfoReturnable;)V does use it's CallbackInfoReturnable
[19:38:58] [main/DEBUG] (FabricLoader/Mixin) fabric-item-api-v1.mixins.json:EnchantmentBuilderMixin from mod fabric-item-api-v1->@Inject::markModified(Lorg/spongepowered/asm/mixin/injection/callback/CallbackInfoReturnable;)V does use it's CallbackInfoReturnable
[19:38:59] [main/DEBUG] (FabricLoader/Mixin) Mixing WorldDimensionsMixin from fabric-dimensions-v1.mixins.json into net.minecraft.world.level.levelgen.WorldDimensions
[19:38:59] [main/DEBUG] (FabricLoader/Mixin) Mixing block_pattern_matching.EndDragonFightMixin from lithium.mixins.json into net.minecraft.world.level.dimension.end.EndDragonFight
[19:38:59] [main/DEBUG] (FabricLoader/Mixin) lithium.mixins.json:block_pattern_matching.EndDragonFightMixin from mod lithium->@Inject::setPatternToDragonPattern(Lnet/minecraft/server/level/ServerLevel;JLnet/minecraft/world/level/dimension/end/EndDragonFight$Data;Lnet/minecraft/core/BlockPos;Lorg/spongepowered/asm/mixin/injection/callback/CallbackInfo;)V doesn't use it's CallbackInfo
[19:38:59] [main/DEBUG] (FabricLoader/Mixin) lithium.mixins.json:block_pattern_matching.EndDragonFightMixin from mod lithium->@Inject::setPatternToDragonPattern(Lnet/minecraft/server/level/ServerLevel;JLnet/minecraft/world/level/dimension/end/EndDragonFight$Data;Lnet/minecraft/core/BlockPos;Lorg/spongepowered/asm/mixin/injection/callback/CallbackInfo;)V has 0 override(s) in child classes
[19:38:59] [main/DEBUG] (FabricLoader/Mixin) lithium.mixins.json:block_pattern_matching.EndDragonFightMixin from mod lithium->@Inject::setPatternToDragonPattern(Lnet/minecraft/server/level/ServerLevel;JLnet/minecraft/world/level/dimension/end/EndDragonFight$Data;Lnet/minecraft/core/BlockPos;Lorg/spongepowered/asm/mixin/injection/callback/CallbackInfo;)V won't be passed a CallbackInfo as a result
[19:38:59] [main/DEBUG] (FabricLoader/Mixin) Mixing ReloadableServerRegistriesMixin from fabric-loot-api-v3.mixins.json into net.minecraft.server.ReloadableServerRegistries
[19:38:59] [main/DEBUG] (FabricLoader/Mixin) Renaming synthetic method lambda$onLootTablesLoaded$2(Lnet/minecraft/core/Holder$Reference;)V to mdb752e4$fabric-loot-api-v3$lambda$onLootTablesLoaded$2$0 in fabric-loot-api-v3.mixins.json:ReloadableServerRegistriesMixin from mod fabric-loot-api-v3
[19:38:59] [main/DEBUG] (FabricLoader/Mixin) Renaming synthetic method lambda$modifyLootTable$1(Lnet/minecraft/resources/RegistryOps;Lnet/minecraft/resources/Identifier;Ljava/lang/Object;)Ljava/lang/Object; to mdb752e4$fabric-loot-api-v3$lambda$modifyLootTable$1$1 in fabric-loot-api-v3.mixins.json:ReloadableServerRegistriesMixin from mod fabric-loot-api-v3
[19:38:59] [main/DEBUG] (FabricLoader/Mixin) Renaming synthetic method lambda$removeOps$0(Lnet/minecraft/resources/RegistryOps;Ljava/util/List;)Ljava/util/List; to mdb752e4$fabric-loot-api-v3$lambda$removeOps$0$2 in fabric-loot-api-v3.mixins.json:ReloadableServerRegistriesMixin from mod fabric-loot-api-v3
[19:38:59] [main/DEBUG] (FabricLoader/Mixin) fabric-loot-api-v3.mixins.json:ReloadableServerRegistriesMixin from mod fabric-loot-api-v3->@Inject::modifyLootTable(Lnet/minecraft/world/level/storage/loot/LootDataType;Lnet/minecraft/server/packs/resources/ResourceManager;Lnet/minecraft/resources/RegistryOps;Lorg/spongepowered/asm/mixin/injection/callback/CallbackInfoReturnable;)V doesn't use it's CallbackInfoReturnable
[19:38:59] [main/DEBUG] (FabricLoader/Mixin) fabric-loot-api-v3.mixins.json:ReloadableServerRegistriesMixin from mod fabric-loot-api-v3->@Inject::onLootTablesLoaded(Lnet/minecraft/world/level/storage/loot/LootDataType;Lnet/minecraft/server/packs/resources/ResourceManager;Lnet/minecraft/resources/RegistryOps;Lorg/spongepowered/asm/mixin/injection/callback/CallbackInfoReturnable;)V does use it's CallbackInfoReturnable
[19:38:59] [Worker-Main-1/DEBUG] (FabricLoader/Mixin) Mixing SimpleJsonResourceReloadListenerMixin from fabric-loot-api-v3.mixins.json into net.minecraft.server.packs.resources.SimpleJsonResourceReloadListener
[19:38:59] [Worker-Main-1/DEBUG] (FabricLoader/Mixin) Mixing SimpleJsonResourceReloadListenerMixin from fabric-resource-conditions-api-v1.mixins.json into net.minecraft.server.packs.resources.SimpleJsonResourceReloadListener
[19:38:59] [Worker-Main-1/DEBUG] (FabricLoader/Mixin) fabric-loot-api-v3.mixins.json:SimpleJsonResourceReloadListenerMixin from mod fabric-loot-api-v3->@Inject::fillSourceMap(Lnet/minecraft/server/packs/resources/ResourceManager;Lnet/minecraft/resources/FileToIdConverter;Lcom/mojang/serialization/DynamicOps;Lcom/mojang/serialization/Codec;Ljava/util/Map;Lorg/spongepowered/asm/mixin/injection/callback/CallbackInfo;)V doesn't use it's CallbackInfo
[19:38:59] [Worker-Main-1/DEBUG] (FabricLoader/Mixin) fabric-resource-conditions-api-v1.mixins.json:SimpleJsonResourceReloadListenerMixin from mod fabric-resource-conditions-api-v1->@Inject::skipData(Ljava/util/Map;Lnet/minecraft/resources/Identifier;Ljava/lang/Object;Lorg/spongepowered/asm/mixin/injection/callback/CallbackInfo;)V does use it's CallbackInfo
[19:38:59] [Worker-Main-3/DEBUG] (FabricLoader/Mixin) Mixing LootPoolAccessor from fabric-loot-api-v3.mixins.json into net.minecraft.world.level.storage.loot.LootPool
[19:38:59] [Worker-Main-3/DEBUG] (FabricLoader/Mixin) Mixing KeyedResourceReloaderMixin from fabric-resource-loader-v1.mixins.json into net.minecraft.world.item.crafting.RecipeManager
[19:38:59] [Worker-Main-3/DEBUG] (FabricLoader/Mixin) Mixing RecipeManagerMixin from fabric-recipe-api-v1.mixins.json into net.minecraft.world.item.crafting.RecipeManager
[19:38:59] [Worker-Main-3/DEBUG] (FabricLoader/Mixin) Mixing sync.RecipeManagerAccessor from fabric-recipe-api-v1.mixins.json into net.minecraft.world.item.crafting.RecipeManager
[19:38:59] [Worker-Main-3/DEBUG] (FabricLoader/Mixin) fabric-recipe-api-v1.mixins.json:RecipeManagerMixin from mod fabric-recipe-api-v1->@Inject::updateSynchronizedRecipes(Lnet/minecraft/world/item/crafting/RecipeMap;Lnet/minecraft/server/packs/resources/ResourceManager;Lnet/minecraft/util/profiling/ProfilerFiller;Lorg/spongepowered/asm/mixin/injection/callback/CallbackInfo;)V doesn't use it's CallbackInfo
[19:38:59] [Worker-Main-3/DEBUG] (FabricLoader/Mixin) fabric-recipe-api-v1.mixins.json:RecipeManagerMixin from mod fabric-recipe-api-v1->@Inject::updateSynchronizedRecipes(Lnet/minecraft/world/item/crafting/RecipeMap;Lnet/minecraft/server/packs/resources/ResourceManager;Lnet/minecraft/util/profiling/ProfilerFiller;Lorg/spongepowered/asm/mixin/injection/callback/CallbackInfo;)V has 0 override(s) in child classes
[19:38:59] [Worker-Main-3/DEBUG] (FabricLoader/Mixin) fabric-recipe-api-v1.mixins.json:RecipeManagerMixin from mod fabric-recipe-api-v1->@Inject::updateSynchronizedRecipes(Lnet/minecraft/world/item/crafting/RecipeMap;Lnet/minecraft/server/packs/resources/ResourceManager;Lnet/minecraft/util/profiling/ProfilerFiller;Lorg/spongepowered/asm/mixin/injection/callback/CallbackInfo;)V won't be passed a CallbackInfo as a result
[19:38:59] [Worker-Main-3/DEBUG] (FabricLoader/Mixin) Mixing RecipeAccessMixin from fabric-recipe-api-v1.mixins.json into net.minecraft.world.item.crafting.RecipeAccess
[19:38:59] [Worker-Main-3/DEBUG] (FabricLoader/Mixin) Mixing sync.RecipeMapMixin from fabric-recipe-api-v1.mixins.json into net.minecraft.world.item.crafting.RecipeMap
[19:38:59] [Worker-Main-3/DEBUG] (FabricLoader/Mixin) fabric-recipe-api-v1.mixins.json:sync.RecipeMapMixin from mod fabric-recipe-api-v1->@Inject::provideSerializerMap(Ljava/lang/Iterable;Lorg/spongepowered/asm/mixin/injection/callback/CallbackInfoReturnable;)V doesn't use it's CallbackInfoReturnable
[19:38:59] [Worker-Main-3/DEBUG] (FabricLoader/Mixin) fabric-recipe-api-v1.mixins.json:sync.RecipeMapMixin from mod fabric-recipe-api-v1->@Inject::fillSerializerMap(Ljava/lang/Iterable;Lorg/spongepowered/asm/mixin/injection/callback/CallbackInfoReturnable;)V doesn't use it's CallbackInfoReturnable
[19:38:59] [Worker-Main-3/DEBUG] (FabricLoader/Mixin) Mixing CommandsMixin from fabric-command-api-v2.mixins.json into net.minecraft.commands.Commands
[19:38:59] [Worker-Main-3/DEBUG] (FabricLoader/Mixin) Mixing CommandsMixin from fabric-networking-api-v1.mixins.json into net.minecraft.commands.Commands
[19:38:59] [Worker-Main-3/DEBUG] (FabricLoader/Mixin) fabric-command-api-v2.mixins.json:CommandsMixin from mod fabric-command-api-v2->@Inject::fabric_addCommands(Lnet/minecraft/commands/Commands$CommandSelection;Lnet/minecraft/commands/CommandBuildContext;Lorg/spongepowered/asm/mixin/injection/callback/CallbackInfo;)V doesn't use it's CallbackInfo
[19:38:59] [Worker-Main-3/DEBUG] (FabricLoader/Mixin) fabric-command-api-v2.mixins.json:CommandsMixin from mod fabric-command-api-v2->@Inject::fabric_addCommands(Lnet/minecraft/commands/Commands$CommandSelection;Lnet/minecraft/commands/CommandBuildContext;Lorg/spongepowered/asm/mixin/injection/callback/CallbackInfo;)V has 0 override(s) in child classes
[19:38:59] [Worker-Main-3/DEBUG] (FabricLoader/Mixin) fabric-command-api-v2.mixins.json:CommandsMixin from mod fabric-command-api-v2->@Inject::fabric_addCommands(Lnet/minecraft/commands/Commands$CommandSelection;Lnet/minecraft/commands/CommandBuildContext;Lorg/spongepowered/asm/mixin/injection/callback/CallbackInfo;)V won't be passed a CallbackInfo as a result
[19:38:59] [Worker-Main-3/DEBUG] (FabricLoader/Mixin) fabric-networking-api-v1.mixins.json:CommandsMixin from mod fabric-networking-api-v1->@Inject::init(Lnet/minecraft/commands/Commands$CommandSelection;Lnet/minecraft/commands/CommandBuildContext;Lorg/spongepowered/asm/mixin/injection/callback/CallbackInfo;)V doesn't use it's CallbackInfo
[19:38:59] [Worker-Main-3/DEBUG] (FabricLoader/Mixin) fabric-networking-api-v1.mixins.json:CommandsMixin from mod fabric-networking-api-v1->@Inject::init(Lnet/minecraft/commands/Commands$CommandSelection;Lnet/minecraft/commands/CommandBuildContext;Lorg/spongepowered/asm/mixin/injection/callback/CallbackInfo;)V has 0 override(s) in child classes
[19:38:59] [Worker-Main-3/DEBUG] (FabricLoader/Mixin) fabric-networking-api-v1.mixins.json:CommandsMixin from mod fabric-networking-api-v1->@Inject::init(Lnet/minecraft/commands/Commands$CommandSelection;Lnet/minecraft/commands/CommandBuildContext;Lorg/spongepowered/asm/mixin/injection/callback/CallbackInfo;)V won't be passed a CallbackInfo as a result
[19:38:59] [Worker-Main-3/DEBUG] (FabricLoader/Mixin) Mixing block.hopper.EntityDataAccessorMixin from lithium.mixins.json into net.minecraft.server.commands.data.EntityDataAccessor
[19:38:59] [Worker-Main-3/DEBUG] (FabricLoader/Mixin) lithium.mixins.json:block.hopper.EntityDataAccessorMixin from mod lithium->@Inject::updateEntityTrackerEngine(Lnet/minecraft/nbt/CompoundTag;Lorg/spongepowered/asm/mixin/injection/callback/CallbackInfo;)V doesn't use it's CallbackInfo
[19:38:59] [Worker-Main-3/DEBUG] (FabricLoader/Mixin) lithium.mixins.json:block.hopper.EntityDataAccessorMixin from mod lithium->@Inject::updateEntityTrackerEngine(Lnet/minecraft/nbt/CompoundTag;Lorg/spongepowered/asm/mixin/injection/callback/CallbackInfo;)V has 0 override(s) in child classes
[19:38:59] [Worker-Main-3/DEBUG] (FabricLoader/Mixin) lithium.mixins.json:block.hopper.EntityDataAccessorMixin from mod lithium->@Inject::updateEntityTrackerEngine(Lnet/minecraft/nbt/CompoundTag;Lorg/spongepowered/asm/mixin/injection/callback/CallbackInfo;)V won't be passed a CallbackInfo as a result
[19:38:59] [Worker-Main-3/DEBUG] (FabricLoader/Mixin) Mixing DataPackCommandMixin from fabric-resource-loader-v1.mixins.json into net.minecraft.server.commands.DataPackCommand
[19:38:59] [Worker-Main-3/DEBUG] (FabricLoader/Mixin) Renaming synthetic method lambda$filterDisabledPackSuggestions$2(Lnet/minecraft/server/packs/repository/Pack;)Z to mdb752e4$fabric-resource-loader-v1$lambda$filterDisabledPackSuggestions$2$0 in fabric-resource-loader-v1.mixins.json:DataPackCommandMixin from mod fabric-resource-loader-v1
[19:38:59] [Worker-Main-3/DEBUG] (FabricLoader/Mixin) Renaming synthetic method lambda$filterEnabledPackSuggestions$1(Lnet/minecraft/server/packs/repository/Pack;)Z to mdb752e4$fabric-resource-loader-v1$lambda$filterEnabledPackSuggestions$1$1 in fabric-resource-loader-v1.mixins.json:DataPackCommandMixin from mod fabric-resource-loader-v1
[19:38:59] [Worker-Main-3/DEBUG] (FabricLoader/Mixin) Renaming synthetic method lambda$static$0(Ljava/lang/Object;)Lcom/mojang/brigadier/Message; to mdb752e4$fabric-resource-loader-v1$lambda$static$0$2 in fabric-resource-loader-v1.mixins.json:DataPackCommandMixin from mod fabric-resource-loader-v1
[19:38:59] [Worker-Main-3/DEBUG] (FabricLoader/Mixin) fabric-resource-loader-v1.mixins.json:DataPackCommandMixin from mod fabric-resource-loader-v1->@Inject::errorOnInternalPack(Lcom/mojang/brigadier/context/CommandContext;Ljava/lang/String;ZLorg/spongepowered/asm/mixin/injection/callback/CallbackInfoReturnable;)V doesn't use it's CallbackInfoReturnable
[19:38:59] [Worker-Main-3/DEBUG] (FabricLoader/Mixin) Mixing EnchantCommandMixin from fabric-item-api-v1.mixins.json into net.minecraft.server.commands.EnchantCommand
[19:38:59] [Worker-Main-3/DEBUG] (FabricLoader/Mixin) Mixing GameRuleCommandAccessor from fabric-game-rule-api-v1.mixins.json into net.minecraft.server.commands.GameRuleCommand
[19:38:59] [Worker-Main-3/DEBUG] (FabricLoader/Mixin) Renaming @Invoker method invokeExecuteQuery(Lnet/minecraft/commands/CommandSourceStack;Lnet/minecraft/world/level/gamerules/GameRule;)I to invokeExecuteQuery$fabric-game-rule-api-v1_$md$b752e4$0 in fabric-game-rule-api-v1.mixins.json:GameRuleCommandAccessor from mod fabric-game-rule-api-v1
[19:38:59] [Worker-Main-3/DEBUG] (FabricLoader/Mixin) Mixing GameRuleCommandVisitorMixin from fabric-game-rule-api-v1.mixins.json into net.minecraft.server.commands.GameRuleCommand$1
[19:38:59] [Worker-Main-3/DEBUG] (FabricLoader/Mixin) fabric-game-rule-api-v1.mixins.json:GameRuleCommandVisitorMixin from mod fabric-game-rule-api-v1->@Inject::onRegisterCommand(Lnet/minecraft/world/level/gamerules/GameRule;Lorg/spongepowered/asm/mixin/injection/callback/CallbackInfo;)V does use it's CallbackInfo
[19:38:59] [Worker-Main-3/DEBUG] (FabricLoader/Mixin) Mixing HelpCommandAccessor from fabric-command-api-v2.mixins.json into net.minecraft.server.commands.HelpCommand
[19:38:59] [Worker-Main-3/DEBUG] (FabricLoader/Mixin) Renaming @Accessor method getFailedException()Lcom/mojang/brigadier/exceptions/SimpleCommandExceptionType; to getFailedException$fabric-command-api-v2_$md$b752e4$0 in fabric-command-api-v2.mixins.json:HelpCommandAccessor from mod fabric-command-api-v2
[19:39:00] [Worker-Main-3/DEBUG] (FabricLoader/Mixin) Mixing DebugConfigCommandMixin from fabric-networking-api-v1.mixins.json into net.minecraft.server.commands.DebugConfigCommand
[19:39:00] [Worker-Main-3/DEBUG] (FabricLoader/Mixin) Mixing KeyedResourceReloaderMixin from fabric-resource-loader-v1.mixins.json into net.minecraft.server.ServerAdvancementManager
[19:39:00] [Worker-Main-3/DEBUG] (FabricLoader/Mixin) Mixing KeyedResourceReloaderMixin from fabric-resource-loader-v1.mixins.json into net.minecraft.server.ServerFunctionLibrary
[19:39:00] [Worker-Main-3/DEBUG] (FabricLoader/Mixin) Mixing SimpleReloadInstanceMixin from fabric-resource-loader-v1.mixins.json into net.minecraft.server.packs.resources.SimpleReloadInstance
[19:39:00] [Worker-Main-4/DEBUG] (FabricLoader/Mixin) Mixing effect.ContextChainAccessor from fabric-entity-events-v1.mixins.json into com.mojang.brigadier.context.ContextChain
[19:39:00] [Worker-Main-4/DEBUG] (FabricLoader/Mixin) Mixing effect.ContextChainMixin from fabric-entity-events-v1.mixins.json into com.mojang.brigadier.context.ContextChain
[19:39:00] [Worker-Main-4/DEBUG] (FabricLoader/Mixin) Mixing effect.BuildContextsAccessor from fabric-entity-events-v1.mixins.json into net.minecraft.commands.execution.tasks.BuildContexts
[19:39:00] [Worker-Main-11/DEBUG] (FabricLoader/Mixin) Mixing server.LanguageMixin from fabric-resource-loader-v1.mixins.json into net.minecraft.locale.Language
[19:39:00] [Worker-Main-1/ERROR] (net.minecraft.server.packs.resources.SimpleJsonResourceReloadListener) Couldn't parse data file 'minecraft:netherite_upgrade_smithing_template' from 'minecraft:recipe/netherite_upgrade_smithing_template.json': DataResult.Error['No key type in MapLike[{}]']
[19:39:00] [Worker-Main-1/ERROR] (net.minecraft.server.packs.resources.SimpleJsonResourceReloadListener) Couldn't parse data file 'minecraft:spectral_arrow' from 'minecraft:recipe/spectral_arrow.json': DataResult.Error['No key type in MapLike[{}]']
[19:39:01] [main/INFO] (net.minecraft.world.item.crafting.RecipeManager) Loaded 1471 recipes
[19:39:01] [main/INFO] (net.minecraft.advancements.AdvancementTree) Loaded 1599 advancements
[19:39:01] [main/DEBUG] (FabricLoader/Mixin) Mixing PlayerListMixin from fabric-message-api-v1.mixins.json into net.minecraft.server.players.PlayerList
[19:39:01] [main/DEBUG] (FabricLoader/Mixin) Mixing PlayerListMixin from fabric-lifecycle-events-v1.mixins.json into net.minecraft.server.players.PlayerList
[19:39:01] [main/DEBUG] (FabricLoader/Mixin) Mixing PlayerListMixin from fabric-entity-events-v1.mixins.json into net.minecraft.server.players.PlayerList
[19:39:01] [main/DEBUG] (FabricLoader/Mixin) Mixing PlayerListMixin from fabric-networking-api-v1.mixins.json into net.minecraft.server.players.PlayerList
[19:39:01] [main/DEBUG] (FabricLoader/Mixin) fabric-message-api-v1.mixins.json:PlayerListMixin from mod fabric-message-api-v1->@Inject::onSendChatMessage(Lnet/minecraft/network/chat/PlayerChatMessage;Lnet/minecraft/server/level/ServerPlayer;Lnet/minecraft/network/chat/ChatType$Bound;Lorg/spongepowered/asm/mixin/injection/callback/CallbackInfo;)V does use it's CallbackInfo
[19:39:01] [main/DEBUG] (FabricLoader/Mixin) fabric-message-api-v1.mixins.json:PlayerListMixin from mod fabric-message-api-v1->@Inject::onSendGameMessage(Lnet/minecraft/network/chat/Component;Ljava/util/function/Function;ZLorg/spongepowered/asm/mixin/injection/callback/CallbackInfo;)V does use it's CallbackInfo
[19:39:01] [main/DEBUG] (FabricLoader/Mixin) fabric-message-api-v1.mixins.json:PlayerListMixin from mod fabric-message-api-v1->@Inject::onSendCommandMessage(Lnet/minecraft/network/chat/PlayerChatMessage;Lnet/minecraft/commands/CommandSourceStack;Lnet/minecraft/network/chat/ChatType$Bound;Lorg/spongepowered/asm/mixin/injection/callback/CallbackInfo;)V does use it's CallbackInfo
[19:39:01] [main/DEBUG] (FabricLoader/Mixin) fabric-lifecycle-events-v1.mixins.json:PlayerListMixin from mod fabric-lifecycle-events-v1->@Inject::hookOnPlayerConnect(Lnet/minecraft/network/Connection;Lnet/minecraft/server/level/ServerPlayer;Lnet/minecraft/server/network/CommonListenerCookie;Lorg/spongepowered/asm/mixin/injection/callback/CallbackInfo;)V doesn't use it's CallbackInfo
[19:39:01] [main/DEBUG] (FabricLoader/Mixin) fabric-lifecycle-events-v1.mixins.json:PlayerListMixin from mod fabric-lifecycle-events-v1->@Inject::hookOnPlayerConnect(Lnet/minecraft/network/Connection;Lnet/minecraft/server/level/ServerPlayer;Lnet/minecraft/server/network/CommonListenerCookie;Lorg/spongepowered/asm/mixin/injection/callback/CallbackInfo;)V has 0 override(s) in child classes
[19:39:01] [main/DEBUG] (FabricLoader/Mixin) fabric-lifecycle-events-v1.mixins.json:PlayerListMixin from mod fabric-lifecycle-events-v1->@Inject::hookOnPlayerConnect(Lnet/minecraft/network/Connection;Lnet/minecraft/server/level/ServerPlayer;Lnet/minecraft/server/network/CommonListenerCookie;Lorg/spongepowered/asm/mixin/injection/callback/CallbackInfo;)V won't be passed a CallbackInfo as a result
[19:39:01] [main/DEBUG] (FabricLoader/Mixin) fabric-lifecycle-events-v1.mixins.json:PlayerListMixin from mod fabric-lifecycle-events-v1->@Inject::hookOnDataPacksReloaded(Lorg/spongepowered/asm/mixin/injection/callback/CallbackInfo;)V doesn't use it's CallbackInfo
[19:39:01] [main/DEBUG] (FabricLoader/Mixin) fabric-lifecycle-events-v1.mixins.json:PlayerListMixin from mod fabric-lifecycle-events-v1->@Inject::hookOnDataPacksReloaded(Lorg/spongepowered/asm/mixin/injection/callback/CallbackInfo;)V has 0 override(s) in child classes
[19:39:01] [main/DEBUG] (FabricLoader/Mixin) fabric-lifecycle-events-v1.mixins.json:PlayerListMixin from mod fabric-lifecycle-events-v1->@Inject::hookOnDataPacksReloaded(Lorg/spongepowered/asm/mixin/injection/callback/CallbackInfo;)V won't be passed a CallbackInfo as a result
[19:39:01] [main/DEBUG] (FabricLoader/Mixin) fabric-entity-events-v1.mixins.json:PlayerListMixin from mod fabric-entity-events-v1->@Inject::afterRespawn(Lnet/minecraft/server/level/ServerPlayer;ZLnet/minecraft/world/entity/Entity$RemovalReason;Lorg/spongepowered/asm/mixin/injection/callback/CallbackInfoReturnable;)V does use it's CallbackInfoReturnable
[19:39:01] [main/DEBUG] (FabricLoader/Mixin) fabric-entity-events-v1.mixins.json:PlayerListMixin from mod fabric-entity-events-v1->@Inject::firePlayerJoinEvent(Lnet/minecraft/network/Connection;Lnet/minecraft/server/level/ServerPlayer;Lnet/minecraft/server/network/CommonListenerCookie;Lorg/spongepowered/asm/mixin/injection/callback/CallbackInfo;)V doesn't use it's CallbackInfo
[19:39:01] [main/DEBUG] (FabricLoader/Mixin) fabric-entity-events-v1.mixins.json:PlayerListMixin from mod fabric-entity-events-v1->@Inject::firePlayerJoinEvent(Lnet/minecraft/network/Connection;Lnet/minecraft/server/level/ServerPlayer;Lnet/minecraft/server/network/CommonListenerCookie;Lorg/spongepowered/asm/mixin/injection/callback/CallbackInfo;)V has 0 override(s) in child classes
[19:39:01] [main/DEBUG] (FabricLoader/Mixin) fabric-entity-events-v1.mixins.json:PlayerListMixin from mod fabric-entity-events-v1->@Inject::firePlayerJoinEvent(Lnet/minecraft/network/Connection;Lnet/minecraft/server/level/ServerPlayer;Lnet/minecraft/server/network/CommonListenerCookie;Lorg/spongepowered/asm/mixin/injection/callback/CallbackInfo;)V won't be passed a CallbackInfo as a result
[19:39:01] [main/DEBUG] (FabricLoader/Mixin) fabric-entity-events-v1.mixins.json:PlayerListMixin from mod fabric-entity-events-v1->@Inject::firePlayerLeaveEvent(Lnet/minecraft/server/level/ServerPlayer;Lorg/spongepowered/asm/mixin/injection/callback/CallbackInfo;)V doesn't use it's CallbackInfo
[19:39:01] [main/DEBUG] (FabricLoader/Mixin) fabric-entity-events-v1.mixins.json:PlayerListMixin from mod fabric-entity-events-v1->@Inject::firePlayerLeaveEvent(Lnet/minecraft/server/level/ServerPlayer;Lorg/spongepowered/asm/mixin/injection/callback/CallbackInfo;)V has 0 override(s) in child classes
[19:39:01] [main/DEBUG] (FabricLoader/Mixin) fabric-entity-events-v1.mixins.json:PlayerListMixin from mod fabric-entity-events-v1->@Inject::firePlayerLeaveEvent(Lnet/minecraft/server/level/ServerPlayer;Lorg/spongepowered/asm/mixin/injection/callback/CallbackInfo;)V won't be passed a CallbackInfo as a result
[19:39:01] [main/DEBUG] (FabricLoader/Mixin) fabric-networking-api-v1.mixins.json:PlayerListMixin from mod fabric-networking-api-v1->@Inject::handlePlayerConnection(Lnet/minecraft/network/Connection;Lnet/minecraft/server/level/ServerPlayer;Lnet/minecraft/server/network/CommonListenerCookie;Lorg/spongepowered/asm/mixin/injection/callback/CallbackInfo;)V doesn't use it's CallbackInfo
[19:39:01] [main/DEBUG] (FabricLoader/Mixin) fabric-networking-api-v1.mixins.json:PlayerListMixin from mod fabric-networking-api-v1->@Inject::handlePlayerConnection(Lnet/minecraft/network/Connection;Lnet/minecraft/server/level/ServerPlayer;Lnet/minecraft/server/network/CommonListenerCookie;Lorg/spongepowered/asm/mixin/injection/callback/CallbackInfo;)V has 0 override(s) in child classes
[19:39:01] [main/DEBUG] (FabricLoader/Mixin) fabric-networking-api-v1.mixins.json:PlayerListMixin from mod fabric-networking-api-v1->@Inject::handlePlayerConnection(Lnet/minecraft/network/Connection;Lnet/minecraft/server/level/ServerPlayer;Lnet/minecraft/server/network/CommonListenerCookie;Lorg/spongepowered/asm/mixin/injection/callback/CallbackInfo;)V won't be passed a CallbackInfo as a result
[19:39:01] [main/DEBUG] (FabricLoader/Mixin) Mixing util.initialization.FuelValuesMixin from lithium-fabric.mixins.json into net.minecraft.world.level.block.entity.FuelValues
[19:39:01] [main/DEBUG] (FabricLoader/Mixin) Mixing FuelValuesMixin from fabric-content-registries-v0.mixins.json into net.minecraft.world.level.block.entity.FuelValues
[19:39:01] [main/DEBUG] (FabricLoader/Mixin) lithium-fabric.mixins.json:util.initialization.FuelValuesMixin from mod lithium->@Inject::initializeBlockInfo(Lnet/minecraft/core/HolderLookup$Provider;Lnet/minecraft/world/flag/FeatureFlagSet;ILorg/spongepowered/asm/mixin/injection/callback/CallbackInfoReturnable;)V doesn't use it's CallbackInfoReturnable
[19:39:01] [main/DEBUG] (FabricLoader/Mixin) Mixing ai.pathing.WalkNodeEvaluatorMixin from lithium.mixins.json into net.minecraft.world.level.pathfinder.WalkNodeEvaluator
[19:39:01] [main/DEBUG] (FabricLoader/Mixin) Mixing WalkNodeEvaluatorMixin from fabric-content-registries-v0.mixins.json into net.minecraft.world.level.pathfinder.WalkNodeEvaluator
[19:39:01] [main/DEBUG] (FabricLoader/Mixin) lithium.mixins.json:ai.pathing.WalkNodeEvaluatorMixin from mod lithium->@Inject::getLithiumCachedCommonNodeType(Lnet/minecraft/world/level/BlockGetter;Lnet/minecraft/core/BlockPos;Lorg/spongepowered/asm/mixin/injection/callback/CallbackInfoReturnable;Lnet/minecraft/world/level/block/state/BlockState;)V does use it's CallbackInfoReturnable
[19:39:01] [main/DEBUG] (FabricLoader/Mixin) lithium.mixins.json:ai.pathing.WalkNodeEvaluatorMixin from mod lithium->@Inject::doNotIteratePositionsIfLithiumSinglePosCall(Lnet/minecraft/world/level/pathfinder/PathfindingContext;IIILnet/minecraft/world/level/pathfinder/PathType;Lorg/spongepowered/asm/mixin/injection/callback/CallbackInfoReturnable;III)V does use it's CallbackInfoReturnable
[19:39:01] [main/DEBUG] (FabricLoader/Mixin) fabric-content-registries-v0.mixins.json:WalkNodeEvaluatorMixin from mod fabric-content-registries-v0->@Inject::getCommonNodeType(Lnet/minecraft/world/level/BlockGetter;Lnet/minecraft/core/BlockPos;Lorg/spongepowered/asm/mixin/injection/callback/CallbackInfoReturnable;)V does use it's CallbackInfoReturnable
[19:39:01] [main/DEBUG] (FabricLoader/Mixin) Mixing ai.pathing.PathfindingContextAccessor from lithium.mixins.json into net.minecraft.world.level.pathfinder.PathfindingContext
[19:39:01] [main/DEBUG] (FabricLoader/Mixin) Mixing ai.pathing.PathfindingContextMixin from lithium.mixins.json into net.minecraft.world.level.pathfinder.PathfindingContext
[19:39:01] [main/DEBUG] (FabricLoader/Mixin) Mixing PathfindingContextMixin from fabric-content-registries-v0.mixins.json into net.minecraft.world.level.pathfinder.PathfindingContext
[19:39:01] [main/DEBUG] (FabricLoader/Mixin) fabric-content-registries-v0.mixins.json:PathfindingContextMixin from mod fabric-content-registries-v0->@Inject::onGetNodeType(IIILorg/spongepowered/asm/mixin/injection/callback/CallbackInfoReturnable;)V does use it's CallbackInfoReturnable
[19:39:02] [main/DEBUG] (FabricLoader/Mixin) Mixing chunk.no_locking.LevelChunkSectionMixin from lithium.mixins.json into net.minecraft.world.level.chunk.LevelChunkSection
[19:39:02] [main/DEBUG] (FabricLoader/Mixin) Mixing util.block_tracking.LevelChunkSectionMixin from lithium.mixins.json into net.minecraft.world.level.chunk.LevelChunkSection
[19:39:02] [main/DEBUG] (FabricLoader/Mixin) Renaming synthetic method lambda$initFlagCounters$0(Lnet/minecraft/world/level/chunk/PalettedContainer$CountConsumer;[SLnet/minecraft/world/level/block/state/BlockState;I)V to mdb752e4$lithium$lambda$initFlagCounters$0$0 in lithium.mixins.json:util.block_tracking.LevelChunkSectionMixin from mod lithium
[19:39:02] [main/DEBUG] (FabricLoader/Mixin) Mixing util.section_data_storage.LevelChunkSectionMixin from lithium.mixins.json into net.minecraft.world.level.chunk.LevelChunkSection
[19:39:02] [main/DEBUG] (FabricLoader/Mixin) Mixing LevelChunkSectionMixin from fabric-block-api-v1.mixins.json into net.minecraft.world.level.chunk.LevelChunkSection
[19:39:02] [main/DEBUG] (FabricLoader/Mixin) Mixing world.chunk_ticking.random_block_ticking.LevelChunkSectionMixin from lithium.mixins.json into net.minecraft.world.level.chunk.LevelChunkSection
[19:39:02] [main/DEBUG] (FabricLoader/Mixin) lithium.mixins.json:util.block_tracking.LevelChunkSectionMixin from mod lithium->@Inject::initAirSection(Lnet/minecraft/world/level/chunk/PalettedContainerFactory;Lorg/spongepowered/asm/mixin/injection/callback/CallbackInfo;)V doesn't use it's CallbackInfo
[19:39:02] [main/DEBUG] (FabricLoader/Mixin) lithium.mixins.json:util.block_tracking.LevelChunkSectionMixin from mod lithium->@Inject::initAirSection(Lnet/minecraft/world/level/chunk/PalettedContainerFactory;Lorg/spongepowered/asm/mixin/injection/callback/CallbackInfo;)V has 0 override(s) in child classes
[19:39:02] [main/DEBUG] (FabricLoader/Mixin) lithium.mixins.json:util.block_tracking.LevelChunkSectionMixin from mod lithium->@Inject::initAirSection(Lnet/minecraft/world/level/chunk/PalettedContainerFactory;Lorg/spongepowered/asm/mixin/injection/callback/CallbackInfo;)V won't be passed a CallbackInfo as a result
[19:39:02] [main/DEBUG] (FabricLoader/Mixin) lithium.mixins.json:util.block_tracking.LevelChunkSectionMixin from mod lithium->@Inject::createFlagCounters(Lorg/spongepowered/asm/mixin/injection/callback/CallbackInfo;)V doesn't use it's CallbackInfo
[19:39:02] [main/DEBUG] (FabricLoader/Mixin) lithium.mixins.json:util.block_tracking.LevelChunkSectionMixin from mod lithium->@Inject::createFlagCounters(Lorg/spongepowered/asm/mixin/injection/callback/CallbackInfo;)V has 0 override(s) in child classes
[19:39:02] [main/DEBUG] (FabricLoader/Mixin) lithium.mixins.json:util.block_tracking.LevelChunkSectionMixin from mod lithium->@Inject::createFlagCounters(Lorg/spongepowered/asm/mixin/injection/callback/CallbackInfo;)V won't be passed a CallbackInfo as a result
[19:39:02] [main/DEBUG] (FabricLoader/Mixin) lithium.mixins.json:util.block_tracking.LevelChunkSectionMixin from mod lithium->@Inject::resetData(Lnet/minecraft/network/FriendlyByteBuf;Lorg/spongepowered/asm/mixin/injection/callback/CallbackInfo;)V doesn't use it's CallbackInfo
[19:39:02] [main/DEBUG] (FabricLoader/Mixin) lithium.mixins.json:util.block_tracking.LevelChunkSectionMixin from mod lithium->@Inject::resetData(Lnet/minecraft/network/FriendlyByteBuf;Lorg/spongepowered/asm/mixin/injection/callback/CallbackInfo;)V has 0 override(s) in child classes
[19:39:02] [main/DEBUG] (FabricLoader/Mixin) lithium.mixins.json:util.block_tracking.LevelChunkSectionMixin from mod lithium->@Inject::resetData(Lnet/minecraft/network/FriendlyByteBuf;Lorg/spongepowered/asm/mixin/injection/callback/CallbackInfo;)V won't be passed a CallbackInfo as a result
[19:39:02] [main/DEBUG] (FabricLoader/Mixin) lithium.mixins.json:util.block_tracking.LevelChunkSectionMixin from mod lithium->@Inject::updateFlagCounters(IIILnet/minecraft/world/level/block/state/BlockState;ZLorg/spongepowered/asm/mixin/injection/callback/CallbackInfoReturnable;)V doesn't use it's CallbackInfoReturnable
[19:39:02] [main/DEBUG] (FabricLoader/Mixin) lithium.mixins.json:util.block_tracking.LevelChunkSectionMixin from mod lithium->@Inject::updateFlagCounters(IIILnet/minecraft/world/level/block/state/BlockState;ZLorg/spongepowered/asm/mixin/injection/callback/CallbackInfoReturnable;)V has 0 override(s) in child classes
[19:39:02] [main/DEBUG] (FabricLoader/Mixin) lithium.mixins.json:util.block_tracking.LevelChunkSectionMixin from mod lithium->@Inject::updateFlagCounters(IIILnet/minecraft/world/level/block/state/BlockState;ZLorg/spongepowered/asm/mixin/injection/callback/CallbackInfoReturnable;)V won't be passed a CallbackInfoReturnable as a result
[19:39:02] [main/DEBUG] (FabricLoader/Mixin) lithium.mixins.json:world.chunk_ticking.random_block_ticking.LevelChunkSectionMixin from mod lithium->@Inject::initAirSection(Lnet/minecraft/world/level/chunk/PalettedContainerFactory;Lorg/spongepowered/asm/mixin/injection/callback/CallbackInfo;)V doesn't use it's CallbackInfo
[19:39:02] [main/DEBUG] (FabricLoader/Mixin) lithium.mixins.json:world.chunk_ticking.random_block_ticking.LevelChunkSectionMixin from mod lithium->@Inject::initAirSection(Lnet/minecraft/world/level/chunk/PalettedContainerFactory;Lorg/spongepowered/asm/mixin/injection/callback/CallbackInfo;)V has 0 override(s) in child classes
[19:39:02] [main/DEBUG] (FabricLoader/Mixin) lithium.mixins.json:world.chunk_ticking.random_block_ticking.LevelChunkSectionMixin from mod lithium->@Inject::initAirSection(Lnet/minecraft/world/level/chunk/PalettedContainerFactory;Lorg/spongepowered/asm/mixin/injection/callback/CallbackInfo;)V won't be passed a CallbackInfo as a result
[19:39:02] [main/DEBUG] (FabricLoader/Mixin) lithium.mixins.json:world.chunk_ticking.random_block_ticking.LevelChunkSectionMixin from mod lithium->@Inject::createFlagCounters(Lorg/spongepowered/asm/mixin/injection/callback/CallbackInfo;)V doesn't use it's CallbackInfo
[19:39:02] [main/DEBUG] (FabricLoader/Mixin) lithium.mixins.json:world.chunk_ticking.random_block_ticking.LevelChunkSectionMixin from mod lithium->@Inject::createFlagCounters(Lorg/spongepowered/asm/mixin/injection/callback/CallbackInfo;)V has 0 override(s) in child classes
[19:39:02] [main/DEBUG] (FabricLoader/Mixin) lithium.mixins.json:world.chunk_ticking.random_block_ticking.LevelChunkSectionMixin from mod lithium->@Inject::createFlagCounters(Lorg/spongepowered/asm/mixin/injection/callback/CallbackInfo;)V won't be passed a CallbackInfo as a result
[19:39:02] [main/DEBUG] (FabricLoader/Mixin) lithium.mixins.json:world.chunk_ticking.random_block_ticking.LevelChunkSectionMixin from mod lithium->@Inject::updateRandomTickableBlockCounts(IIILnet/minecraft/world/level/block/state/BlockState;ZLorg/spongepowered/asm/mixin/injection/callback/CallbackInfoReturnable;)V doesn't use it's CallbackInfoReturnable
[19:39:02] [main/DEBUG] (FabricLoader/Mixin) lithium.mixins.json:world.chunk_ticking.random_block_ticking.LevelChunkSectionMixin from mod lithium->@Inject::updateRandomTickableBlockCounts(IIILnet/minecraft/world/level/block/state/BlockState;ZLorg/spongepowered/asm/mixin/injection/callback/CallbackInfoReturnable;)V has 0 override(s) in child classes
[19:39:02] [main/DEBUG] (FabricLoader/Mixin) lithium.mixins.json:world.chunk_ticking.random_block_ticking.LevelChunkSectionMixin from mod lithium->@Inject::updateRandomTickableBlockCounts(IIILnet/minecraft/world/level/block/state/BlockState;ZLorg/spongepowered/asm/mixin/injection/callback/CallbackInfoReturnable;)V won't be passed a CallbackInfoReturnable as a result
[19:39:02] [main/DEBUG] (Lithium) Loaded net.caffeinemc.mods.lithium.fabric.FabricMappingInformation@27d99ecc for service interface net.caffeinemc.mods.lithium.common.services.PlatformMappingInformation
[19:39:02] [main/DEBUG] (FabricLoader/Mixin) Mixing block_pattern_matching.BlockPatternMixin from lithium.mixins.json into net.minecraft.world.level.block.state.pattern.BlockPattern
[19:39:02] [main/DEBUG] (FabricLoader/Mixin) lithium.mixins.json:block_pattern_matching.BlockPatternMixin from mod lithium->@Inject::countRequiredBlocksBeforeExpensiveSearch(Lnet/minecraft/world/level/LevelReader;Lnet/minecraft/core/BlockPos;Lorg/spongepowered/asm/mixin/injection/callback/CallbackInfoReturnable;)V does use it's CallbackInfoReturnable
[19:39:02] [main/DEBUG] (FabricLoader/Mixin) Mixing world.block_entity_ticking.sleeping.sculk_catalyst.SculkSpreaderMixin from lithium.mixins.json into net.minecraft.world.level.block.SculkSpreader
[19:39:02] [main/DEBUG] (FabricLoader/Mixin) lithium.mixins.json:world.block_entity_ticking.sleeping.sculk_catalyst.SculkSpreaderMixin from mod lithium->@Inject::listenToCursorAddition(Lnet/minecraft/core/BlockPos;ILorg/spongepowered/asm/mixin/injection/callback/CallbackInfo;)V doesn't use it's CallbackInfo
[19:39:02] [main/DEBUG] (FabricLoader/Mixin) lithium.mixins.json:world.block_entity_ticking.sleeping.sculk_catalyst.SculkSpreaderMixin from mod lithium->@Inject::listenToCursorAddition(Lnet/minecraft/core/BlockPos;ILorg/spongepowered/asm/mixin/injection/callback/CallbackInfo;)V has 0 override(s) in child classes
[19:39:02] [main/DEBUG] (FabricLoader/Mixin) lithium.mixins.json:world.block_entity_ticking.sleeping.sculk_catalyst.SculkSpreaderMixin from mod lithium->@Inject::listenToCursorAddition(Lnet/minecraft/core/BlockPos;ILorg/spongepowered/asm/mixin/injection/callback/CallbackInfo;)V won't be passed a CallbackInfo as a result
[19:39:02] [main/INFO] (net.fabricmc.fabric.impl.biome.modification.BiomeModificationImpl) Applied 3 biome modifications to 3 of 65 new biomes in 9.566 ms
[19:39:02] [Server thread/INFO] (net.minecraft.server.dedicated.DedicatedServer) Starting minecraft server version 1.21.11
[19:39:02] [Server thread/INFO] (net.minecraft.server.dedicated.DedicatedServer) Loading properties
[19:39:02] [Server thread/INFO] (net.minecraft.server.dedicated.DedicatedServer) Default game type: SURVIVAL
[19:39:02] [Server thread/INFO] (net.minecraft.server.MinecraftServer) Generating keypair
[19:39:02] [Server thread/INFO] (net.minecraft.server.dedicated.DedicatedServer) Starting Minecraft server on *:25565
[19:39:02] [Server thread/DEBUG] (io.netty.channel.kqueue.KQueue) KQueue support is not available: null
[19:39:02] [Server thread/DEBUG] (io.netty.channel.epoll.Epoll) Epoll support is not available: null
[19:39:02] [Server thread/DEBUG] (FabricLoader/Mixin) Mixing ConnectionMixin from fabric-data-attachment-api-v1.mixins.json into net.minecraft.network.Connection
[19:39:02] [Server thread/DEBUG] (FabricLoader/Mixin) Mixing ingredient.ConnectionMixin from fabric-recipe-api-v1.mixins.json into net.minecraft.network.Connection
[19:39:02] [Server thread/DEBUG] (FabricLoader/Mixin) Mixing sync.ConnectionMixin from fabric-recipe-api-v1.mixins.json into net.minecraft.network.Connection
[19:39:02] [Server thread/DEBUG] (FabricLoader/Mixin) Mixing ConnectionMixin from fabric-networking-api-v1.mixins.json into net.minecraft.network.Connection
[19:39:02] [Server thread/DEBUG] (FabricLoader/Mixin) Renaming synthetic method lambda$fabric_getPendingChannelsNames$2(Lnet/minecraft/network/ConnectionProtocol;)Ljava/util/Collection; to mdb752e4$fabric-networking-api-v1$lambda$fabric_getPendingChannelsNames$2$0 in fabric-networking-api-v1.mixins.json:ConnectionMixin from mod fabric-networking-api-v1
[19:39:02] [Server thread/DEBUG] (FabricLoader/Mixin) Renaming synthetic method lambda$injectFabricPacketSlitterHandlerOutbound$1(Lnet/fabricmc/fabric/impl/networking/PayloadTypeRegistryImpl;Lio/netty/channel/ChannelHandlerContext;)V to mdb752e4$fabric-networking-api-v1$lambda$injectFabricPacketSlitterHandlerOutbound$1$1 in fabric-networking-api-v1.mixins.json:ConnectionMixin from mod fabric-networking-api-v1
[19:39:02] [Server thread/DEBUG] (FabricLoader/Mixin) Renaming synthetic method lambda$injectFabricPacketSlitterHandlerInbound$0(Lnet/fabricmc/fabric/impl/networking/PayloadTypeRegistryImpl;Lnet/minecraft/network/ProtocolInfo;Lio/netty/channel/ChannelHandlerContext;)V to mdb752e4$fabric-networking-api-v1$lambda$injectFabricPacketSlitterHandlerInbound$0$2 in fabric-networking-api-v1.mixins.json:ConnectionMixin from mod fabric-networking-api-v1
[19:39:02] [Server thread/DEBUG] (FabricLoader/Mixin) fabric-networking-api-v1.mixins.json:ConnectionMixin from mod fabric-networking-api-v1->@Inject::initAddedFields(Lnet/minecraft/network/protocol/PacketFlow;Lorg/spongepowered/asm/mixin/injection/callback/CallbackInfo;)V doesn't use it's CallbackInfo
[19:39:02] [Server thread/DEBUG] (FabricLoader/Mixin) fabric-networking-api-v1.mixins.json:ConnectionMixin from mod fabric-networking-api-v1->@Inject::initAddedFields(Lnet/minecraft/network/protocol/PacketFlow;Lorg/spongepowered/asm/mixin/injection/callback/CallbackInfo;)V has 0 override(s) in child classes
[19:39:02] [Server thread/DEBUG] (FabricLoader/Mixin) fabric-networking-api-v1.mixins.json:ConnectionMixin from mod fabric-networking-api-v1->@Inject::initAddedFields(Lnet/minecraft/network/protocol/PacketFlow;Lorg/spongepowered/asm/mixin/injection/callback/CallbackInfo;)V won't be passed a CallbackInfo as a result
[19:39:02] [Server thread/DEBUG] (FabricLoader/Mixin) fabric-networking-api-v1.mixins.json:ConnectionMixin from mod fabric-networking-api-v1->@Inject::checkPacket(Lnet/minecraft/network/protocol/Packet;Lio/netty/channel/ChannelFutureListener;ZLorg/spongepowered/asm/mixin/injection/callback/CallbackInfo;)V doesn't use it's CallbackInfo
[19:39:02] [Server thread/DEBUG] (FabricLoader/Mixin) fabric-networking-api-v1.mixins.json:ConnectionMixin from mod fabric-networking-api-v1->@Inject::checkPacket(Lnet/minecraft/network/protocol/Packet;Lio/netty/channel/ChannelFutureListener;ZLorg/spongepowered/asm/mixin/injection/callback/CallbackInfo;)V has 0 override(s) in child classes
[19:39:02] [Server thread/DEBUG] (FabricLoader/Mixin) fabric-networking-api-v1.mixins.json:ConnectionMixin from mod fabric-networking-api-v1->@Inject::checkPacket(Lnet/minecraft/network/protocol/Packet;Lio/netty/channel/ChannelFutureListener;ZLorg/spongepowered/asm/mixin/injection/callback/CallbackInfo;)V won't be passed a CallbackInfo as a result
[19:39:02] [Server thread/DEBUG] (FabricLoader/Mixin) fabric-networking-api-v1.mixins.json:ConnectionMixin from mod fabric-networking-api-v1->@Inject::checkPacket(Lnet/minecraft/network/protocol/Packet;Lio/netty/channel/ChannelFutureListener;ZLorg/spongepowered/asm/mixin/injection/callback/CallbackInfo;)V doesn't use it's CallbackInfo
[19:39:02] [Server thread/DEBUG] (FabricLoader/Mixin) fabric-networking-api-v1.mixins.json:ConnectionMixin from mod fabric-networking-api-v1->@Inject::checkPacket(Lnet/minecraft/network/protocol/Packet;Lio/netty/channel/ChannelFutureListener;ZLorg/spongepowered/asm/mixin/injection/callback/CallbackInfo;)V has 0 override(s) in child classes
[19:39:02] [Server thread/DEBUG] (FabricLoader/Mixin) fabric-networking-api-v1.mixins.json:ConnectionMixin from mod fabric-networking-api-v1->@Inject::checkPacket(Lnet/minecraft/network/protocol/Packet;Lio/netty/channel/ChannelFutureListener;ZLorg/spongepowered/asm/mixin/injection/callback/CallbackInfo;)V won't be passed a CallbackInfo as a result
[19:39:02] [Server thread/DEBUG] (FabricLoader/Mixin) fabric-networking-api-v1.mixins.json:ConnectionMixin from mod fabric-networking-api-v1->@Inject::unwatchAddon(Lnet/minecraft/network/ProtocolInfo;Lnet/minecraft/network/PacketListener;Lorg/spongepowered/asm/mixin/injection/callback/CallbackInfo;)V doesn't use it's CallbackInfo
[19:39:02] [Server thread/DEBUG] (FabricLoader/Mixin) fabric-networking-api-v1.mixins.json:ConnectionMixin from mod fabric-networking-api-v1->@Inject::unwatchAddon(Lnet/minecraft/network/ProtocolInfo;Lnet/minecraft/network/PacketListener;Lorg/spongepowered/asm/mixin/injection/callback/CallbackInfo;)V has 0 override(s) in child classes
[19:39:02] [Server thread/DEBUG] (FabricLoader/Mixin) fabric-networking-api-v1.mixins.json:ConnectionMixin from mod fabric-networking-api-v1->@Inject::unwatchAddon(Lnet/minecraft/network/ProtocolInfo;Lnet/minecraft/network/PacketListener;Lorg/spongepowered/asm/mixin/injection/callback/CallbackInfo;)V won't be passed a CallbackInfo as a result
[19:39:02] [Server thread/DEBUG] (FabricLoader/Mixin) fabric-networking-api-v1.mixins.json:ConnectionMixin from mod fabric-networking-api-v1->@Inject::disconnectAddon(Lio/netty/channel/ChannelHandlerContext;Lorg/spongepowered/asm/mixin/injection/callback/CallbackInfo;)V doesn't use it's CallbackInfo
[19:39:02] [Server thread/DEBUG] (FabricLoader/Mixin) fabric-networking-api-v1.mixins.json:ConnectionMixin from mod fabric-networking-api-v1->@Inject::disconnectAddon(Lio/netty/channel/ChannelHandlerContext;Lorg/spongepowered/asm/mixin/injection/callback/CallbackInfo;)V has 0 override(s) in child classes
[19:39:02] [Server thread/DEBUG] (FabricLoader/Mixin) fabric-networking-api-v1.mixins.json:ConnectionMixin from mod fabric-networking-api-v1->@Inject::disconnectAddon(Lio/netty/channel/ChannelHandlerContext;Lorg/spongepowered/asm/mixin/injection/callback/CallbackInfo;)V won't be passed a CallbackInfo as a result
[19:39:02] [Server thread/DEBUG] (FabricLoader/Mixin) fabric-networking-api-v1.mixins.json:ConnectionMixin from mod fabric-networking-api-v1->@Inject::disconnectAddon(Lorg/spongepowered/asm/mixin/injection/callback/CallbackInfo;)V doesn't use it's CallbackInfo
[19:39:02] [Server thread/DEBUG] (FabricLoader/Mixin) fabric-networking-api-v1.mixins.json:ConnectionMixin from mod fabric-networking-api-v1->@Inject::disconnectAddon(Lorg/spongepowered/asm/mixin/injection/callback/CallbackInfo;)V has 0 override(s) in child classes
[19:39:02] [Server thread/DEBUG] (FabricLoader/Mixin) fabric-networking-api-v1.mixins.json:ConnectionMixin from mod fabric-networking-api-v1->@Inject::disconnectAddon(Lorg/spongepowered/asm/mixin/injection/callback/CallbackInfo;)V won't be passed a CallbackInfo as a result
[19:39:02] [Server thread/DEBUG] (io.netty.channel.MultithreadEventLoopGroup) -Dio.netty.eventLoopThreads: 32
[19:39:02] [Server thread/DEBUG] (io.netty.channel.nio.NioIoHandler) -Dio.netty.noKeySetOptimization: false
[19:39:02] [Server thread/DEBUG] (io.netty.channel.nio.NioIoHandler) -Dio.netty.selectorAutoRebuildThreshold: 512
[19:39:02] [Server thread/DEBUG] (io.netty.util.concurrent.GlobalEventExecutor) -Dio.netty.globalEventExecutor.quietPeriodSeconds: 1
[19:39:02] [Server thread/DEBUG] (io.netty.util.internal.PlatformDependent) org.jctools-core.MpscChunkedArrayQueue: available
[19:39:02] [Server thread/DEBUG] (io.netty.channel.DefaultChannelId) -Dio.netty.processId: 23652 (auto-detected)
[19:39:02] [Server thread/DEBUG] (io.netty.util.NetUtil) -Djava.net.preferIPv4Stack: false
[19:39:02] [Server thread/DEBUG] (io.netty.util.NetUtil) -Djava.net.preferIPv6Addresses: false
[19:39:02] [Server thread/DEBUG] (io.netty.util.NetUtilInitializations) Loopback interface: loopback_0 (Software Loopback Interface 1, 0:0:0:0:0:0:0:1)
[19:39:02] [Server thread/DEBUG] (io.netty.util.NetUtil) Failed to get SOMAXCONN from sysctl and file \proc\sys\net\core\somaxconn. Default: 200
[19:39:02] [Server thread/DEBUG] (io.netty.channel.DefaultChannelId) -Dio.netty.machineId: 00:00:00:00:00:00:00:e0 (auto-detected)
[19:39:02] [Server thread/DEBUG] (io.netty.bootstrap.ChannelInitializerExtensions) -Dio.netty.bootstrap.extensions: null
[19:39:02] [Server thread/WARN] (net.minecraft.server.dedicated.DedicatedServer) **** SERVER IS RUNNING IN OFFLINE/INSECURE MODE!
[19:39:02] [Server thread/WARN] (net.minecraft.server.dedicated.DedicatedServer) The server will make no attempt to authenticate usernames. Beware.
[19:39:02] [Server thread/WARN] (net.minecraft.server.dedicated.DedicatedServer) While this makes the game possible to play without internet access, it also opens up the ability for hackers to connect with any username they choose.
[19:39:02] [Server thread/WARN] (net.minecraft.server.dedicated.DedicatedServer) To change this, set "online-mode" to "true" in the server.properties file.
[19:39:02] [Server thread/INFO] (net.minecraft.server.dedicated.DedicatedServer) Preparing level "world"
[19:39:02] [Server thread/DEBUG] (FabricLoader/Mixin) Mixing PhantomSpawnerMixin from djs-fixed-progression.mixins.json into net.minecraft.world.level.levelgen.PhantomSpawner
[19:39:02] [Server thread/DEBUG] (FabricLoader/Mixin) djs-fixed-progression.mixins.json:PhantomSpawnerMixin from mod djs-fixed-progression->@Inject::cancelOverworldPhantoms(Lnet/minecraft/server/level/ServerLevel;ZLorg/spongepowered/asm/mixin/injection/callback/CallbackInfo;)V does use it's CallbackInfo
[19:39:02] [Server thread/DEBUG] (FabricLoader/Mixin) Mixing minimal_nonvanilla.spawning.ServerChunkCacheMixin from lithium.mixins.json into net.minecraft.server.level.ServerChunkCache
[19:39:02] [Server thread/DEBUG] (FabricLoader/Mixin) Mixing world.chunk_access.ServerChunkCacheMixin from lithium.mixins.json into net.minecraft.server.level.ServerChunkCache
[19:39:02] [Server thread/DEBUG] (FabricLoader/Mixin) Renaming synthetic method lambda$getChunkOffThread$0(IILnet/minecraft/world/level/chunk/status/ChunkStatus;Z)Lnet/minecraft/world/level/chunk/ChunkAccess; to mdb752e4$lithium$lambda$getChunkOffThread$0$0 in lithium.mixins.json:world.chunk_access.ServerChunkCacheMixin from mod lithium
[19:39:02] [Server thread/DEBUG] (FabricLoader/Mixin) lithium.mixins.json:world.chunk_access.ServerChunkCacheMixin from mod lithium->@Inject::preTick(Ljava/util/function/BooleanSupplier;ZLorg/spongepowered/asm/mixin/injection/callback/CallbackInfo;)V doesn't use it's CallbackInfo
[19:39:02] [Server thread/DEBUG] (FabricLoader/Mixin) lithium.mixins.json:world.chunk_access.ServerChunkCacheMixin from mod lithium->@Inject::preTick(Ljava/util/function/BooleanSupplier;ZLorg/spongepowered/asm/mixin/injection/callback/CallbackInfo;)V has 0 override(s) in child classes
[19:39:02] [Server thread/DEBUG] (FabricLoader/Mixin) lithium.mixins.json:world.chunk_access.ServerChunkCacheMixin from mod lithium->@Inject::preTick(Ljava/util/function/BooleanSupplier;ZLorg/spongepowered/asm/mixin/injection/callback/CallbackInfo;)V won't be passed a CallbackInfo as a result
[19:39:02] [Server thread/DEBUG] (FabricLoader/Mixin) lithium.mixins.json:world.chunk_access.ServerChunkCacheMixin from mod lithium->@Inject::onCachesCleared(Lorg/spongepowered/asm/mixin/injection/callback/CallbackInfo;)V doesn't use it's CallbackInfo
[19:39:02] [Server thread/DEBUG] (FabricLoader/Mixin) lithium.mixins.json:world.chunk_access.ServerChunkCacheMixin from mod lithium->@Inject::onCachesCleared(Lorg/spongepowered/asm/mixin/injection/callback/CallbackInfo;)V has 0 override(s) in child classes
[19:39:02] [Server thread/DEBUG] (FabricLoader/Mixin) lithium.mixins.json:world.chunk_access.ServerChunkCacheMixin from mod lithium->@Inject::onCachesCleared(Lorg/spongepowered/asm/mixin/injection/callback/CallbackInfo;)V won't be passed a CallbackInfo as a result
[19:39:02] [Server thread/DEBUG] (FabricLoader/Mixin) Mixing entity.framed_maps.MapItemSavedDataMixin from lithium.mixins.json into net.minecraft.world.level.saveddata.maps.MapItemSavedData
[19:39:02] [Server thread/DEBUG] (FabricLoader/Mixin) Mixing chunk.palette.StrategyMixin from lithium.mixins.json into net.minecraft.world.level.chunk.Strategy
[19:39:02] [Server thread/DEBUG] (FabricLoader/Mixin) Mixing util.accessors.StrategyAccessor from lithium.mixins.json into net.minecraft.world.level.chunk.Strategy
[19:39:02] [Server thread/DEBUG] (FabricLoader/Mixin) Mixing chunk.palette.StrategyMixin$Strategy1Mixin from lithium.mixins.json into net.minecraft.world.level.chunk.Strategy$1
[19:39:02] [Server thread/DEBUG] (FabricLoader/Mixin) Mixing chunk.palette.StrategyMixin$Strategy2Mixin from lithium.mixins.json into net.minecraft.world.level.chunk.Strategy$2
[19:39:02] [Server thread/DEBUG] (FabricLoader/Mixin) Mixing chunk.no_locking.PalettedContainerMixin from lithium.mixins.json into net.minecraft.world.level.chunk.PalettedContainer
[19:39:02] [Server thread/DEBUG] (FabricLoader/Mixin) Mixing chunk.serialization.PalettedContainerMixin from lithium.mixins.json into net.minecraft.world.level.chunk.PalettedContainer
[19:39:02] [Server thread/DEBUG] (FabricLoader/Mixin) Renaming synthetic method lambda$count$2([SI)V to mdb752e4$lithium$lambda$count$2$0 in lithium.mixins.json:chunk.serialization.PalettedContainerMixin from mod lithium
[19:39:02] [Server thread/DEBUG] (FabricLoader/Mixin) Renaming synthetic method lambda$static$1()[S to mdb752e4$lithium$lambda$static$1$1 in lithium.mixins.json:chunk.serialization.PalettedContainerMixin from mod lithium
[19:39:02] [Server thread/DEBUG] (FabricLoader/Mixin) Renaming synthetic method lambda$static$0()[S to mdb752e4$lithium$lambda$static$0$2 in lithium.mixins.json:chunk.serialization.PalettedContainerMixin from mod lithium
[19:39:02] [Server thread/DEBUG] (FabricLoader/Mixin) Mixing world.chunk_ticking.random_block_ticking.PalettedContainerMixin from lithium.mixins.json into net.minecraft.world.level.chunk.PalettedContainer
[19:39:02] [Server thread/DEBUG] (FabricLoader/Mixin) lithium.mixins.json:chunk.no_locking.PalettedContainerMixin from mod lithium->@Inject::removeLockHelper(Lorg/spongepowered/asm/mixin/injection/callback/CallbackInfo;)V doesn't use it's CallbackInfo
[19:39:02] [Server thread/DEBUG] (FabricLoader/Mixin) lithium.mixins.json:chunk.no_locking.PalettedContainerMixin from mod lithium->@Inject::removeLockHelper(Lorg/spongepowered/asm/mixin/injection/callback/CallbackInfo;)V has 0 override(s) in child classes
[19:39:02] [Server thread/DEBUG] (FabricLoader/Mixin) lithium.mixins.json:chunk.no_locking.PalettedContainerMixin from mod lithium->@Inject::removeLockHelper(Lorg/spongepowered/asm/mixin/injection/callback/CallbackInfo;)V won't be passed a CallbackInfo as a result
[19:39:02] [Server thread/DEBUG] (FabricLoader/Mixin) lithium.mixins.json:chunk.no_locking.PalettedContainerMixin from mod lithium->@Inject::removeLockHelper(Lorg/spongepowered/asm/mixin/injection/callback/CallbackInfo;)V doesn't use it's CallbackInfo
[19:39:02] [Server thread/DEBUG] (FabricLoader/Mixin) lithium.mixins.json:chunk.no_locking.PalettedContainerMixin from mod lithium->@Inject::removeLockHelper(Lorg/spongepowered/asm/mixin/injection/callback/CallbackInfo;)V has 0 override(s) in child classes
[19:39:02] [Server thread/DEBUG] (FabricLoader/Mixin) lithium.mixins.json:chunk.no_locking.PalettedContainerMixin from mod lithium->@Inject::removeLockHelper(Lorg/spongepowered/asm/mixin/injection/callback/CallbackInfo;)V won't be passed a CallbackInfo as a result
[19:39:02] [Server thread/DEBUG] (FabricLoader/Mixin) lithium.mixins.json:chunk.no_locking.PalettedContainerMixin from mod lithium->@Inject::removeLockHelper(Lorg/spongepowered/asm/mixin/injection/callback/CallbackInfo;)V doesn't use it's CallbackInfo
[19:39:02] [Server thread/DEBUG] (FabricLoader/Mixin) lithium.mixins.json:chunk.no_locking.PalettedContainerMixin from mod lithium->@Inject::removeLockHelper(Lorg/spongepowered/asm/mixin/injection/callback/CallbackInfo;)V has 0 override(s) in child classes
[19:39:02] [Server thread/DEBUG] (FabricLoader/Mixin) lithium.mixins.json:chunk.no_locking.PalettedContainerMixin from mod lithium->@Inject::removeLockHelper(Lorg/spongepowered/asm/mixin/injection/callback/CallbackInfo;)V won't be passed a CallbackInfo as a result
[19:39:02] [Server thread/DEBUG] (FabricLoader/Mixin) lithium.mixins.json:chunk.serialization.PalettedContainerMixin from mod lithium->@Inject::count(Lnet/minecraft/world/level/chunk/PalettedContainer$CountConsumer;Lorg/spongepowered/asm/mixin/injection/callback/CallbackInfo;)V does use it's CallbackInfo
[19:39:02] [Server thread/DEBUG] (FabricLoader/Mixin) Mixing ai.raid.RaidMixin from lithium.mixins.json into net.minecraft.world.entity.raid.Raid
[19:39:02] [Server thread/DEBUG] (FabricLoader/Mixin) lithium.mixins.json:ai.raid.RaidMixin from mod lithium->@Inject::onTick(Lorg/spongepowered/asm/mixin/injection/callback/CallbackInfo;)V doesn't use it's CallbackInfo
[19:39:02] [Server thread/DEBUG] (FabricLoader/Mixin) lithium.mixins.json:ai.raid.RaidMixin from mod lithium->@Inject::onTick(Lorg/spongepowered/asm/mixin/injection/callback/CallbackInfo;)V has 0 override(s) in child classes
[19:39:02] [Server thread/DEBUG] (FabricLoader/Mixin) lithium.mixins.json:ai.raid.RaidMixin from mod lithium->@Inject::onTick(Lorg/spongepowered/asm/mixin/injection/callback/CallbackInfo;)V won't be passed a CallbackInfo as a result
[19:39:03] [Server thread/DEBUG] (FabricLoader/Mixin) Mixing collections.entity_ticking.EntityTickListMixin from lithium.mixins.json into net.minecraft.world.level.entity.EntityTickList
[19:39:03] [Server thread/DEBUG] (FabricLoader/Mixin) Mixing world.tick_scheduler.LevelChunkTicksMixin from lithium.mixins.json into net.minecraft.world.ticks.LevelChunkTicks
[19:39:03] [Server thread/DEBUG] (FabricLoader/Mixin) Renaming synthetic method lambda$queueTick$0(J)Lnet/caffeinemc/mods/lithium/common/world/scheduler/OrderedTickQueue; to mdb752e4$lithium$lambda$queueTick$0$0 in lithium.mixins.json:world.tick_scheduler.LevelChunkTicksMixin from mod lithium
[19:39:03] [Server thread/DEBUG] (FabricLoader/Mixin) lithium.mixins.json:world.tick_scheduler.LevelChunkTicksMixin from mod lithium->@Inject::reinit(Lorg/spongepowered/asm/mixin/injection/callback/CallbackInfo;)V doesn't use it's CallbackInfo
[19:39:03] [Server thread/DEBUG] (FabricLoader/Mixin) lithium.mixins.json:world.tick_scheduler.LevelChunkTicksMixin from mod lithium->@Inject::reinit(Lorg/spongepowered/asm/mixin/injection/callback/CallbackInfo;)V has 0 override(s) in child classes
[19:39:03] [Server thread/DEBUG] (FabricLoader/Mixin) lithium.mixins.json:world.tick_scheduler.LevelChunkTicksMixin from mod lithium->@Inject::reinit(Lorg/spongepowered/asm/mixin/injection/callback/CallbackInfo;)V won't be passed a CallbackInfo as a result
[19:39:03] [Server thread/DEBUG] (FabricLoader/Mixin) lithium.mixins.json:world.tick_scheduler.LevelChunkTicksMixin from mod lithium->@Inject::reinit(Lorg/spongepowered/asm/mixin/injection/callback/CallbackInfo;)V doesn't use it's CallbackInfo
[19:39:03] [Server thread/DEBUG] (FabricLoader/Mixin) lithium.mixins.json:world.tick_scheduler.LevelChunkTicksMixin from mod lithium->@Inject::reinit(Lorg/spongepowered/asm/mixin/injection/callback/CallbackInfo;)V has 0 override(s) in child classes
[19:39:03] [Server thread/DEBUG] (FabricLoader/Mixin) lithium.mixins.json:world.tick_scheduler.LevelChunkTicksMixin from mod lithium->@Inject::reinit(Lorg/spongepowered/asm/mixin/injection/callback/CallbackInfo;)V won't be passed a CallbackInfo as a result
[19:39:03] [Server thread/DEBUG] (FabricLoader/Mixin) Mixing minimal_nonvanilla.spawning.PersistentEntitySectionManagerAccessor from lithium.mixins.json into net.minecraft.world.level.entity.PersistentEntitySectionManager
[19:39:03] [Server thread/DEBUG] (FabricLoader/Mixin) Mixing util.accessors.PersistentEntitySectionManagerAccessor from lithium.mixins.json into net.minecraft.world.level.entity.PersistentEntitySectionManager
[19:39:03] [Server thread/DEBUG] (FabricLoader/Mixin) Mixing util.entity_movement_tracking.PersistentEntitySectionManagerAccessor from lithium.mixins.json into net.minecraft.world.level.entity.PersistentEntitySectionManager
[19:39:03] [Server thread/DEBUG] (FabricLoader/Mixin) Unexpected: Registered method getCache()Lnet/minecraft/world/level/entity/EntitySectionStorage; in net.minecraft.world.level.entity.PersistentEntitySectionManager was not merged
[19:39:03] [Server thread/DEBUG] (FabricLoader/Mixin) Unexpected: Registered method getCache()Lnet/minecraft/world/level/entity/EntitySectionStorage; in net.minecraft.world.level.entity.PersistentEntitySectionManager was not merged
[19:39:03] [Server thread/DEBUG] (FabricLoader/Mixin) Mixing entity.inactive_navigations.ServerLevel$EntityCallbacksMixin from lithium.mixins.json into net.minecraft.server.level.ServerLevel$EntityCallbacks
[19:39:03] [Server thread/DEBUG] (FabricLoader/Mixin) Mixing ServerWorldServerEntityHandlerMixin from fabric-lifecycle-events-v1.mixins.json into net.minecraft.server.level.ServerLevel$EntityCallbacks
[19:39:03] [Server thread/DEBUG] (FabricLoader/Mixin) lithium.mixins.json:entity.inactive_navigations.ServerLevel$EntityCallbacksMixin from mod lithium->@Inject::inj(Lnet/minecraft/server/level/ServerLevel;Lorg/spongepowered/asm/mixin/injection/callback/CallbackInfo;)V doesn't use it's CallbackInfo
[19:39:03] [Server thread/DEBUG] (FabricLoader/Mixin) fabric-lifecycle-events-v1.mixins.json:ServerWorldServerEntityHandlerMixin from mod fabric-lifecycle-events-v1->@Inject::invokeEntityLoadEvent(Lnet/minecraft/world/entity/Entity;Lorg/spongepowered/asm/mixin/injection/callback/CallbackInfo;)V doesn't use it's CallbackInfo
[19:39:03] [Server thread/DEBUG] (FabricLoader/Mixin) fabric-lifecycle-events-v1.mixins.json:ServerWorldServerEntityHandlerMixin from mod fabric-lifecycle-events-v1->@Inject::invokeEntityUnloadEvent(Lnet/minecraft/world/entity/Entity;Lorg/spongepowered/asm/mixin/injection/callback/CallbackInfo;)V doesn't use it's CallbackInfo
[19:39:03] [Server thread/DEBUG] (FabricLoader/Mixin) Mixing entity.fast_retrieval.EntitySectionStorageMixin from lithium.mixins.json into net.minecraft.world.level.entity.EntitySectionStorage
[19:39:03] [Server thread/DEBUG] (FabricLoader/Mixin) Mixing minimal_nonvanilla.spawning.EntitySectionStorageMixin from lithium.mixins.json into net.minecraft.world.level.entity.EntitySectionStorage
[19:39:03] [Server thread/DEBUG] (FabricLoader/Mixin) Renaming synthetic method lambda$lithium$IterateEntitiesInTrackedSections$0(Lit/unimi/dsi/fastutil/objects/ObjectCollection;)Ljava/util/Iterator; to mdb752e4$lithium$lambda$lithium$IterateEntitiesInTrackedSections$0$0 in lithium.mixins.json:minimal_nonvanilla.spawning.EntitySectionStorageMixin from mod lithium
[19:39:03] [Server thread/DEBUG] (FabricLoader/Mixin) Mixing util.entity_section_position.EntitySectionStorageMixin from lithium.mixins.json into net.minecraft.world.level.entity.EntitySectionStorage
[19:39:03] [Server thread/DEBUG] (FabricLoader/Mixin) lithium.mixins.json:entity.fast_retrieval.EntitySectionStorageMixin from mod lithium->@Inject::forEachInBox(Lnet/minecraft/world/phys/AABB;Lnet/minecraft/util/AbortableIterationConsumer;Lorg/spongepowered/asm/mixin/injection/callback/CallbackInfo;)V does use it's CallbackInfo
[19:39:03] [Server thread/DEBUG] (FabricLoader/Mixin) lithium.mixins.json:util.entity_section_position.EntitySectionStorageMixin from mod lithium->@Inject::rememberPos(JLorg/spongepowered/asm/mixin/injection/callback/CallbackInfoReturnable;)V does use it's CallbackInfoReturnable
[19:39:03] [Server thread/DEBUG] (FabricLoader/Mixin) Mixing DimensionDataStorageMixin from fabric-object-builder-v1.mixins.json into net.minecraft.world.level.storage.DimensionDataStorage
[19:39:03] [Server thread/DEBUG] (FabricLoader/Mixin) Mixing minimal_nonvanilla.world.expiring_chunk_tickets.TicketStorageMixin from lithium.mixins.json into net.minecraft.world.level.TicketStorage
[19:39:03] [Server thread/DEBUG] (FabricLoader/Mixin) lithium.mixins.json:minimal_nonvanilla.world.expiring_chunk_tickets.TicketStorageMixin from mod lithium->@Inject::registerExpiringTicket(JLnet/minecraft/server/level/Ticket;Lorg/spongepowered/asm/mixin/injection/callback/CallbackInfoReturnable;)V doesn't use it's CallbackInfoReturnable
[19:39:03] [Server thread/DEBUG] (FabricLoader/Mixin) lithium.mixins.json:minimal_nonvanilla.world.expiring_chunk_tickets.TicketStorageMixin from mod lithium->@Inject::registerExpiringTicket(JLnet/minecraft/server/level/Ticket;Lorg/spongepowered/asm/mixin/injection/callback/CallbackInfoReturnable;)V has 0 override(s) in child classes
[19:39:03] [Server thread/DEBUG] (FabricLoader/Mixin) lithium.mixins.json:minimal_nonvanilla.world.expiring_chunk_tickets.TicketStorageMixin from mod lithium->@Inject::registerExpiringTicket(JLnet/minecraft/server/level/Ticket;Lorg/spongepowered/asm/mixin/injection/callback/CallbackInfoReturnable;)V won't be passed a CallbackInfoReturnable as a result
[19:39:03] [Server thread/DEBUG] (FabricLoader/Mixin) lithium.mixins.json:minimal_nonvanilla.world.expiring_chunk_tickets.TicketStorageMixin from mod lithium->@Inject::unregisterExpiringTicket(JLnet/minecraft/server/level/Ticket;Lorg/spongepowered/asm/mixin/injection/callback/CallbackInfoReturnable;)V doesn't use it's CallbackInfoReturnable
[19:39:03] [Server thread/DEBUG] (FabricLoader/Mixin) lithium.mixins.json:minimal_nonvanilla.world.expiring_chunk_tickets.TicketStorageMixin from mod lithium->@Inject::unregisterExpiringTicket(JLnet/minecraft/server/level/Ticket;Lorg/spongepowered/asm/mixin/injection/callback/CallbackInfoReturnable;)V has 0 override(s) in child classes
[19:39:03] [Server thread/DEBUG] (FabricLoader/Mixin) lithium.mixins.json:minimal_nonvanilla.world.expiring_chunk_tickets.TicketStorageMixin from mod lithium->@Inject::unregisterExpiringTicket(JLnet/minecraft/server/level/Ticket;Lorg/spongepowered/asm/mixin/injection/callback/CallbackInfoReturnable;)V won't be passed a CallbackInfoReturnable as a result
[19:39:03] [Server thread/DEBUG] (FabricLoader/Mixin) lithium.mixins.json:minimal_nonvanilla.world.expiring_chunk_tickets.TicketStorageMixin from mod lithium->@Inject::fixOtherCollection(Lorg/spongepowered/asm/mixin/injection/callback/CallbackInfo;)V doesn't use it's CallbackInfo
[19:39:03] [Server thread/DEBUG] (FabricLoader/Mixin) lithium.mixins.json:minimal_nonvanilla.world.expiring_chunk_tickets.TicketStorageMixin from mod lithium->@Inject::fixOtherCollection(Lorg/spongepowered/asm/mixin/injection/callback/CallbackInfo;)V has 0 override(s) in child classes
[19:39:03] [Server thread/DEBUG] (FabricLoader/Mixin) lithium.mixins.json:minimal_nonvanilla.world.expiring_chunk_tickets.TicketStorageMixin from mod lithium->@Inject::fixOtherCollection(Lorg/spongepowered/asm/mixin/injection/callback/CallbackInfo;)V won't be passed a CallbackInfo as a result
[19:39:03] [Server thread/DEBUG] (FabricLoader/Mixin) Mixing ChunkMapMixin from fabric-lifecycle-events-v1.mixins.json into net.minecraft.server.level.ChunkMap
[19:39:03] [Server thread/DEBUG] (FabricLoader/Mixin) Mixing accessor.ChunkMapAccessor from fabric-networking-api-v1.mixins.json into net.minecraft.server.level.ChunkMap
[19:39:03] [Server thread/DEBUG] (FabricLoader/Mixin) fabric-lifecycle-events-v1.mixins.json:ChunkMapMixin from mod fabric-lifecycle-events-v1->@Inject::onChunkUnload(Lnet/minecraft/server/level/ChunkHolder;Ljava/util/concurrent/CompletableFuture;JLorg/spongepowered/asm/mixin/injection/callback/CallbackInfo;)V doesn't use it's CallbackInfo
[19:39:03] [Server thread/DEBUG] (FabricLoader/Mixin) fabric-lifecycle-events-v1.mixins.json:ChunkMapMixin from mod fabric-lifecycle-events-v1->@Inject::onChunkUnload(Lnet/minecraft/server/level/ChunkHolder;Ljava/util/concurrent/CompletableFuture;JLorg/spongepowered/asm/mixin/injection/callback/CallbackInfo;)V has 0 override(s) in child classes
[19:39:03] [Server thread/DEBUG] (FabricLoader/Mixin) fabric-lifecycle-events-v1.mixins.json:ChunkMapMixin from mod fabric-lifecycle-events-v1->@Inject::onChunkUnload(Lnet/minecraft/server/level/ChunkHolder;Ljava/util/concurrent/CompletableFuture;JLorg/spongepowered/asm/mixin/injection/callback/CallbackInfo;)V won't be passed a CallbackInfo as a result
[19:39:03] [Server thread/DEBUG] (FabricLoader/Mixin) Mixing world.chunk_access.GenerationChunkHolderAccessor from lithium.mixins.json into net.minecraft.server.level.GenerationChunkHolder
[19:39:03] [Server thread/DEBUG] (FabricLoader/Mixin) Mixing world.chunk_access.ChunkHolderMixin from lithium.mixins.json into net.minecraft.server.level.ChunkHolder
[19:39:03] [Server thread/DEBUG] (FabricLoader/Mixin) Mixing ChunkHolderMixin from fabric-lifecycle-events-v1.mixins.json into net.minecraft.server.level.ChunkHolder
[19:39:03] [Server thread/DEBUG] (FabricLoader/Mixin) Mixing util.chunk_status_tracking.ChunkHolderMixin from lithium.mixins.json into net.minecraft.server.level.ChunkHolder
[19:39:03] [Server thread/DEBUG] (FabricLoader/Mixin) fabric-lifecycle-events-v1.mixins.json:ChunkHolderMixin from mod fabric-lifecycle-events-v1->@Inject::updateFutures$inaccessibleToFull(Lnet/minecraft/server/level/ChunkMap;Ljava/util/concurrent/Executor;Lorg/spongepowered/asm/mixin/injection/callback/CallbackInfo;)V doesn't use it's CallbackInfo
[19:39:03] [Server thread/DEBUG] (FabricLoader/Mixin) fabric-lifecycle-events-v1.mixins.json:ChunkHolderMixin from mod fabric-lifecycle-events-v1->@Inject::updateFutures$inaccessibleToFull(Lnet/minecraft/server/level/ChunkMap;Ljava/util/concurrent/Executor;Lorg/spongepowered/asm/mixin/injection/callback/CallbackInfo;)V has 0 override(s) in child classes
[19:39:03] [Server thread/DEBUG] (FabricLoader/Mixin) fabric-lifecycle-events-v1.mixins.json:ChunkHolderMixin from mod fabric-lifecycle-events-v1->@Inject::updateFutures$inaccessibleToFull(Lnet/minecraft/server/level/ChunkMap;Ljava/util/concurrent/Executor;Lorg/spongepowered/asm/mixin/injection/callback/CallbackInfo;)V won't be passed a CallbackInfo as a result
[19:39:03] [Server thread/DEBUG] (FabricLoader/Mixin) fabric-lifecycle-events-v1.mixins.json:ChunkHolderMixin from mod fabric-lifecycle-events-v1->@Inject::updateFutures$fullToBlockTicking(Lnet/minecraft/server/level/ChunkMap;Ljava/util/concurrent/Executor;Lorg/spongepowered/asm/mixin/injection/callback/CallbackInfo;)V doesn't use it's CallbackInfo
[19:39:03] [Server thread/DEBUG] (FabricLoader/Mixin) fabric-lifecycle-events-v1.mixins.json:ChunkHolderMixin from mod fabric-lifecycle-events-v1->@Inject::updateFutures$fullToBlockTicking(Lnet/minecraft/server/level/ChunkMap;Ljava/util/concurrent/Executor;Lorg/spongepowered/asm/mixin/injection/callback/CallbackInfo;)V has 0 override(s) in child classes
[19:39:03] [Server thread/DEBUG] (FabricLoader/Mixin) fabric-lifecycle-events-v1.mixins.json:ChunkHolderMixin from mod fabric-lifecycle-events-v1->@Inject::updateFutures$fullToBlockTicking(Lnet/minecraft/server/level/ChunkMap;Ljava/util/concurrent/Executor;Lorg/spongepowered/asm/mixin/injection/callback/CallbackInfo;)V won't be passed a CallbackInfo as a result
[19:39:03] [Server thread/DEBUG] (FabricLoader/Mixin) fabric-lifecycle-events-v1.mixins.json:ChunkHolderMixin from mod fabric-lifecycle-events-v1->@Inject::updateFutures$blockTickingToEntityTicking(Lnet/minecraft/server/level/ChunkMap;Ljava/util/concurrent/Executor;Lorg/spongepowered/asm/mixin/injection/callback/CallbackInfo;)V doesn't use it's CallbackInfo
[19:39:03] [Server thread/DEBUG] (FabricLoader/Mixin) fabric-lifecycle-events-v1.mixins.json:ChunkHolderMixin from mod fabric-lifecycle-events-v1->@Inject::updateFutures$blockTickingToEntityTicking(Lnet/minecraft/server/level/ChunkMap;Ljava/util/concurrent/Executor;Lorg/spongepowered/asm/mixin/injection/callback/CallbackInfo;)V has 0 override(s) in child classes
[19:39:03] [Server thread/DEBUG] (FabricLoader/Mixin) fabric-lifecycle-events-v1.mixins.json:ChunkHolderMixin from mod fabric-lifecycle-events-v1->@Inject::updateFutures$blockTickingToEntityTicking(Lnet/minecraft/server/level/ChunkMap;Ljava/util/concurrent/Executor;Lorg/spongepowered/asm/mixin/injection/callback/CallbackInfo;)V won't be passed a CallbackInfo as a result
[19:39:03] [Server thread/DEBUG] (FabricLoader/Mixin) fabric-lifecycle-events-v1.mixins.json:ChunkHolderMixin from mod fabric-lifecycle-events-v1->@Inject::decreaseLevel(Lnet/minecraft/server/level/ChunkMap;Lnet/minecraft/server/level/FullChunkStatus;Lorg/spongepowered/asm/mixin/injection/callback/CallbackInfo;)V doesn't use it's CallbackInfo
[19:39:03] [Server thread/DEBUG] (FabricLoader/Mixin) fabric-lifecycle-events-v1.mixins.json:ChunkHolderMixin from mod fabric-lifecycle-events-v1->@Inject::decreaseLevel(Lnet/minecraft/server/level/ChunkMap;Lnet/minecraft/server/level/FullChunkStatus;Lorg/spongepowered/asm/mixin/injection/callback/CallbackInfo;)V has 0 override(s) in child classes
[19:39:03] [Server thread/DEBUG] (FabricLoader/Mixin) fabric-lifecycle-events-v1.mixins.json:ChunkHolderMixin from mod fabric-lifecycle-events-v1->@Inject::decreaseLevel(Lnet/minecraft/server/level/ChunkMap;Lnet/minecraft/server/level/FullChunkStatus;Lorg/spongepowered/asm/mixin/injection/callback/CallbackInfo;)V won't be passed a CallbackInfo as a result
[19:39:03] [Server thread/DEBUG] (FabricLoader/Mixin) lithium.mixins.json:util.chunk_status_tracking.ChunkHolderMixin from mod lithium->@Inject::trackUpdate(Lnet/minecraft/server/level/ChunkMap;Ljava/util/concurrent/Executor;Lorg/spongepowered/asm/mixin/injection/callback/CallbackInfo;Lnet/minecraft/server/level/FullChunkStatus;Lnet/minecraft/server/level/FullChunkStatus;)V doesn't use it's CallbackInfo
[19:39:03] [Server thread/DEBUG] (FabricLoader/Mixin) lithium.mixins.json:util.chunk_status_tracking.ChunkHolderMixin from mod lithium->@Inject::trackUpdate(Lnet/minecraft/server/level/ChunkMap;Ljava/util/concurrent/Executor;Lorg/spongepowered/asm/mixin/injection/callback/CallbackInfo;Lnet/minecraft/server/level/FullChunkStatus;Lnet/minecraft/server/level/FullChunkStatus;)V has 0 override(s) in child classes
[19:39:03] [Server thread/DEBUG] (FabricLoader/Mixin) lithium.mixins.json:util.chunk_status_tracking.ChunkHolderMixin from mod lithium->@Inject::trackUpdate(Lnet/minecraft/server/level/ChunkMap;Ljava/util/concurrent/Executor;Lorg/spongepowered/asm/mixin/injection/callback/CallbackInfo;Lnet/minecraft/server/level/FullChunkStatus;Lnet/minecraft/server/level/FullChunkStatus;)V won't be passed a CallbackInfo as a result
[19:39:03] [Server thread/DEBUG] (FabricLoader/Mixin) Mixing RandomStateMixin from fabric-biome-api-v1.mixins.json into net.minecraft.world.level.levelgen.RandomState
[19:39:03] [Server thread/DEBUG] (FabricLoader/Mixin) fabric-biome-api-v1.mixins.json:RandomStateMixin from mod fabric-biome-api-v1->@Inject::init(Lnet/minecraft/world/level/levelgen/NoiseGeneratorSettings;Lnet/minecraft/core/HolderGetter;JLorg/spongepowered/asm/mixin/injection/callback/CallbackInfo;)V doesn't use it's CallbackInfo
[19:39:03] [Server thread/DEBUG] (FabricLoader/Mixin) Mixing ClimateSamplerMixin from fabric-biome-api-v1.mixins.json into net.minecraft.world.level.biome.Climate$Sampler
[19:39:03] [Server thread/DEBUG] (FabricLoader/Mixin) Mixing chunk.no_validation.SimpleBitStorageMixin from lithium.mixins.json into net.minecraft.util.SimpleBitStorage
[19:39:03] [Server thread/DEBUG] (FabricLoader/Mixin) Mixing chunk.serialization.SimpleBitStorageMixin from lithium.mixins.json into net.minecraft.util.SimpleBitStorage
[19:39:03] [Server thread/DEBUG] (FabricLoader/Mixin) Mixing ai.poi.PoiManagerMixin from lithium.mixins.json into net.minecraft.world.entity.ai.village.poi.PoiManager
[19:39:03] [Server thread/DEBUG] (FabricLoader/Mixin) Renaming synthetic method lambda$withinSquareInL2Range$9(Lnet/minecraft/core/BlockPos;ILjava/util/ArrayList;Lnet/minecraft/world/entity/ai/village/poi/PoiRecord;)V to mdb752e4$lithium$lambda$withinSquareInL2Range$9$0 in lithium.mixins.json:ai.poi.PoiManagerMixin from mod lithium
[19:39:03] [Server thread/DEBUG] (FabricLoader/Mixin) Renaming synthetic method lambda$lithium$findNearestForPortalLogic$8(ILnet/minecraft/core/BlockPos;Lnet/minecraft/core/BlockPos;)Z to mdb752e4$lithium$lambda$lithium$findNearestForPortalLogic$8$1 in lithium.mixins.json:ai.poi.PoiManagerMixin from mod lithium
[19:39:03] [Server thread/DEBUG] (FabricLoader/Mixin) Renaming synthetic method lambda$lithium$findNearestForPortalLogic$7(Lnet/minecraft/world/level/border/WorldBorder;Ljava/util/function/Predicate;Lnet/minecraft/world/entity/ai/village/poi/PoiRecord;)Z to mdb752e4$lithium$lambda$lithium$findNearestForPortalLogic$7$2 in lithium.mixins.json:ai.poi.PoiManagerMixin from mod lithium
[19:39:03] [Server thread/DEBUG] (FabricLoader/Mixin) Renaming synthetic method lambda$findClosest$6(ILnet/minecraft/core/BlockPos;Lnet/minecraft/core/BlockPos;)Z to mdb752e4$lithium$lambda$findClosest$6$3 in lithium.mixins.json:ai.poi.PoiManagerMixin from mod lithium
[19:39:03] [Server thread/DEBUG] (FabricLoader/Mixin) Renaming synthetic method lambda$findClosest$5(Ljava/util/function/Predicate;Lnet/minecraft/world/entity/ai/village/poi/PoiRecord;)Z to mdb752e4$lithium$lambda$findClosest$5$4 in lithium.mixins.json:ai.poi.PoiManagerMixin from mod lithium
[19:39:03] [Server thread/DEBUG] (FabricLoader/Mixin) Renaming synthetic method lambda$findClosestWithType$4(ILnet/minecraft/core/BlockPos;Lnet/minecraft/core/BlockPos;)Z to mdb752e4$lithium$lambda$findClosestWithType$4$5 in lithium.mixins.json:ai.poi.PoiManagerMixin from mod lithium
[19:39:03] [Server thread/DEBUG] (FabricLoader/Mixin) Renaming synthetic method lambda$find$3(Lnet/minecraft/world/entity/ai/village/poi/PoiSection;Lnet/minecraft/core/BlockPos;Ljava/util/function/Predicate;Ljava/util/function/Predicate;Lnet/minecraft/world/entity/ai/village/poi/PoiManager$Occupancy;J)Lnet/minecraft/world/entity/ai/village/poi/PoiRecord; to mdb752e4$lithium$lambda$find$3$6 in lithium.mixins.json:ai.poi.PoiManagerMixin from mod lithium
[19:39:03] [Server thread/DEBUG] (FabricLoader/Mixin) Renaming synthetic method lambda$lithium$getNClosestFirstWithType$2(Ljava/util/ArrayList;Lnet/minecraft/world/entity/ai/village/poi/PoiRecord;)V to mdb752e4$lithium$lambda$lithium$getNClosestFirstWithType$2$7 in lithium.mixins.json:ai.poi.PoiManagerMixin from mod lithium
[19:39:03] [Server thread/DEBUG] (FabricLoader/Mixin) Renaming synthetic method lambda$lithium$getNClosestFirstWithType$1(ILnet/minecraft/core/BlockPos;Lnet/minecraft/core/BlockPos;)Z to mdb752e4$lithium$lambda$lithium$getNClosestFirstWithType$1$8 in lithium.mixins.json:ai.poi.PoiManagerMixin from mod lithium
[19:39:03] [Server thread/DEBUG] (FabricLoader/Mixin) Renaming synthetic method lambda$lithium$getNClosestFirstWithType$0(Ljava/util/function/Predicate;Lnet/minecraft/world/entity/ai/village/poi/PoiRecord;)Z to mdb752e4$lithium$lambda$lithium$getNClosestFirstWithType$0$9 in lithium.mixins.json:ai.poi.PoiManagerMixin from mod lithium
[19:39:03] [Server thread/DEBUG] (FabricLoader/Mixin) Mixing ai.poi.fast_portals.PoiManagerMixin from lithium.mixins.json into net.minecraft.world.entity.ai.village.poi.PoiManager
[19:39:03] [Server thread/DEBUG] (FabricLoader/Mixin) Mixing ai.poi.SectionStorageMixin from lithium.mixins.json into net.minecraft.world.level.chunk.storage.SectionStorage
[19:39:03] [Server thread/DEBUG] (FabricLoader/Mixin) Renaming synthetic method lambda$lithium$getInChunkColumn$0(Ljava/util/BitSet;Lit/unimi/dsi/fastutil/longs/Long2ObjectMap;ILnet/minecraft/world/level/LevelHeightAccessor;I)Ljava/util/Iterator; to mdb752e4$lithium$lambda$lithium$getInChunkColumn$0$0 in lithium.mixins.json:ai.poi.SectionStorageMixin from mod lithium
[19:39:03] [Server thread/DEBUG] (FabricLoader/Mixin) lithium.mixins.json:ai.poi.SectionStorageMixin from mod lithium->@Inject::init(Lnet/minecraft/world/level/chunk/storage/SimpleRegionStorage;Lcom/mojang/serialization/Codec;Ljava/util/function/Function;Ljava/util/function/BiFunction;Ljava/util/function/Function;Lnet/minecraft/core/RegistryAccess;Lnet/minecraft/world/level/chunk/storage/ChunkIOErrorReporter;Lnet/minecraft/world/level/LevelHeightAccessor;Lorg/spongepowered/asm/mixin/injection/callback/CallbackInfo;)V doesn't use it's CallbackInfo
[19:39:03] [Server thread/DEBUG] (FabricLoader/Mixin) lithium.mixins.json:ai.poi.SectionStorageMixin from mod lithium->@Inject::init(Lnet/minecraft/world/level/chunk/storage/SimpleRegionStorage;Lcom/mojang/serialization/Codec;Ljava/util/function/Function;Ljava/util/function/BiFunction;Ljava/util/function/Function;Lnet/minecraft/core/RegistryAccess;Lnet/minecraft/world/level/chunk/storage/ChunkIOErrorReporter;Lnet/minecraft/world/level/LevelHeightAccessor;Lorg/spongepowered/asm/mixin/injection/callback/CallbackInfo;)V has 0 override(s) in child classes
[19:39:03] [Server thread/DEBUG] (FabricLoader/Mixin) lithium.mixins.json:ai.poi.SectionStorageMixin from mod lithium->@Inject::init(Lnet/minecraft/world/level/chunk/storage/SimpleRegionStorage;Lcom/mojang/serialization/Codec;Ljava/util/function/Function;Ljava/util/function/BiFunction;Ljava/util/function/Function;Lnet/minecraft/core/RegistryAccess;Lnet/minecraft/world/level/chunk/storage/ChunkIOErrorReporter;Lnet/minecraft/world/level/LevelHeightAccessor;Lorg/spongepowered/asm/mixin/injection/callback/CallbackInfo;)V won't be passed a CallbackInfo as a result
[19:39:03] [Server thread/DEBUG] (FabricLoader/Mixin) Mixing ai.poi.PoiSectionMixin from lithium.mixins.json into net.minecraft.world.entity.ai.village.poi.PoiSection
[19:39:03] [Server thread/DEBUG] (FabricLoader/Mixin) Mixing ai.poi.fast_portals.PortalForcerMixin from lithium.mixins.json into net.minecraft.world.level.portal.PortalForcer
[19:39:03] [Server thread/DEBUG] (FabricLoader/Mixin) Renaming synthetic method lambda$findClosestPortalPosition$0(Lnet/minecraft/world/entity/ai/village/poi/PoiRecord;)Z to mdb752e4$lithium$lambda$findClosestPortalPosition$0$0 in lithium.mixins.json:ai.poi.fast_portals.PortalForcerMixin from mod lithium
[19:39:03] [Server thread/DEBUG] (FabricLoader/Mixin) Mixing world.game_events.dispatch.GameEventDispatcherMixin from lithium.mixins.json into net.minecraft.world.level.gameevent.GameEventDispatcher
[19:39:03] [Server thread/INFO] (com.yanny.aci.manager.CorePluginManager) Registering server plugin data...
[19:39:04] [Server thread/INFO] (com.yanny.aci.manager.ManagedRegistry) Registered 9/9 entry factories
[19:39:04] [Server thread/INFO] (com.yanny.aci.manager.ManagedRegistry) Registered 6/6 number converters
[19:39:04] [Server thread/INFO] (com.yanny.aci.manager.ManagedRegistry) Registered 11 trade item listings
[19:39:04] [Server thread/INFO] (com.yanny.aci.manager.ManagedRegistry) Registered 9 entry item collectors
[19:39:04] [Server thread/INFO] (com.yanny.aci.manager.ManagedRegistry) Registered 2 function item collectors
[19:39:04] [Server thread/INFO] (com.yanny.aci.manager.ManagedRegistry) Registered 11 trade item collectors
[19:39:04] [Server thread/INFO] (com.yanny.aci.manager.ManagedRegistry) Registered 41/41 function tooltips
[19:39:04] [Server thread/INFO] (com.yanny.aci.manager.ManagedRegistry) Registered 19/19 condition tooltips
[19:39:04] [Server thread/INFO] (com.yanny.aci.manager.ManagedRegistry) Registered 1 ingredient tooltips
[19:39:04] [Server thread/INFO] (com.yanny.aci.manager.ManagedRegistry) Registered 137 value tooltips
[19:39:04] [Server thread/INFO] (com.yanny.aci.manager.ManagedRegistry) Registered 15/14 data component predicate tooltips
[19:39:04] [Server thread/INFO] (com.yanny.aci.manager.ManagedRegistry) Registered 6/6 entity sub predicate tooltips
[19:39:04] [Server thread/INFO] (com.yanny.aci.manager.ManagedRegistry) Registered 104/104 data component type tooltips
[19:39:04] [Server thread/INFO] (com.yanny.aci.manager.ManagedRegistry) Registered 5/5 consume effect tooltips
[19:39:04] [Server thread/INFO] (com.yanny.aci.manager.ManagedRegistry) Registered 6/6 slot source tooltips
[19:39:04] [Server thread/INFO] (com.yanny.aci.manager.ManagedRegistry) Registered 3 chance modifiers
[19:39:04] [Server thread/INFO] (com.yanny.aci.manager.ManagedRegistry) Registered 4 count modifiers
[19:39:04] [Server thread/INFO] (com.yanny.aci.manager.ManagedRegistry) Registered 15 item stack modifiers
[19:39:04] [Server thread/INFO] (com.yanny.ali.manager.AliServerRegistry) Registered 0 loot modifiers
[19:39:04] [Server thread/INFO] (com.yanny.aci.manager.CorePluginManager) Registering server plugin data finished
[19:39:04] [Server thread/INFO] (com.yanny.ali.network.AbstractServer) Started reading loot info
[19:39:04] [Server thread/DEBUG] (com.yanny.ali.network.AbstractServer) Missing block loot table for minecraft:blocks/torch
[19:39:04] [Server thread/DEBUG] (com.yanny.ali.network.AbstractServer) Missing block loot table for minecraft:blocks/oak_sign
[19:39:04] [Server thread/DEBUG] (com.yanny.ali.network.AbstractServer) Missing block loot table for minecraft:blocks/spruce_sign
[19:39:04] [Server thread/DEBUG] (com.yanny.ali.network.AbstractServer) Missing block loot table for minecraft:blocks/birch_sign
[19:39:04] [Server thread/DEBUG] (com.yanny.ali.network.AbstractServer) Missing block loot table for minecraft:blocks/acacia_sign
[19:39:04] [Server thread/DEBUG] (com.yanny.ali.network.AbstractServer) Missing block loot table for minecraft:blocks/cherry_sign
[19:39:04] [Server thread/DEBUG] (com.yanny.ali.network.AbstractServer) Missing block loot table for minecraft:blocks/jungle_sign
[19:39:04] [Server thread/DEBUG] (com.yanny.ali.network.AbstractServer) Missing block loot table for minecraft:blocks/dark_oak_sign
[19:39:04] [Server thread/DEBUG] (com.yanny.ali.network.AbstractServer) Missing block loot table for minecraft:blocks/pale_oak_sign
[19:39:04] [Server thread/DEBUG] (com.yanny.ali.network.AbstractServer) Missing block loot table for minecraft:blocks/mangrove_sign
[19:39:04] [Server thread/DEBUG] (com.yanny.ali.network.AbstractServer) Missing block loot table for minecraft:blocks/bamboo_sign
[19:39:04] [Server thread/DEBUG] (com.yanny.ali.network.AbstractServer) Missing block loot table for minecraft:blocks/oak_hanging_sign
[19:39:04] [Server thread/DEBUG] (com.yanny.ali.network.AbstractServer) Missing block loot table for minecraft:blocks/spruce_hanging_sign
[19:39:04] [Server thread/DEBUG] (com.yanny.ali.network.AbstractServer) Missing block loot table for minecraft:blocks/birch_hanging_sign
[19:39:04] [Server thread/DEBUG] (com.yanny.ali.network.AbstractServer) Missing block loot table for minecraft:blocks/acacia_hanging_sign
[19:39:04] [Server thread/DEBUG] (com.yanny.ali.network.AbstractServer) Missing block loot table for minecraft:blocks/cherry_hanging_sign
[19:39:04] [Server thread/DEBUG] (com.yanny.ali.network.AbstractServer) Missing block loot table for minecraft:blocks/jungle_hanging_sign
[19:39:04] [Server thread/DEBUG] (com.yanny.ali.network.AbstractServer) Missing block loot table for minecraft:blocks/dark_oak_hanging_sign
[19:39:04] [Server thread/DEBUG] (com.yanny.ali.network.AbstractServer) Missing block loot table for minecraft:blocks/pale_oak_hanging_sign
[19:39:04] [Server thread/DEBUG] (com.yanny.ali.network.AbstractServer) Missing block loot table for minecraft:blocks/mangrove_hanging_sign
[19:39:04] [Server thread/DEBUG] (com.yanny.ali.network.AbstractServer) Missing block loot table for minecraft:blocks/crimson_hanging_sign
[19:39:04] [Server thread/DEBUG] (com.yanny.ali.network.AbstractServer) Missing block loot table for minecraft:blocks/warped_hanging_sign
[19:39:04] [Server thread/DEBUG] (com.yanny.ali.network.AbstractServer) Missing block loot table for minecraft:blocks/bamboo_hanging_sign
[19:39:04] [Server thread/DEBUG] (com.yanny.ali.network.AbstractServer) Missing block loot table for minecraft:blocks/redstone_torch
[19:39:04] [Server thread/DEBUG] (com.yanny.ali.network.AbstractServer) Missing block loot table for minecraft:blocks/soul_torch
[19:39:04] [Server thread/DEBUG] (com.yanny.ali.network.AbstractServer) Missing block loot table for minecraft:blocks/copper_torch
[19:39:04] [Server thread/DEBUG] (com.yanny.ali.network.AbstractServer) Missing block loot table for minecraft:blocks/skeleton_skull
[19:39:04] [Server thread/DEBUG] (com.yanny.ali.network.AbstractServer) Missing block loot table for minecraft:blocks/wither_skeleton_skull
[19:39:04] [Server thread/DEBUG] (com.yanny.ali.network.AbstractServer) Missing block loot table for minecraft:blocks/zombie_head
[19:39:04] [Server thread/DEBUG] (com.yanny.ali.network.AbstractServer) Missing block loot table for minecraft:blocks/player_head
[19:39:04] [Server thread/DEBUG] (com.yanny.ali.network.AbstractServer) Missing block loot table for minecraft:blocks/creeper_head
[19:39:04] [Server thread/DEBUG] (com.yanny.ali.network.AbstractServer) Missing block loot table for minecraft:blocks/dragon_head
[19:39:04] [Server thread/DEBUG] (com.yanny.ali.network.AbstractServer) Missing block loot table for minecraft:blocks/piglin_head
[19:39:04] [Server thread/DEBUG] (com.yanny.ali.network.AbstractServer) Missing block loot table for minecraft:blocks/white_banner
[19:39:04] [Server thread/DEBUG] (com.yanny.ali.network.AbstractServer) Missing block loot table for minecraft:blocks/orange_banner
[19:39:04] [Server thread/DEBUG] (com.yanny.ali.network.AbstractServer) Missing block loot table for minecraft:blocks/magenta_banner
[19:39:04] [Server thread/DEBUG] (com.yanny.ali.network.AbstractServer) Missing block loot table for minecraft:blocks/light_blue_banner
[19:39:04] [Server thread/DEBUG] (com.yanny.ali.network.AbstractServer) Missing block loot table for minecraft:blocks/yellow_banner
[19:39:04] [Server thread/DEBUG] (com.yanny.ali.network.AbstractServer) Missing block loot table for minecraft:blocks/lime_banner
[19:39:04] [Server thread/DEBUG] (com.yanny.ali.network.AbstractServer) Missing block loot table for minecraft:blocks/pink_banner
[19:39:04] [Server thread/DEBUG] (com.yanny.ali.network.AbstractServer) Missing block loot table for minecraft:blocks/gray_banner
[19:39:04] [Server thread/DEBUG] (com.yanny.ali.network.AbstractServer) Missing block loot table for minecraft:blocks/light_gray_banner
[19:39:04] [Server thread/DEBUG] (com.yanny.ali.network.AbstractServer) Missing block loot table for minecraft:blocks/cyan_banner
[19:39:04] [Server thread/DEBUG] (com.yanny.ali.network.AbstractServer) Missing block loot table for minecraft:blocks/purple_banner
[19:39:04] [Server thread/DEBUG] (com.yanny.ali.network.AbstractServer) Missing block loot table for minecraft:blocks/blue_banner
[19:39:04] [Server thread/DEBUG] (com.yanny.ali.network.AbstractServer) Missing block loot table for minecraft:blocks/brown_banner
[19:39:04] [Server thread/DEBUG] (com.yanny.ali.network.AbstractServer) Missing block loot table for minecraft:blocks/green_banner
[19:39:04] [Server thread/DEBUG] (com.yanny.ali.network.AbstractServer) Missing block loot table for minecraft:blocks/red_banner
[19:39:04] [Server thread/DEBUG] (com.yanny.ali.network.AbstractServer) Missing block loot table for minecraft:blocks/black_banner
[19:39:04] [Server thread/DEBUG] (com.yanny.ali.network.AbstractServer) Missing block loot table for minecraft:blocks/dead_tube_coral_fan
[19:39:04] [Server thread/DEBUG] (com.yanny.ali.network.AbstractServer) Missing block loot table for minecraft:blocks/dead_brain_coral_fan
[19:39:04] [Server thread/DEBUG] (com.yanny.ali.network.AbstractServer) Missing block loot table for minecraft:blocks/dead_bubble_coral_fan
[19:39:04] [Server thread/DEBUG] (com.yanny.ali.network.AbstractServer) Missing block loot table for minecraft:blocks/dead_fire_coral_fan
[19:39:04] [Server thread/DEBUG] (com.yanny.ali.network.AbstractServer) Missing block loot table for minecraft:blocks/dead_horn_coral_fan
[19:39:04] [Server thread/DEBUG] (com.yanny.ali.network.AbstractServer) Missing block loot table for minecraft:blocks/tube_coral_fan
[19:39:04] [Server thread/DEBUG] (com.yanny.ali.network.AbstractServer) Missing block loot table for minecraft:blocks/brain_coral_fan
[19:39:04] [Server thread/DEBUG] (com.yanny.ali.network.AbstractServer) Missing block loot table for minecraft:blocks/bubble_coral_fan
[19:39:04] [Server thread/DEBUG] (com.yanny.ali.network.AbstractServer) Missing block loot table for minecraft:blocks/fire_coral_fan
[19:39:04] [Server thread/DEBUG] (com.yanny.ali.network.AbstractServer) Missing block loot table for minecraft:blocks/horn_coral_fan
[19:39:04] [Server thread/DEBUG] (com.yanny.ali.network.AbstractServer) Missing block loot table for minecraft:blocks/crimson_sign
[19:39:04] [Server thread/DEBUG] (com.yanny.ali.network.AbstractServer) Missing block loot table for minecraft:blocks/warped_sign
[19:39:05] [Server thread/DEBUG] (FabricLoader/Mixin) Mixing entity.collisions.block_effects.InsideBlockEffectApplier$StepBasedCollectorMixin from lithium.mixins.json into net.minecraft.world.entity.InsideBlockEffectApplier$StepBasedCollector
[19:39:05] [Server thread/DEBUG] (FabricLoader/Mixin) Renaming synthetic method lambda$initAfterAndGet$1(Ljava/lang/Object;)Ljava/lang/Object; to mdb752e4$lithium$lambda$initAfterAndGet$1$0 in lithium.mixins.json:entity.collisions.block_effects.InsideBlockEffectApplier$StepBasedCollectorMixin from mod lithium
[19:39:05] [Server thread/DEBUG] (FabricLoader/Mixin) Renaming synthetic method lambda$initBeforeAndGet$0(Ljava/lang/Object;)Ljava/lang/Object; to mdb752e4$lithium$lambda$initBeforeAndGet$0$1 in lithium.mixins.json:entity.collisions.block_effects.InsideBlockEffectApplier$StepBasedCollectorMixin from mod lithium
[19:39:05] [Server thread/DEBUG] (FabricLoader/Mixin) lithium.mixins.json:entity.collisions.block_effects.InsideBlockEffectApplier$StepBasedCollectorMixin from mod lithium->@Inject::trySkip(Lorg/spongepowered/asm/mixin/injection/callback/CallbackInfo;)V does use it's CallbackInfo
[19:39:05] [Server thread/DEBUG] (FabricLoader/Mixin) lithium.mixins.json:entity.collisions.block_effects.InsideBlockEffectApplier$StepBasedCollectorMixin from mod lithium->@Inject::init(Lnet/minecraft/world/entity/InsideBlockEffectType;Lorg/spongepowered/asm/mixin/injection/callback/CallbackInfo;)V doesn't use it's CallbackInfo
[19:39:05] [Server thread/DEBUG] (FabricLoader/Mixin) lithium.mixins.json:entity.collisions.block_effects.InsideBlockEffectApplier$StepBasedCollectorMixin from mod lithium->@Inject::init(Lnet/minecraft/world/entity/InsideBlockEffectType;Lorg/spongepowered/asm/mixin/injection/callback/CallbackInfo;)V has 0 override(s) in child classes
[19:39:05] [Server thread/DEBUG] (FabricLoader/Mixin) lithium.mixins.json:entity.collisions.block_effects.InsideBlockEffectApplier$StepBasedCollectorMixin from mod lithium->@Inject::init(Lnet/minecraft/world/entity/InsideBlockEffectType;Lorg/spongepowered/asm/mixin/injection/callback/CallbackInfo;)V won't be passed a CallbackInfo as a result
[19:39:05] [Server thread/DEBUG] (FabricLoader/Mixin) Mixing collections.attributes.AttributeMapMixin from lithium.mixins.json into net.minecraft.world.entity.ai.attributes.AttributeMap
[19:39:05] [Server thread/DEBUG] (FabricLoader/Mixin) lithium.mixins.json:collections.attributes.AttributeMapMixin from mod lithium->@Inject::initCollections(Lnet/minecraft/world/entity/ai/attributes/AttributeSupplier;Lorg/spongepowered/asm/mixin/injection/callback/CallbackInfo;)V doesn't use it's CallbackInfo
[19:39:05] [Server thread/DEBUG] (FabricLoader/Mixin) lithium.mixins.json:collections.attributes.AttributeMapMixin from mod lithium->@Inject::initCollections(Lnet/minecraft/world/entity/ai/attributes/AttributeSupplier;Lorg/spongepowered/asm/mixin/injection/callback/CallbackInfo;)V has 0 override(s) in child classes
[19:39:05] [Server thread/DEBUG] (FabricLoader/Mixin) lithium.mixins.json:collections.attributes.AttributeMapMixin from mod lithium->@Inject::initCollections(Lnet/minecraft/world/entity/ai/attributes/AttributeSupplier;Lorg/spongepowered/asm/mixin/injection/callback/CallbackInfo;)V won't be passed a CallbackInfo as a result
[19:39:05] [Server thread/DEBUG] (FabricLoader/Mixin) Mixing ai.task.launch.BrainMixin from lithium.mixins.json into net.minecraft.world.entity.ai.Brain
[19:39:05] [Server thread/DEBUG] (FabricLoader/Mixin) Mixing ai.task.memory_change_counting.BrainMixin from lithium.mixins.json into net.minecraft.world.entity.ai.Brain
[19:39:05] [Server thread/DEBUG] (FabricLoader/Mixin) Mixing ai.useless_behaviors.BrainMixin from lithium.mixins.json into net.minecraft.world.entity.ai.Brain
[19:39:05] [Server thread/DEBUG] (FabricLoader/Mixin) Mixing ai.useless_sensors.BrainAccessor from lithium.mixins.json into net.minecraft.world.entity.ai.Brain
[19:39:05] [Server thread/DEBUG] (FabricLoader/Mixin) Mixing collections.brain.BrainMixin from lithium.mixins.json into net.minecraft.world.entity.ai.Brain
[19:39:05] [Server thread/DEBUG] (FabricLoader/Mixin) lithium.mixins.json:ai.task.launch.BrainMixin from mod lithium->@Inject::reinitializeBrainCollections(Ljava/util/Collection;Ljava/util/Collection;Lcom/google/common/collect/ImmutableList;Ljava/util/function/Supplier;Lorg/spongepowered/asm/mixin/injection/callback/CallbackInfo;)V doesn't use it's CallbackInfo
[19:39:05] [Server thread/DEBUG] (FabricLoader/Mixin) lithium.mixins.json:ai.task.launch.BrainMixin from mod lithium->@Inject::reinitializeBrainCollections(Ljava/util/Collection;Ljava/util/Collection;Lcom/google/common/collect/ImmutableList;Ljava/util/function/Supplier;Lorg/spongepowered/asm/mixin/injection/callback/CallbackInfo;)V has 0 override(s) in child classes
[19:39:05] [Server thread/DEBUG] (FabricLoader/Mixin) lithium.mixins.json:ai.task.launch.BrainMixin from mod lithium->@Inject::reinitializeBrainCollections(Ljava/util/Collection;Ljava/util/Collection;Lcom/google/common/collect/ImmutableList;Ljava/util/function/Supplier;Lorg/spongepowered/asm/mixin/injection/callback/CallbackInfo;)V won't be passed a CallbackInfo as a result
[19:39:05] [Server thread/DEBUG] (FabricLoader/Mixin) lithium.mixins.json:ai.task.launch.BrainMixin from mod lithium->@Inject::reinitializeTasksSorted(Lnet/minecraft/world/entity/schedule/Activity;Lcom/google/common/collect/ImmutableList;Ljava/util/Set;Ljava/util/Set;Lorg/spongepowered/asm/mixin/injection/callback/CallbackInfo;)V doesn't use it's CallbackInfo
[19:39:05] [Server thread/DEBUG] (FabricLoader/Mixin) lithium.mixins.json:ai.task.launch.BrainMixin from mod lithium->@Inject::reinitializeTasksSorted(Lnet/minecraft/world/entity/schedule/Activity;Lcom/google/common/collect/ImmutableList;Ljava/util/Set;Ljava/util/Set;Lorg/spongepowered/asm/mixin/injection/callback/CallbackInfo;)V has 0 override(s) in child classes
[19:39:05] [Server thread/DEBUG] (FabricLoader/Mixin) lithium.mixins.json:ai.task.launch.BrainMixin from mod lithium->@Inject::reinitializeTasksSorted(Lnet/minecraft/world/entity/schedule/Activity;Lcom/google/common/collect/ImmutableList;Ljava/util/Set;Ljava/util/Set;Lorg/spongepowered/asm/mixin/injection/callback/CallbackInfo;)V won't be passed a CallbackInfo as a result
[19:39:05] [Server thread/DEBUG] (FabricLoader/Mixin) lithium.mixins.json:ai.task.launch.BrainMixin from mod lithium->@Inject::reinitializeTasksSorted(Lorg/spongepowered/asm/mixin/injection/callback/CallbackInfo;)V doesn't use it's CallbackInfo
[19:39:05] [Server thread/DEBUG] (FabricLoader/Mixin) lithium.mixins.json:ai.task.launch.BrainMixin from mod lithium->@Inject::reinitializeTasksSorted(Lorg/spongepowered/asm/mixin/injection/callback/CallbackInfo;)V has 0 override(s) in child classes
[19:39:05] [Server thread/DEBUG] (FabricLoader/Mixin) lithium.mixins.json:ai.task.launch.BrainMixin from mod lithium->@Inject::reinitializeTasksSorted(Lorg/spongepowered/asm/mixin/injection/callback/CallbackInfo;)V won't be passed a CallbackInfo as a result
[19:39:05] [Server thread/DEBUG] (FabricLoader/Mixin) lithium.mixins.json:ai.task.launch.BrainMixin from mod lithium->@Inject::onPossibleActivitiesChanged(Lnet/minecraft/world/entity/schedule/Activity;Lorg/spongepowered/asm/mixin/injection/callback/CallbackInfo;)V doesn't use it's CallbackInfo
[19:39:05] [Server thread/DEBUG] (FabricLoader/Mixin) lithium.mixins.json:ai.task.launch.BrainMixin from mod lithium->@Inject::onPossibleActivitiesChanged(Lnet/minecraft/world/entity/schedule/Activity;Lorg/spongepowered/asm/mixin/injection/callback/CallbackInfo;)V has 0 override(s) in child classes
[19:39:05] [Server thread/DEBUG] (FabricLoader/Mixin) lithium.mixins.json:ai.task.launch.BrainMixin from mod lithium->@Inject::onPossibleActivitiesChanged(Lnet/minecraft/world/entity/schedule/Activity;Lorg/spongepowered/asm/mixin/injection/callback/CallbackInfo;)V won't be passed a CallbackInfo as a result
[19:39:05] [Server thread/DEBUG] (FabricLoader/Mixin) lithium.mixins.json:ai.task.launch.BrainMixin from mod lithium->@Inject::removeStoppedTask(Lnet/minecraft/server/level/ServerLevel;Lnet/minecraft/world/entity/LivingEntity;Lorg/spongepowered/asm/mixin/injection/callback/CallbackInfo;JLjava/util/Iterator;Lnet/minecraft/world/entity/ai/behavior/BehaviorControl;)V doesn't use it's CallbackInfo
[19:39:05] [Server thread/DEBUG] (FabricLoader/Mixin) lithium.mixins.json:ai.task.launch.BrainMixin from mod lithium->@Inject::removeStoppedTask(Lnet/minecraft/server/level/ServerLevel;Lnet/minecraft/world/entity/LivingEntity;Lorg/spongepowered/asm/mixin/injection/callback/CallbackInfo;JLjava/util/Iterator;Lnet/minecraft/world/entity/ai/behavior/BehaviorControl;)V has 0 override(s) in child classes
[19:39:05] [Server thread/DEBUG] (FabricLoader/Mixin) lithium.mixins.json:ai.task.launch.BrainMixin from mod lithium->@Inject::removeStoppedTask(Lnet/minecraft/server/level/ServerLevel;Lnet/minecraft/world/entity/LivingEntity;Lorg/spongepowered/asm/mixin/injection/callback/CallbackInfo;JLjava/util/Iterator;Lnet/minecraft/world/entity/ai/behavior/BehaviorControl;)V won't be passed a CallbackInfo as a result
[19:39:05] [Server thread/DEBUG] (FabricLoader/Mixin) lithium.mixins.json:ai.task.launch.BrainMixin from mod lithium->@Inject::removeTaskIfStopped(Lnet/minecraft/server/level/ServerLevel;Lnet/minecraft/world/entity/LivingEntity;Lorg/spongepowered/asm/mixin/injection/callback/CallbackInfo;JLjava/util/Iterator;Lnet/minecraft/world/entity/ai/behavior/BehaviorControl;)V doesn't use it's CallbackInfo
[19:39:05] [Server thread/DEBUG] (FabricLoader/Mixin) lithium.mixins.json:ai.task.launch.BrainMixin from mod lithium->@Inject::removeTaskIfStopped(Lnet/minecraft/server/level/ServerLevel;Lnet/minecraft/world/entity/LivingEntity;Lorg/spongepowered/asm/mixin/injection/callback/CallbackInfo;JLjava/util/Iterator;Lnet/minecraft/world/entity/ai/behavior/BehaviorControl;)V has 0 override(s) in child classes
[19:39:05] [Server thread/DEBUG] (FabricLoader/Mixin) lithium.mixins.json:ai.task.launch.BrainMixin from mod lithium->@Inject::removeTaskIfStopped(Lnet/minecraft/server/level/ServerLevel;Lnet/minecraft/world/entity/LivingEntity;Lorg/spongepowered/asm/mixin/injection/callback/CallbackInfo;JLjava/util/Iterator;Lnet/minecraft/world/entity/ai/behavior/BehaviorControl;)V won't be passed a CallbackInfo as a result
[19:39:05] [Server thread/DEBUG] (FabricLoader/Mixin) lithium.mixins.json:ai.task.memory_change_counting.BrainMixin from mod lithium->@Inject::copyModCount(Lorg/spongepowered/asm/mixin/injection/callback/CallbackInfoReturnable;)V does use it's CallbackInfoReturnable
[19:39:05] [Server thread/DEBUG] (FabricLoader/Mixin) lithium.mixins.json:collections.brain.BrainMixin from mod lithium->@Inject::reinitializeBrainCollections(Ljava/util/Collection;Ljava/util/Collection;Lcom/google/common/collect/ImmutableList;Ljava/util/function/Supplier;Lorg/spongepowered/asm/mixin/injection/callback/CallbackInfo;)V doesn't use it's CallbackInfo
[19:39:05] [Server thread/DEBUG] (FabricLoader/Mixin) lithium.mixins.json:collections.brain.BrainMixin from mod lithium->@Inject::reinitializeBrainCollections(Ljava/util/Collection;Ljava/util/Collection;Lcom/google/common/collect/ImmutableList;Ljava/util/function/Supplier;Lorg/spongepowered/asm/mixin/injection/callback/CallbackInfo;)V has 0 override(s) in child classes
[19:39:05] [Server thread/DEBUG] (FabricLoader/Mixin) lithium.mixins.json:collections.brain.BrainMixin from mod lithium->@Inject::reinitializeBrainCollections(Ljava/util/Collection;Ljava/util/Collection;Lcom/google/common/collect/ImmutableList;Ljava/util/function/Supplier;Lorg/spongepowered/asm/mixin/injection/callback/CallbackInfo;)V won't be passed a CallbackInfo as a result
[19:39:05] [Server thread/DEBUG] (FabricLoader/Mixin) Generating mapped inner class net/minecraft/world/entity/ai/Brain$Anonymous$f17b4f8efe7039bbac9f14e2394e633f (originally net/caffeinemc/mods/lithium/mixin/ai/useless_behaviors/BrainMixin$1)
[19:39:05] [Server thread/DEBUG] (FabricLoader/Mixin) Mixing ai.task.memory_change_counting.BehaviorMixin from lithium.mixins.json into net.minecraft.world.entity.ai.behavior.Behavior
[19:39:05] [Server thread/DEBUG] (FabricLoader/Mixin) lithium.mixins.json:ai.task.memory_change_counting.BehaviorMixin from mod lithium->@Inject::init(Ljava/util/Map;IILorg/spongepowered/asm/mixin/injection/callback/CallbackInfo;)V doesn't use it's CallbackInfo
[19:39:05] [Server thread/DEBUG] (FabricLoader/Mixin) lithium.mixins.json:ai.task.memory_change_counting.BehaviorMixin from mod lithium->@Inject::init(Ljava/util/Map;IILorg/spongepowered/asm/mixin/injection/callback/CallbackInfo;)V has 0 override(s) in child classes
[19:39:05] [Server thread/DEBUG] (FabricLoader/Mixin) lithium.mixins.json:ai.task.memory_change_counting.BehaviorMixin from mod lithium->@Inject::init(Ljava/util/Map;IILorg/spongepowered/asm/mixin/injection/callback/CallbackInfo;)V won't be passed a CallbackInfo as a result
[19:39:05] [Server thread/DEBUG] (FabricLoader/Mixin) Mixing ai.task.replace_streams.GateBehaviorMixin from lithium.mixins.json into net.minecraft.world.entity.ai.behavior.GateBehavior
[19:39:05] [Server thread/DEBUG] (FabricLoader/Mixin) Mixing ai.task.replace_streams.ShufflingListMixin from lithium.mixins.json into net.minecraft.world.entity.ai.behavior.ShufflingList
[19:39:05] [Server thread/DEBUG] (FabricLoader/Mixin) Mixing ai.task.replace_streams.RunningPolicyRunOneMixin from lithium.mixins.json into net.minecraft.world.entity.ai.behavior.GateBehavior$RunningPolicy$1
[19:39:05] [Server thread/DEBUG] (FabricLoader/Mixin) Mixing ai.task.replace_streams.RunningPolicyTryAllMixin from lithium.mixins.json into net.minecraft.world.entity.ai.behavior.GateBehavior$RunningPolicy$2
[19:39:05] [Server thread/DEBUG] (FabricLoader/Mixin) Mixing ai.pathing.FlyNodeEvaluatorMixin from lithium.mixins.json into net.minecraft.world.level.pathfinder.FlyNodeEvaluator
[19:39:05] [Server thread/DEBUG] (FabricLoader/Mixin) Mixing world.block_entity_ticking.sleeping.sculk_sensor_shrieker.VibrationSystemListenerMixin from lithium.mixins.json into net.minecraft.world.level.gameevent.vibrations.VibrationSystem$Listener
[19:39:05] [Server thread/DEBUG] (FabricLoader/Mixin) Mixing VibrationListenerMixin from djs-fixed-progression.mixins.json into net.minecraft.world.level.gameevent.vibrations.VibrationSystem$Listener
[19:39:05] [Server thread/DEBUG] (FabricLoader/Mixin) lithium.mixins.json:world.block_entity_ticking.sleeping.sculk_sensor_shrieker.VibrationSystemListenerMixin from mod lithium->@Inject::onCurrentVibrationUpdate(Lnet/minecraft/server/level/ServerLevel;Lnet/minecraft/core/Holder;Lnet/minecraft/world/level/gameevent/GameEvent$Context;Lnet/minecraft/world/phys/Vec3;Lorg/spongepowered/asm/mixin/injection/callback/CallbackInfoReturnable;)V doesn't use it's CallbackInfoReturnable
[19:39:05] [Server thread/DEBUG] (FabricLoader/Mixin) lithium.mixins.json:world.block_entity_ticking.sleeping.sculk_sensor_shrieker.VibrationSystemListenerMixin from mod lithium->@Inject::onCurrentVibrationUpdate(Lnet/minecraft/server/level/ServerLevel;Lnet/minecraft/core/Holder;Lnet/minecraft/world/level/gameevent/GameEvent$Context;Lnet/minecraft/world/phys/Vec3;Lorg/spongepowered/asm/mixin/injection/callback/CallbackInfoReturnable;)V has 0 override(s) in child classes
[19:39:05] [Server thread/DEBUG] (FabricLoader/Mixin) lithium.mixins.json:world.block_entity_ticking.sleeping.sculk_sensor_shrieker.VibrationSystemListenerMixin from mod lithium->@Inject::onCurrentVibrationUpdate(Lnet/minecraft/server/level/ServerLevel;Lnet/minecraft/core/Holder;Lnet/minecraft/world/level/gameevent/GameEvent$Context;Lnet/minecraft/world/phys/Vec3;Lorg/spongepowered/asm/mixin/injection/callback/CallbackInfoReturnable;)V won't be passed a CallbackInfoReturnable as a result
[19:39:05] [Server thread/DEBUG] (FabricLoader/Mixin) djs-fixed-progression.mixins.json:VibrationListenerMixin from mod djs-fixed-progression->@Inject::deafenSculk(Lnet/minecraft/server/level/ServerLevel;Lnet/minecraft/core/Holder;Lnet/minecraft/world/level/gameevent/GameEvent$Context;Lnet/minecraft/world/phys/Vec3;Lorg/spongepowered/asm/mixin/injection/callback/CallbackInfoReturnable;)V does use it's CallbackInfoReturnable
[19:39:05] [Server thread/DEBUG] (FabricLoader/Mixin) Mixing entity.collisions.unpushable_cramming.EntitySelectorMixin from lithium.mixins.json into net.minecraft.world.entity.EntitySelector
[19:39:05] [Server thread/DEBUG] (FabricLoader/Mixin) Mixing entity.projectile_projectile_collisions.ProjectileUtilMixin from lithium.mixins.json into net.minecraft.world.entity.projectile.ProjectileUtil
[19:39:05] [Server thread/DEBUG] (FabricLoader/Mixin) Mixing ai.task.run.long_jump_weighted_choice.LongJumpToRandomPosMixin from lithium.mixins.json into net.minecraft.world.entity.ai.behavior.LongJumpToRandomPos
[19:39:05] [Server thread/DEBUG] (FabricLoader/Mixin) lithium.mixins.json:ai.task.run.long_jump_weighted_choice.LongJumpToRandomPosMixin from mod lithium->@Inject::setTargets(Lnet/minecraft/server/level/ServerLevel;Lnet/minecraft/world/entity/Mob;JLorg/spongepowered/asm/mixin/injection/callback/CallbackInfo;)V does use it's CallbackInfo
[19:39:05] [Server thread/DEBUG] (com.yanny.ali.network.AbstractServer) Missing entity loot table for minecraft:entities/sheep
[19:39:05] [Server thread/DEBUG] (com.yanny.ali.network.AbstractServer) Missing entity loot table for minecraft:entities/sheep
[19:39:05] [Server thread/DEBUG] (com.yanny.ali.network.AbstractServer) Missing entity loot table for minecraft:entities/sheep
[19:39:05] [Server thread/DEBUG] (com.yanny.ali.network.AbstractServer) Missing entity loot table for minecraft:entities/sheep
[19:39:05] [Server thread/DEBUG] (com.yanny.ali.network.AbstractServer) Missing entity loot table for minecraft:entities/sheep
[19:39:05] [Server thread/DEBUG] (com.yanny.ali.network.AbstractServer) Missing entity loot table for minecraft:entities/sheep
[19:39:05] [Server thread/DEBUG] (com.yanny.ali.network.AbstractServer) Missing entity loot table for minecraft:entities/sheep
[19:39:05] [Server thread/DEBUG] (com.yanny.ali.network.AbstractServer) Missing entity loot table for minecraft:entities/sheep
[19:39:05] [Server thread/DEBUG] (com.yanny.ali.network.AbstractServer) Missing entity loot table for minecraft:entities/sheep
[19:39:05] [Server thread/DEBUG] (com.yanny.ali.network.AbstractServer) Missing entity loot table for minecraft:entities/sheep
[19:39:05] [Server thread/DEBUG] (com.yanny.ali.network.AbstractServer) Missing entity loot table for minecraft:entities/sheep
[19:39:05] [Server thread/DEBUG] (com.yanny.ali.network.AbstractServer) Missing entity loot table for minecraft:entities/sheep
[19:39:05] [Server thread/DEBUG] (com.yanny.ali.network.AbstractServer) Missing entity loot table for minecraft:entities/sheep
[19:39:05] [Server thread/DEBUG] (com.yanny.ali.network.AbstractServer) Missing entity loot table for minecraft:entities/sheep
[19:39:05] [Server thread/DEBUG] (com.yanny.ali.network.AbstractServer) Missing entity loot table for minecraft:entities/sheep
[19:39:05] [Server thread/DEBUG] (com.yanny.ali.network.AbstractServer) Missing entity loot table for minecraft:entities/sheep
[19:39:05] [Server thread/DEBUG] (FabricLoader/Mixin) Mixing ai.useless_behaviors.nitwit_job_search.VillagerGoalPackagesMixin from lithium.mixins.json into net.minecraft.world.entity.ai.behavior.VillagerGoalPackages
[19:39:05] [Server thread/DEBUG] (FabricLoader/Mixin) Mixing WorkAtComposterAccessor from fabric-content-registries-v0.mixins.json into net.minecraft.world.entity.ai.behavior.WorkAtComposter
[19:39:05] [Server thread/DEBUG] (FabricLoader/Mixin) Renaming @Accessor method fabric_setCompostables(Ljava/util/List;)V to fabric_setCompostables$fabric-content-registries-v0_$md$b752e4$0 in fabric-content-registries-v0.mixins.json:WorkAtComposterAccessor from mod fabric-content-registries-v0
[19:39:05] [Server thread/DEBUG] (FabricLoader/Mixin) Renaming @Accessor method fabric_getCompostable()Ljava/util/List; to fabric_getCompostable$fabric-content-registries-v0_$md$b752e4$1 in fabric-content-registries-v0.mixins.json:WorkAtComposterAccessor from mod fabric-content-registries-v0
[19:39:05] [Server thread/DEBUG] (FabricLoader/Mixin) Mixing GiveGiftToHeroAccessor from fabric-content-registries-v0.mixins.json into net.minecraft.world.entity.ai.behavior.GiveGiftToHero
[19:39:05] [Server thread/DEBUG] (FabricLoader/Mixin) Renaming @Accessor method fabric_getGifts()Ljava/util/Map; to fabric_getGifts$fabric-content-registries-v0_$md$b752e4$0 in fabric-content-registries-v0.mixins.json:GiveGiftToHeroAccessor from mod fabric-content-registries-v0
[19:39:05] [Server thread/DEBUG] (FabricLoader/Mixin) Mixing GiveGiftToHeroMixin from fabric-content-registries-v0.mixins.json into net.minecraft.world.entity.ai.behavior.GiveGiftToHero
[19:39:05] [Server thread/DEBUG] (FabricLoader/Mixin) fabric-content-registries-v0.mixins.json:GiveGiftToHeroMixin from mod fabric-content-registries-v0->@Inject::makeMutable(Lorg/spongepowered/asm/mixin/injection/callback/CallbackInfo;)V doesn't use it's CallbackInfo
[19:39:05] [Server thread/DEBUG] (FabricLoader/Mixin) Mixing ai.poi.tasks.AcquirePoiMixin from lithium.mixins.json into net.minecraft.world.entity.ai.behavior.AcquirePoi
[19:39:05] [Server thread/DEBUG] (FabricLoader/Mixin) Renaming synthetic method lambda$getNClosestFirstWithType$1(Lnet/minecraft/core/BlockPos;JLnet/minecraft/world/entity/ai/village/poi/PoiManager;Ljava/util/function/Predicate;Ljava/util/function/Predicate;JLnet/minecraft/world/entity/ai/behavior/AcquirePoi$JitteredLinearRetry;)V to mdb752e4$lithium$lambda$getNClosestFirstWithType$1$0 in lithium.mixins.json:ai.poi.tasks.AcquirePoiMixin from mod lithium
[19:39:05] [Server thread/DEBUG] (FabricLoader/Mixin) Renaming synthetic method lambda$getNClosestFirstWithType$0(Lit/unimi/dsi/fastutil/longs/Long2ObjectMap;JLnet/minecraft/core/BlockPos;)Z to mdb752e4$lithium$lambda$getNClosestFirstWithType$0$1 in lithium.mixins.json:ai.poi.tasks.AcquirePoiMixin from mod lithium
[19:39:05] [Server thread/DEBUG] (FabricLoader/Mixin) Mixing ai.poi.tasks.LocateHidingPlaceMixin from lithium.mixins.json into net.minecraft.world.entity.ai.behavior.LocateHidingPlace
[19:39:06] [Server thread/INFO] (com.yanny.ali.network.AbstractServer) Skipped 39 empty or hidden loot tables and 0 injected loot tables
[19:39:06] [Server thread/WARN] (com.yanny.ali.network.AbstractServer) No trades defined for minecraft:none
[19:39:06] [Server thread/WARN] (com.yanny.ali.network.AbstractServer) No trades defined for minecraft:nitwit
[19:39:06] [Server thread/INFO] (com.yanny.ali.network.AbstractServer) Processing 1295 loot tables, 17 fake loot tables and 14 trades took 1960ms
[19:39:06] [Server thread/DEBUG] (io.netty.buffer.AbstractByteBuf) -Dio.netty.buffer.checkAccessible: true
[19:39:06] [Server thread/DEBUG] (io.netty.buffer.AbstractByteBuf) -Dio.netty.buffer.checkBounds: true
[19:39:06] [Server thread/DEBUG] (io.netty.util.ResourceLeakDetectorFactory) Loaded default ResourceLeakDetector: io.netty.util.ResourceLeakDetector@3e9695e4
[19:39:06] [Server thread/INFO] (com.yanny.ali.network.AbstractServer) Compressed loot data (0.31 MB -> 0.06 MB) and stored in 2 chunk(s)
[19:39:06] [Server thread/INFO] (net.minecraft.server.level.progress.LoggingLevelLoadListener) Loading 0 persistent chunks...
[19:39:06] [Server thread/INFO] (net.minecraft.server.level.progress.LoggingLevelLoadListener) Preparing spawn area: 100%
[19:39:06] [Server thread/INFO] (net.minecraft.server.level.progress.LoggingLevelLoadListener) Time elapsed: 13 ms
[19:39:06] [Server thread/INFO] (net.minecraft.server.dedicated.DedicatedServer) Done (3.692s)! For help, type "help"
[19:39:06] [Server thread/DEBUG] (FabricLoader/Mixin) Mixing ServerWatchdogMixin from fabric-crash-report-info-v1.mixins.json into net.minecraft.server.dedicated.ServerWatchdog
[19:39:06] [Server thread/INFO] (snownee.jade.Jade) Start loading plugin from Jade: snownee.jade.addon.core.CorePlugin
[19:39:06] [Server thread/INFO] (snownee.jade.Jade) snownee.jade.addon.core.CorePlugin loaded: 2.811 ms
[19:39:06] [Server thread/INFO] (snownee.jade.Jade) Start loading plugin from Jade: snownee.jade.addon.vanilla.VanillaPlugin
[19:39:06] [Server thread/INFO] (snownee.jade.Jade) snownee.jade.addon.vanilla.VanillaPlugin loaded: 13.16 ms
[19:39:06] [Server thread/INFO] (snownee.jade.Jade) Start loading plugin from Jade: snownee.jade.addon.universal.UniversalPlugin
[19:39:06] [Server thread/INFO] (snownee.jade.Jade) snownee.jade.addon.universal.UniversalPlugin loaded: 15.82 ms
[19:39:06] [Server thread/INFO] (snownee.jade.Jade) Start loading plugin from Jade: snownee.jade.addon.access.AccessibilityPlugin
[19:39:06] [Server thread/INFO] (snownee.jade.Jade) snownee.jade.addon.access.AccessibilityPlugin loaded: 10.50 μs
[19:39:06] [Server thread/INFO] (snownee.jade.Jade) Start loading plugin from Jade: snownee.jade.addon.debug.DebugPlugin
[19:39:06] [Server thread/INFO] (snownee.jade.Jade) snownee.jade.addon.debug.DebugPlugin loaded: 7.900 μs
[19:39:06] [Server thread/WARN] (net.fabricmc.fabric.impl.tag.convention.v2.TranslationConventionLogWarnings) 
	Dev warning - Untranslated Item Tags detected. Please translate your item tags so other mods such as recipe viewers can properly display your tag's name.
	The format desired is tag.item.<namespace>.<path> for the translation key with slashes in path turned into periods.
	To disable this message, set this system property in your runs: `-Dfabric-tag-conventions-v2.missingTagTranslationWarning=SILENCED`.
	To see individual untranslated item tags found, set the system property to `-Dfabric-tag-conventions-v2.missingTagTranslationWarning=VERBOSE`.
	Default is `SHORT`.

[19:39:06] [Server thread/DEBUG] (FabricLoader/Mixin) Mixing effect.CommandQueueEntryMixin from fabric-entity-events-v1.mixins.json into net.minecraft.commands.execution.CommandQueueEntry
[19:39:06] [Server thread/DEBUG] (FabricLoader/Mixin) Generating mapped inner class net/minecraft/world/level/entity/EntitySectionStorage$Anonymous$8bd463eeb1493ce79f3e2caef1941c86 (originally net/caffeinemc/mods/lithium/mixin/minimal_nonvanilla/spawning/EntitySectionStorageMixin$1)
[19:40:06] [Server thread/INFO] (net.minecraft.server.MinecraftServer) Server empty for 60 seconds, pausing
[19:40:08] [Netty NIO IO #1/DEBUG] (FabricLoader/Mixin) Mixing accessor.PacketDecoderAccessor from fabric-networking-api-v1.mixins.json into net.minecraft.network.PacketDecoder
[19:40:08] [Netty NIO IO #1/DEBUG] (FabricLoader/Mixin) Mixing PacketEncoderMixin from fabric-networking-api-v1.mixins.json into net.minecraft.network.PacketEncoder
[19:40:08] [Netty NIO IO #1/DEBUG] (FabricLoader/Mixin) Mixing ingredient.PacketEncoderMixin from fabric-recipe-api-v1.mixins.json into net.minecraft.network.PacketEncoder
[19:40:08] [Netty NIO IO #1/DEBUG] (FabricLoader/Mixin) Mixing accessor.PacketEncoderAccessor from fabric-networking-api-v1.mixins.json into net.minecraft.network.PacketEncoder
[19:40:08] [Netty NIO IO #1/DEBUG] (FabricLoader/Mixin) fabric-networking-api-v1.mixins.json:PacketEncoderMixin from mod fabric-networking-api-v1->@Inject::handlePassthroughPacket(Lio/netty/channel/ChannelHandlerContext;Lnet/minecraft/network/protocol/Packet;Lio/netty/buffer/ByteBuf;Lorg/spongepowered/asm/mixin/injection/callback/CallbackInfo;)V does use it's CallbackInfo
[19:40:08] [Netty NIO IO #1/DEBUG] (FabricLoader/Mixin) fabric-recipe-api-v1.mixins.json:ingredient.PacketEncoderMixin from mod fabric-recipe-api-v1->@Inject::capturePacketEncoder(Lio/netty/channel/ChannelHandlerContext;Lnet/minecraft/network/protocol/Packet;Lio/netty/buffer/ByteBuf;Lorg/spongepowered/asm/mixin/injection/callback/CallbackInfo;)V doesn't use it's CallbackInfo
[19:40:08] [Netty NIO IO #1/DEBUG] (FabricLoader/Mixin) fabric-recipe-api-v1.mixins.json:ingredient.PacketEncoderMixin from mod fabric-recipe-api-v1->@Inject::capturePacketEncoder(Lio/netty/channel/ChannelHandlerContext;Lnet/minecraft/network/protocol/Packet;Lio/netty/buffer/ByteBuf;Lorg/spongepowered/asm/mixin/injection/callback/CallbackInfo;)V has 0 override(s) in child classes
[19:40:08] [Netty NIO IO #1/DEBUG] (FabricLoader/Mixin) fabric-recipe-api-v1.mixins.json:ingredient.PacketEncoderMixin from mod fabric-recipe-api-v1->@Inject::capturePacketEncoder(Lio/netty/channel/ChannelHandlerContext;Lnet/minecraft/network/protocol/Packet;Lio/netty/buffer/ByteBuf;Lorg/spongepowered/asm/mixin/injection/callback/CallbackInfo;)V won't be passed a CallbackInfo as a result
[19:40:08] [Netty NIO IO #1/DEBUG] (FabricLoader/Mixin) fabric-recipe-api-v1.mixins.json:ingredient.PacketEncoderMixin from mod fabric-recipe-api-v1->@Inject::releasePacketEncoder(Lio/netty/channel/ChannelHandlerContext;Lnet/minecraft/network/protocol/Packet;Lio/netty/buffer/ByteBuf;Lorg/spongepowered/asm/mixin/injection/callback/CallbackInfo;)V doesn't use it's CallbackInfo
[19:40:08] [Netty NIO IO #1/DEBUG] (FabricLoader/Mixin) fabric-recipe-api-v1.mixins.json:ingredient.PacketEncoderMixin from mod fabric-recipe-api-v1->@Inject::releasePacketEncoder(Lio/netty/channel/ChannelHandlerContext;Lnet/minecraft/network/protocol/Packet;Lio/netty/buffer/ByteBuf;Lorg/spongepowered/asm/mixin/injection/callback/CallbackInfo;)V has 0 override(s) in child classes
[19:40:08] [Netty NIO IO #1/DEBUG] (FabricLoader/Mixin) fabric-recipe-api-v1.mixins.json:ingredient.PacketEncoderMixin from mod fabric-recipe-api-v1->@Inject::releasePacketEncoder(Lio/netty/channel/ChannelHandlerContext;Lnet/minecraft/network/protocol/Packet;Lio/netty/buffer/ByteBuf;Lorg/spongepowered/asm/mixin/injection/callback/CallbackInfo;)V won't be passed a CallbackInfo as a result
[19:40:08] [Netty NIO IO #1/DEBUG] (FabricLoader/Mixin) fabric-recipe-api-v1.mixins.json:ingredient.PacketEncoderMixin from mod fabric-recipe-api-v1->@Inject::releasePacketEncoder(Lio/netty/channel/ChannelHandlerContext;Lnet/minecraft/network/protocol/Packet;Lio/netty/buffer/ByteBuf;Lorg/spongepowered/asm/mixin/injection/callback/CallbackInfo;)V doesn't use it's CallbackInfo
[19:40:08] [Netty NIO IO #1/DEBUG] (FabricLoader/Mixin) fabric-recipe-api-v1.mixins.json:ingredient.PacketEncoderMixin from mod fabric-recipe-api-v1->@Inject::releasePacketEncoder(Lio/netty/channel/ChannelHandlerContext;Lnet/minecraft/network/protocol/Packet;Lio/netty/buffer/ByteBuf;Lorg/spongepowered/asm/mixin/injection/callback/CallbackInfo;)V has 0 override(s) in child classes
[19:40:08] [Netty NIO IO #1/DEBUG] (FabricLoader/Mixin) fabric-recipe-api-v1.mixins.json:ingredient.PacketEncoderMixin from mod fabric-recipe-api-v1->@Inject::releasePacketEncoder(Lio/netty/channel/ChannelHandlerContext;Lnet/minecraft/network/protocol/Packet;Lio/netty/buffer/ByteBuf;Lorg/spongepowered/asm/mixin/injection/callback/CallbackInfo;)V won't be passed a CallbackInfo as a result
[19:40:08] [Netty NIO IO #1/DEBUG] (FabricLoader/Mixin) Mixing IdDispatchCodecMixin from fabric-networking-api-v1.mixins.json into net.minecraft.network.codec.IdDispatchCodec
[19:40:08] [Netty NIO IO #1/DEBUG] (FabricLoader/Mixin) fabric-networking-api-v1.mixins.json:IdDispatchCodecMixin from mod fabric-networking-api-v1->@Inject::encode(Lio/netty/buffer/ByteBuf;Ljava/lang/Object;Lorg/spongepowered/asm/mixin/injection/callback/CallbackInfo;)V doesn't use it's CallbackInfo
[19:40:08] [Netty NIO IO #1/DEBUG] (FabricLoader/Mixin) fabric-networking-api-v1.mixins.json:IdDispatchCodecMixin from mod fabric-networking-api-v1->@Inject::encode(Lio/netty/buffer/ByteBuf;Ljava/lang/Object;Lorg/spongepowered/asm/mixin/injection/callback/CallbackInfo;)V has 0 override(s) in child classes
[19:40:08] [Netty NIO IO #1/DEBUG] (FabricLoader/Mixin) fabric-networking-api-v1.mixins.json:IdDispatchCodecMixin from mod fabric-networking-api-v1->@Inject::encode(Lio/netty/buffer/ByteBuf;Ljava/lang/Object;Lorg/spongepowered/asm/mixin/injection/callback/CallbackInfo;)V won't be passed a CallbackInfo as a result
[19:40:08] [Netty NIO IO #1/DEBUG] (FabricLoader/Mixin) Mixing ServerboundCustomQueryAnswerPacketMixin from fabric-networking-api-v1.mixins.json into net.minecraft.network.protocol.login.ServerboundCustomQueryAnswerPacket
[19:40:08] [Netty NIO IO #1/DEBUG] (FabricLoader/Mixin) fabric-networking-api-v1.mixins.json:ServerboundCustomQueryAnswerPacketMixin from mod fabric-networking-api-v1->@Inject::readResponse(ILnet/minecraft/network/FriendlyByteBuf;Lorg/spongepowered/asm/mixin/injection/callback/CallbackInfoReturnable;)V does use it's CallbackInfoReturnable
[19:40:08] [Netty NIO IO #1/DEBUG] (FabricLoader/Mixin) Mixing ClientboundCustomQueryPacketMixin from fabric-networking-api-v1.mixins.json into net.minecraft.network.protocol.login.ClientboundCustomQueryPacket
[19:40:08] [Netty NIO IO #1/DEBUG] (FabricLoader/Mixin) fabric-networking-api-v1.mixins.json:ClientboundCustomQueryPacketMixin from mod fabric-networking-api-v1->@Inject::readPayload(Lnet/minecraft/resources/Identifier;Lnet/minecraft/network/FriendlyByteBuf;Lorg/spongepowered/asm/mixin/injection/callback/CallbackInfoReturnable;)V does use it's CallbackInfoReturnable
[19:40:08] [Netty NIO IO #1/DEBUG] (FabricLoader/Mixin) Mixing ServerLoginPacketListenerImplMixin from fabric-networking-api-v1.mixins.json into net.minecraft.server.network.ServerLoginPacketListenerImpl
[19:40:08] [Netty NIO IO #1/DEBUG] (FabricLoader/Mixin) Mixing accessor.ServerLoginPacketListenerImplAccessor from fabric-networking-api-v1.mixins.json into net.minecraft.server.network.ServerLoginPacketListenerImpl
[19:40:08] [Netty NIO IO #1/DEBUG] (FabricLoader/Mixin) fabric-networking-api-v1.mixins.json:ServerLoginPacketListenerImplMixin from mod fabric-networking-api-v1->@Inject::initAddon(Lorg/spongepowered/asm/mixin/injection/callback/CallbackInfo;)V doesn't use it's CallbackInfo
[19:40:08] [Netty NIO IO #1/DEBUG] (FabricLoader/Mixin) fabric-networking-api-v1.mixins.json:ServerLoginPacketListenerImplMixin from mod fabric-networking-api-v1->@Inject::initAddon(Lorg/spongepowered/asm/mixin/injection/callback/CallbackInfo;)V has 0 override(s) in child classes
[19:40:08] [Netty NIO IO #1/DEBUG] (FabricLoader/Mixin) fabric-networking-api-v1.mixins.json:ServerLoginPacketListenerImplMixin from mod fabric-networking-api-v1->@Inject::initAddon(Lorg/spongepowered/asm/mixin/injection/callback/CallbackInfo;)V won't be passed a CallbackInfo as a result
[19:40:08] [Netty NIO IO #1/DEBUG] (FabricLoader/Mixin) fabric-networking-api-v1.mixins.json:ServerLoginPacketListenerImplMixin from mod fabric-networking-api-v1->@Inject::handleCustomPayloadReceivedAsync(Lnet/minecraft/network/protocol/login/ServerboundCustomQueryAnswerPacket;Lorg/spongepowered/asm/mixin/injection/callback/CallbackInfo;)V does use it's CallbackInfo
[19:40:08] [Netty NIO IO #1/DEBUG] (FabricLoader/Mixin) Mixing ServerboundSelectKnownPacksMixin from fabric-resource-loader-v1.mixins.json into net.minecraft.network.protocol.configuration.ServerboundSelectKnownPacks
[19:40:08] [Netty NIO IO #1/DEBUG] (FabricLoader/Mixin) Mixing ClientboundCustomPayloadPacketMixin from fabric-networking-api-v1.mixins.json into net.minecraft.network.protocol.common.ClientboundCustomPayloadPacket
[19:40:08] [Netty NIO IO #1/DEBUG] (FabricLoader/Mixin) Renaming synthetic method lambda$wrapConfigCodec$1(Lnet/minecraft/network/FriendlyByteBuf;Lnet/minecraft/resources/Identifier;)Lnet/minecraft/network/protocol/common/custom/CustomPacketPayload$TypeAndCodec; to mdb752e4$fabric-networking-api-v1$lambda$wrapConfigCodec$1$0 in fabric-networking-api-v1.mixins.json:ClientboundCustomPayloadPacketMixin from mod fabric-networking-api-v1
[19:40:08] [Netty NIO IO #1/DEBUG] (FabricLoader/Mixin) Renaming synthetic method lambda$wrapPlayCodec$0(Lnet/minecraft/network/RegistryFriendlyByteBuf;Lnet/minecraft/resources/Identifier;)Lnet/minecraft/network/protocol/common/custom/CustomPacketPayload$TypeAndCodec; to mdb752e4$fabric-networking-api-v1$lambda$wrapPlayCodec$0$1 in fabric-networking-api-v1.mixins.json:ClientboundCustomPayloadPacketMixin from mod fabric-networking-api-v1
[19:40:08] [Netty NIO IO #1/DEBUG] (FabricLoader/Mixin) Mixing RegistrySynchronizationMixin from fabric-registry-sync-v0.mixins.json into net.minecraft.core.RegistrySynchronization
[19:40:08] [Netty NIO IO #1/DEBUG] (FabricLoader/Mixin) fabric-registry-sync-v0.mixins.json:RegistrySynchronizationMixin from mod fabric-registry-sync-v0->@Inject::filterNonSyncedEntries(Lnet/minecraft/core/RegistryAccess$RegistryEntry;Lorg/spongepowered/asm/mixin/injection/callback/CallbackInfoReturnable;)V does use it's CallbackInfoReturnable
[19:40:08] [Netty NIO IO #1/DEBUG] (FabricLoader/Mixin) fabric-registry-sync-v0.mixins.json:RegistrySynchronizationMixin from mod fabric-registry-sync-v0->@Inject::filterNonSyncedEntriesAgain(Ljava/util/Set;Lnet/minecraft/resources/RegistryDataLoader$RegistryData;Lcom/mojang/serialization/DynamicOps;Ljava/util/function/BiConsumer;Lnet/minecraft/core/Registry;Lorg/spongepowered/asm/mixin/injection/callback/CallbackInfo;)V does use it's CallbackInfo
[19:40:08] [Netty NIO IO #1/DEBUG] (FabricLoader/Mixin) Mixing BundlePacketMixin from fabric-networking-api-v1.mixins.json into net.minecraft.network.protocol.BundlePacket
[19:40:08] [Netty NIO IO #1/DEBUG] (ServerConfigurationNetworkAddon for Player995) Handling inbound packet from channel with name "minecraft:register"
[19:40:08] [Netty NIO IO #1/DEBUG] (FabricRegistrySync) Skipping un-modded registry: minecraft:command_argument_type
[19:40:08] [Netty NIO IO #1/DEBUG] (FabricRegistrySync) Not syncing registry: minecraft:decorated_pot_pattern
[19:40:08] [Netty NIO IO #1/DEBUG] (FabricRegistrySync) Syncing registry: minecraft:item
[19:40:08] [Netty NIO IO #1/DEBUG] (FabricRegistrySync) Skipping un-modded registry: minecraft:block_entity_type
[19:40:08] [Netty NIO IO #1/DEBUG] (FabricRegistrySync) Skipping un-modded registry: minecraft:custom_stat
[19:40:08] [Netty NIO IO #1/DEBUG] (FabricRegistrySync) Not syncing registry: minecraft:outgoing_rpc_methods
[19:40:08] [Netty NIO IO #1/DEBUG] (FabricRegistrySync) Not syncing registry: minecraft:spawn_condition_type
[19:40:08] [Netty NIO IO #1/DEBUG] (FabricRegistrySync) Skipping un-modded registry: minecraft:consume_effect_type
[19:40:08] [Netty NIO IO #1/DEBUG] (FabricRegistrySync) Not syncing registry: minecraft:worldgen/foliage_placer_type
[19:40:08] [Netty NIO IO #1/DEBUG] (FabricRegistrySync) Skipping un-modded registry: minecraft:number_format_type
[19:40:08] [Netty NIO IO #1/DEBUG] (FabricRegistrySync) Skipping un-modded registry: minecraft:stat_type
[19:40:08] [Netty NIO IO #1/DEBUG] (FabricRegistrySync) Not syncing registry: minecraft:worldgen/material_rule
[19:40:08] [Netty NIO IO #1/DEBUG] (FabricRegistrySync) Not syncing registry: minecraft:worldgen/structure_type
[19:40:08] [Netty NIO IO #1/DEBUG] (FabricRegistrySync) Skipping un-modded registry: minecraft:attribute
[19:40:08] [Netty NIO IO #1/DEBUG] (FabricRegistrySync) Skipping un-modded registry: minecraft:position_source_type
[19:40:08] [Netty NIO IO #1/DEBUG] (FabricRegistrySync) Not syncing registry: minecraft:height_provider_type
[19:40:08] [Netty NIO IO #1/DEBUG] (FabricRegistrySync) Skipping un-modded registry: minecraft:recipe_display
[19:40:08] [Netty NIO IO #1/DEBUG] (FabricRegistrySync) Not syncing registry: minecraft:test_environment_definition_type
[19:40:08] [Netty NIO IO #1/DEBUG] (FabricRegistrySync) Not syncing registry: minecraft:permission_check_type
[19:40:08] [Netty NIO IO #1/DEBUG] (FabricRegistrySync) Skipping un-modded registry: minecraft:data_component_type
[19:40:08] [Netty NIO IO #1/DEBUG] (FabricRegistrySync) Not syncing registry: minecraft:attribute_type
[19:40:08] [Netty NIO IO #1/DEBUG] (FabricRegistrySync) Not syncing registry: minecraft:rule_block_entity_modifier
[19:40:08] [Netty NIO IO #1/DEBUG] (FabricRegistrySync) Not syncing registry: minecraft:worldgen/density_function_type
[19:40:08] [Netty NIO IO #1/DEBUG] (FabricRegistrySync) Not syncing registry: minecraft:dialog_action_type
[19:40:08] [Netty NIO IO #1/DEBUG] (FabricRegistrySync) Skipping un-modded registry: minecraft:fluid
[19:40:08] [Netty NIO IO #1/DEBUG] (FabricRegistrySync) Not syncing registry: minecraft:loot_condition_type
[19:40:08] [Netty NIO IO #1/DEBUG] (FabricRegistrySync) Not syncing registry: minecraft:worldgen/structure_pool_element
[19:40:08] [Netty NIO IO #1/DEBUG] (FabricRegistrySync) Not syncing registry: minecraft:activity
[19:40:08] [Netty NIO IO #1/DEBUG] (FabricRegistrySync) Not syncing registry: minecraft:block_type
[19:40:08] [Netty NIO IO #1/DEBUG] (FabricRegistrySync) Not syncing registry: minecraft:recipe_serializer
[19:40:08] [Netty NIO IO #1/DEBUG] (FabricRegistrySync) Not syncing registry: minecraft:enchantment_provider_type
[19:40:08] [Netty NIO IO #1/DEBUG] (FabricRegistrySync) Not syncing registry: minecraft:test_function
[19:40:08] [Netty NIO IO #1/DEBUG] (FabricRegistrySync) Not syncing registry: minecraft:worldgen/feature_size_type
[19:40:08] [Netty NIO IO #1/DEBUG] (FabricRegistrySync) Skipping un-modded registry: minecraft:point_of_interest_type
[19:40:08] [Netty NIO IO #1/DEBUG] (FabricRegistrySync) Syncing registry: minecraft:mob_effect
[19:40:08] [Netty NIO IO #1/DEBUG] (FabricRegistrySync) Not syncing registry: minecraft:loot_pool_entry_type
[19:40:08] [Netty NIO IO #1/DEBUG] (FabricRegistrySync) Not syncing registry: minecraft:worldgen/block_state_provider_type
[19:40:08] [Netty NIO IO #1/DEBUG] (FabricRegistrySync) Not syncing registry: minecraft:worldgen/chunk_generator
[19:40:08] [Netty NIO IO #1/DEBUG] (FabricRegistrySync) Not syncing registry: minecraft:float_provider_type
[19:40:08] [Netty NIO IO #1/DEBUG] (FabricRegistrySync) Not syncing registry: minecraft:permission_type
[19:40:08] [Netty NIO IO #1/DEBUG] (FabricRegistrySync) Not syncing registry: minecraft:chunk_status
[19:40:08] [Netty NIO IO #1/DEBUG] (FabricRegistrySync) Not syncing registry: minecraft:loot_function_type
[19:40:08] [Netty NIO IO #1/DEBUG] (FabricRegistrySync) Not syncing registry: minecraft:worldgen/structure_processor
[19:40:08] [Netty NIO IO #1/DEBUG] (FabricRegistrySync) Not syncing registry: minecraft:enchantment_effect_component_type
[19:40:08] [Netty NIO IO #1/DEBUG] (FabricRegistrySync) Not syncing registry: minecraft:loot_score_provider_type
[19:40:08] [Netty NIO IO #1/DEBUG] (FabricRegistrySync) Not syncing registry: minecraft:input_control_type
[19:40:08] [Netty NIO IO #1/DEBUG] (FabricRegistrySync) Not syncing registry: minecraft:worldgen/tree_decorator_type
[19:40:08] [Netty NIO IO #1/DEBUG] (FabricRegistrySync) Not syncing registry: minecraft:worldgen/material_condition
[19:40:08] [Netty NIO IO #1/DEBUG] (FabricRegistrySync) Not syncing registry: minecraft:worldgen/pool_alias_binding
[19:40:08] [Netty NIO IO #1/DEBUG] (FabricRegistrySync) Not syncing registry: minecraft:environment_attribute
[19:40:08] [Netty NIO IO #1/DEBUG] (FabricRegistrySync) Skipping un-modded registry: minecraft:entity_type
[19:40:08] [Netty NIO IO #1/DEBUG] (FabricRegistrySync) Skipping un-modded registry: minecraft:recipe_book_category
[19:40:08] [Netty NIO IO #1/DEBUG] (FabricRegistrySync) Skipping un-modded registry: minecraft:villager_profession
[19:40:08] [Netty NIO IO #1/DEBUG] (FabricRegistrySync) Not syncing registry: minecraft:slot_source_type
[19:40:08] [Netty NIO IO #1/DEBUG] (FabricRegistrySync) Syncing registry: minecraft:potion
[19:40:08] [Netty NIO IO #1/DEBUG] (FabricRegistrySync) Not syncing registry: minecraft:enchantment_entity_effect_type
[19:40:08] [Netty NIO IO #1/DEBUG] (FabricRegistrySync) Not syncing registry: minecraft:recipe_type
[19:40:08] [Netty NIO IO #1/DEBUG] (FabricRegistrySync) Not syncing registry: minecraft:int_provider_type
[19:40:08] [Netty NIO IO #1/DEBUG] (FabricRegistrySync) Not syncing registry: minecraft:worldgen/feature
[19:40:08] [Netty NIO IO #1/DEBUG] (FabricRegistrySync) Not syncing registry: minecraft:enchantment_level_based_value_type
[19:40:08] [Netty NIO IO #1/DEBUG] (FabricRegistrySync) Not syncing registry: minecraft:incoming_rpc_methods
[19:40:08] [Netty NIO IO #1/DEBUG] (FabricRegistrySync) Not syncing registry: minecraft:pos_rule_test
[19:40:08] [Netty NIO IO #1/DEBUG] (FabricRegistrySync) Not syncing registry: minecraft:worldgen/structure_placement
[19:40:08] [Netty NIO IO #1/DEBUG] (FabricRegistrySync) Not syncing registry: minecraft:enchantment_value_effect_type
[19:40:08] [Netty NIO IO #1/DEBUG] (FabricRegistrySync) Not syncing registry: minecraft:loot_nbt_provider_type
[19:40:08] [Netty NIO IO #1/DEBUG] (FabricRegistrySync) Skipping un-modded registry: minecraft:data_component_predicate_type
[19:40:08] [Netty NIO IO #1/DEBUG] (FabricRegistrySync) Syncing registry: minecraft:menu
[19:40:08] [Netty NIO IO #1/DEBUG] (FabricRegistrySync) Not syncing registry: minecraft:worldgen/trunk_placer_type
[19:40:08] [Netty NIO IO #1/DEBUG] (FabricRegistrySync) Not syncing registry: minecraft:creative_mode_tab
[19:40:08] [Netty NIO IO #1/DEBUG] (FabricRegistrySync) Not syncing registry: minecraft:entity_sub_predicate_type
[19:40:08] [Netty NIO IO #1/DEBUG] (FabricRegistrySync) Not syncing registry: minecraft:enchantment_location_based_effect_type
[19:40:08] [Netty NIO IO #1/DEBUG] (FabricRegistrySync) Not syncing registry: minecraft:worldgen/placement_modifier_type
[19:40:08] [Netty NIO IO #1/DEBUG] (FabricRegistrySync) Not syncing registry: minecraft:worldgen/carver
[19:40:08] [Netty NIO IO #1/DEBUG] (FabricRegistrySync) Not syncing registry: minecraft:loot_number_provider_type
[19:40:08] [Netty NIO IO #1/DEBUG] (FabricRegistrySync) Skipping un-modded registry: minecraft:slot_display
[19:40:08] [Netty NIO IO #1/DEBUG] (FabricRegistrySync) Skipping un-modded registry: minecraft:debug_subscription
[19:40:08] [Netty NIO IO #1/DEBUG] (FabricRegistrySync) Not syncing registry: minecraft:ticket_type
[19:40:08] [Netty NIO IO #1/DEBUG] (FabricRegistrySync) Not syncing registry: minecraft:game_rule
[19:40:08] [Netty NIO IO #1/DEBUG] (FabricRegistrySync) Not syncing registry: minecraft:test_instance_type
[19:40:08] [Netty NIO IO #1/DEBUG] (FabricRegistrySync) Not syncing registry: minecraft:worldgen/structure_piece
[19:40:08] [Netty NIO IO #1/DEBUG] (FabricRegistrySync) Skipping un-modded registry: minecraft:sound_event
[19:40:08] [Netty NIO IO #1/DEBUG] (FabricRegistrySync) Skipping un-modded registry: minecraft:particle_type
[19:40:08] [Netty NIO IO #1/DEBUG] (FabricRegistrySync) Skipping un-modded registry: minecraft:game_event
[19:40:08] [Netty NIO IO #1/DEBUG] (FabricRegistrySync) Not syncing registry: minecraft:worldgen/biome_source
[19:40:08] [Netty NIO IO #1/DEBUG] (FabricRegistrySync) Not syncing registry: minecraft:worldgen/root_placer_type
[19:40:08] [Netty NIO IO #1/DEBUG] (FabricRegistrySync) Skipping un-modded registry: minecraft:villager_type
[19:40:08] [Netty NIO IO #1/DEBUG] (FabricRegistrySync) Not syncing registry: minecraft:dialog_body_type
[19:40:08] [Netty NIO IO #1/DEBUG] (FabricRegistrySync) Not syncing registry: minecraft:block_predicate_type
[19:40:08] [Netty NIO IO #1/DEBUG] (FabricRegistrySync) Skipping un-modded registry: minecraft:block
[19:40:08] [Netty NIO IO #1/DEBUG] (FabricRegistrySync) Not syncing registry: minecraft:trigger_type
[19:40:08] [Netty NIO IO #1/DEBUG] (FabricRegistrySync) Not syncing registry: minecraft:sensor_type
[19:40:08] [Netty NIO IO #1/DEBUG] (FabricRegistrySync) Not syncing registry: minecraft:rule_test
[19:40:08] [Netty NIO IO #1/DEBUG] (FabricRegistrySync) Skipping un-modded registry: minecraft:map_decoration_type
[19:40:08] [Netty NIO IO #1/DEBUG] (FabricRegistrySync) Not syncing registry: minecraft:memory_module_type
[19:40:08] [Netty NIO IO #1/DEBUG] (FabricRegistrySync) Not syncing registry: minecraft:dialog_type
[19:40:09] [Netty NIO IO #1/DEBUG] (ServerConfigurationNetworkAddon for Player995) Handling inbound packet from channel with name "fabric:registry/sync/complete"
[19:40:09] [Netty NIO IO #1/DEBUG] (FabricLoader/Mixin) Mixing SynchronizeRegistriesTaskMixin from fabric-resource-loader-v1.mixins.json into net.minecraft.server.network.config.SynchronizeRegistriesTask
[19:40:09] [Netty NIO IO #1/DEBUG] (FabricLoader/Mixin) fabric-resource-loader-v1.mixins.json:SynchronizeRegistriesTaskMixin from mod fabric-resource-loader-v1->@Inject::onSelectKnownPacks(Ljava/util/List;Ljava/util/function/Consumer;Lorg/spongepowered/asm/mixin/injection/callback/CallbackInfo;)V does use it's CallbackInfo
[19:40:09] [Netty NIO IO #1/DEBUG] (FabricLoader/Mixin) fabric-resource-loader-v1.mixins.json:SynchronizeRegistriesTaskMixin from mod fabric-resource-loader-v1->@Inject::syncRegistryAndTags(Ljava/util/function/Consumer;Ljava/util/Set;Lorg/spongepowered/asm/mixin/injection/callback/CallbackInfo;)V doesn't use it's CallbackInfo
[19:40:09] [Netty NIO IO #1/DEBUG] (FabricLoader/Mixin) fabric-resource-loader-v1.mixins.json:SynchronizeRegistriesTaskMixin from mod fabric-resource-loader-v1->@Inject::syncRegistryAndTags(Ljava/util/function/Consumer;Ljava/util/Set;Lorg/spongepowered/asm/mixin/injection/callback/CallbackInfo;)V has 0 override(s) in child classes
[19:40:09] [Netty NIO IO #1/DEBUG] (FabricLoader/Mixin) fabric-resource-loader-v1.mixins.json:SynchronizeRegistriesTaskMixin from mod fabric-resource-loader-v1->@Inject::syncRegistryAndTags(Ljava/util/function/Consumer;Ljava/util/Set;Lorg/spongepowered/asm/mixin/injection/callback/CallbackInfo;)V won't be passed a CallbackInfo as a result
[19:40:09] [Netty NIO IO #1/DEBUG] (FabricLoader/Mixin) fabric-resource-loader-v1.mixins.json:SynchronizeRegistriesTaskMixin from mod fabric-resource-loader-v1->@Inject::sendPacket(Ljava/util/function/Consumer;Lorg/spongepowered/asm/mixin/injection/callback/CallbackInfo;)V does use it's CallbackInfo
[19:40:09] [Netty NIO IO #1/DEBUG] (ServerConfigurationNetworkAddon for Player995) Handling inbound packet from channel with name "fabric:accepted_attachments_v1"
[19:40:09] [Netty NIO IO #1/DEBUG] (ServerConfigurationNetworkAddon for Player995) Handling inbound packet from channel with name "fabric:custom_ingredient_sync"
[19:40:09] [Netty NIO IO #1/DEBUG] (ServerConfigurationNetworkAddon for Player995) Handling inbound packet from channel with name "c:version"
[19:40:09] [Netty NIO IO #1/DEBUG] (ServerConfigurationNetworkAddon for Player995) Negotiated common packet version 1
[19:40:09] [Netty NIO IO #1/DEBUG] (ServerConfigurationNetworkAddon for Player995) Handling inbound packet from channel with name "c:register"
[19:40:09] [Netty NIO IO #1/DEBUG] (fabric-networking-api-v1) Received accepted channels from the client for play phase
[19:40:09] [Netty NIO IO #1/DEBUG] (ServerConfigurationNetworkAddon for Player995) Handling inbound packet from channel with name "fabric:recipe_sync/supported_serializers"
[19:40:09] [Server thread/DEBUG] (SynchronizeRegistriesTaskMixin) Synchronizing registries with common known packs: [vanilla:djs-fixed-progression:1.0.0, vanilla:ali:1.12.0, vanilla:dynamiclights:1.9.3+mod, vanilla:fabric-gametest-api-v1:3.1.27+4fc5413f3e, minecraft:core:1.21.11, vanilla:fabric-convention-tags-v2:2.17.3+8ef948ba3e]
[19:40:09] [Server thread/DEBUG] (FabricLoader/Mixin) Mixing ValueInputMixin from fabric-serialization-api-v1.mixins.json into net.minecraft.world.level.storage.ValueInput
[19:40:09] [Worker-Main-15/DEBUG] (FabricLoader/Mixin) Mixing SerializableChunkDataMixin from fabric-registry-sync-v0.mixins.json into net.minecraft.world.level.chunk.storage.SerializableChunkData
[19:40:09] [Worker-Main-15/DEBUG] (FabricLoader/Mixin) Mixing SerializableChunkDataMixin from fabric-data-attachment-api-v1.mixins.json into net.minecraft.world.level.chunk.storage.SerializableChunkData
[19:40:09] [Worker-Main-15/DEBUG] (FabricLoader/Mixin) Renaming @Unique field LOGGERLorg/slf4j/Logger; to fdb752e4$fabric-data-attachment-api-v1$LOGGER$0 in fabric-data-attachment-api-v1.mixins.json:SerializableChunkDataMixin from mod fabric-data-attachment-api-v1
[19:40:09] [Worker-Main-15/DEBUG] (FabricLoader/Mixin) fabric-data-attachment-api-v1.mixins.json:SerializableChunkDataMixin from mod fabric-data-attachment-api-v1->@Inject::storeAttachmentNbtData(Lnet/minecraft/world/level/LevelHeightAccessor;Lnet/minecraft/world/level/chunk/PalettedContainerFactory;Lnet/minecraft/nbt/CompoundTag;Lorg/spongepowered/asm/mixin/injection/callback/CallbackInfoReturnable;)V does use it's CallbackInfoReturnable
[19:40:09] [Worker-Main-15/DEBUG] (FabricLoader/Mixin) fabric-data-attachment-api-v1.mixins.json:SerializableChunkDataMixin from mod fabric-data-attachment-api-v1->@Inject::storeAttachmentNbtData(Lnet/minecraft/world/level/LevelHeightAccessor;Lnet/minecraft/world/level/chunk/PalettedContainerFactory;Lnet/minecraft/nbt/CompoundTag;Lorg/spongepowered/asm/mixin/injection/callback/CallbackInfoReturnable;)V does use it's CallbackInfoReturnable
[19:40:09] [Worker-Main-15/DEBUG] (FabricLoader/Mixin) fabric-data-attachment-api-v1.mixins.json:SerializableChunkDataMixin from mod fabric-data-attachment-api-v1->@Inject::setAttachmentDataInChunk(Lnet/minecraft/server/level/ServerLevel;Lnet/minecraft/world/entity/ai/village/poi/PoiManager;Lnet/minecraft/world/level/chunk/storage/RegionStorageInfo;Lnet/minecraft/world/level/ChunkPos;Lorg/spongepowered/asm/mixin/injection/callback/CallbackInfoReturnable;)V does use it's CallbackInfoReturnable
[19:40:09] [Worker-Main-15/DEBUG] (FabricLoader/Mixin) fabric-data-attachment-api-v1.mixins.json:SerializableChunkDataMixin from mod fabric-data-attachment-api-v1->@Inject::setAttachmentDataInChunk(Lnet/minecraft/server/level/ServerLevel;Lnet/minecraft/world/entity/ai/village/poi/PoiManager;Lnet/minecraft/world/level/chunk/storage/RegionStorageInfo;Lnet/minecraft/world/level/ChunkPos;Lorg/spongepowered/asm/mixin/injection/callback/CallbackInfoReturnable;)V does use it's CallbackInfoReturnable
[19:40:09] [Worker-Main-15/DEBUG] (FabricLoader/Mixin) fabric-data-attachment-api-v1.mixins.json:SerializableChunkDataMixin from mod fabric-data-attachment-api-v1->@Inject::storeAttachmentNbtData(Lnet/minecraft/server/level/ServerLevel;Lnet/minecraft/world/level/chunk/ChunkAccess;Lorg/spongepowered/asm/mixin/injection/callback/CallbackInfoReturnable;)V does use it's CallbackInfoReturnable
[19:40:09] [Worker-Main-15/DEBUG] (FabricLoader/Mixin) fabric-data-attachment-api-v1.mixins.json:SerializableChunkDataMixin from mod fabric-data-attachment-api-v1->@Inject::writeChunkAttachments(Lorg/spongepowered/asm/mixin/injection/callback/CallbackInfoReturnable;)V does use it's CallbackInfoReturnable
[19:40:09] [Worker-Main-15/DEBUG] (FabricLoader/Mixin) Mixing ImposterProtoChunkMixin from fabric-data-attachment-api-v1.mixins.json into net.minecraft.world.level.chunk.ImposterProtoChunk
[19:40:09] [Worker-Main-15/DEBUG] (FabricLoader/Mixin) Mixing chunk.no_validation.ZeroBitStorageMixin from lithium.mixins.json into net.minecraft.util.ZeroBitStorage
[19:40:09] [Worker-Main-5/DEBUG] (FabricLoader/Mixin) Mixing ChunkSectionBlockStateCounterMixin from fabric-block-api-v1.mixins.json into net.minecraft.world.level.chunk.LevelChunkSection$1BlockCounter
[19:40:09] [Server thread/DEBUG] (FabricLoader/Mixin) Mixing TagValueInputMixin from fabric-serialization-api-v1.mixins.json into net.minecraft.world.level.storage.TagValueInput
[19:40:09] [Server thread/DEBUG] (FabricLoader/Mixin) Mixing world.block_entity_ticking.sleeping.WrappedBlockEntityTickInvokerAccessor from lithium.mixins.json into net.minecraft.world.level.chunk.LevelChunk$RebindableTickingBlockEntityWrapper
[19:40:09] [Server thread/DEBUG] (FabricLoader/Mixin) Mixing minimal_nonvanilla.world.block_entity_ticking.support_cache.DirectBlockEntityTickInvokerMixin from lithium.mixins.json into net.minecraft.world.level.chunk.LevelChunk$BoundTickingBlockEntity
[19:40:09] [Server thread/DEBUG] (FabricLoader/Mixin) Mixing world.block_entity_ticking.world_border.DirectBlockEntityTickInvokerMixin from lithium.mixins.json into net.minecraft.world.level.chunk.LevelChunk$BoundTickingBlockEntity
[19:40:09] [Server thread/DEBUG] (FabricLoader/Mixin) Mixing alloc.entity_iteration.ClassInstanceMultiMapAccessor from lithium.mixins.json into net.minecraft.util.ClassInstanceMultiMap
[19:40:09] [Server thread/DEBUG] (FabricLoader/Mixin) Mixing chunk.entity_class_groups.ClassInstanceMultiMapMixin from lithium.mixins.json into net.minecraft.util.ClassInstanceMultiMap
[19:40:09] [Server thread/DEBUG] (FabricLoader/Mixin) Mixing collections.entity_by_type.ClassInstanceMultiMapMixin from lithium.mixins.json into net.minecraft.util.ClassInstanceMultiMap
[19:40:09] [Server thread/DEBUG] (FabricLoader/Mixin) Mixing collections.entity_filtering.ClassInstanceMultiMapMixin from lithium.mixins.json into net.minecraft.util.ClassInstanceMultiMap
[19:40:09] [Server thread/DEBUG] (FabricLoader/Mixin) Mixing util.entity_collection_replacement.ClassInstanceMultiMapMixin from lithium.mixins.json into net.minecraft.util.ClassInstanceMultiMap
[19:40:09] [Server thread/DEBUG] (FabricLoader/Mixin) Mixing block.hopper.ClassInstanceMultiMapMixin from lithium.mixins.json into net.minecraft.util.ClassInstanceMultiMap
[19:40:09] [Server thread/DEBUG] (FabricLoader/Mixin) lithium.mixins.json:collections.entity_by_type.ClassInstanceMultiMapMixin from mod lithium->@Inject::init(Ljava/lang/Class;Lorg/spongepowered/asm/mixin/injection/callback/CallbackInfo;)V doesn't use it's CallbackInfo
[19:40:09] [Server thread/DEBUG] (FabricLoader/Mixin) lithium.mixins.json:collections.entity_by_type.ClassInstanceMultiMapMixin from mod lithium->@Inject::init(Ljava/lang/Class;Lorg/spongepowered/asm/mixin/injection/callback/CallbackInfo;)V has 0 override(s) in child classes
[19:40:09] [Server thread/DEBUG] (FabricLoader/Mixin) lithium.mixins.json:collections.entity_by_type.ClassInstanceMultiMapMixin from mod lithium->@Inject::init(Ljava/lang/Class;Lorg/spongepowered/asm/mixin/injection/callback/CallbackInfo;)V won't be passed a CallbackInfo as a result
[19:40:09] [Server thread/DEBUG] (FabricLoader/Mixin) Mixing alloc.entity_iteration.EntitySectionMixin from lithium.mixins.json into net.minecraft.world.level.entity.EntitySection
[19:40:09] [Server thread/DEBUG] (FabricLoader/Mixin) Mixing block.hopper.EntitySectionAccessor from lithium.mixins.json into net.minecraft.world.level.entity.EntitySection
[19:40:09] [Server thread/DEBUG] (FabricLoader/Mixin) Mixing entity.collisions.unpushable_cramming.EntitySectionMixin from lithium.mixins.json into net.minecraft.world.level.entity.EntitySection
[19:40:09] [Server thread/DEBUG] (FabricLoader/Mixin) Mixing minimal_nonvanilla.spawning.EntitySectionAccessor from lithium.mixins.json into net.minecraft.world.level.entity.EntitySection
[19:40:09] [Server thread/DEBUG] (FabricLoader/Mixin) Mixing util.accessors.EntitySectionAccessor from lithium.mixins.json into net.minecraft.world.level.entity.EntitySection
[19:40:09] [Server thread/DEBUG] (FabricLoader/Mixin) Mixing util.entity_movement_tracking.EntitySectionMixin from lithium.mixins.json into net.minecraft.world.level.entity.EntitySection
[19:40:09] [Server thread/DEBUG] (FabricLoader/Mixin) Mixing util.entity_section_position.EntitySectionMixin from lithium.mixins.json into net.minecraft.world.level.entity.EntitySection
[19:40:09] [Server thread/DEBUG] (FabricLoader/Mixin) lithium.mixins.json:entity.collisions.unpushable_cramming.EntitySectionMixin from mod lithium->@Inject::onEntityAdded(Lnet/minecraft/world/level/entity/EntityAccess;Lorg/spongepowered/asm/mixin/injection/callback/CallbackInfo;)V doesn't use it's CallbackInfo
[19:40:09] [Server thread/DEBUG] (FabricLoader/Mixin) lithium.mixins.json:entity.collisions.unpushable_cramming.EntitySectionMixin from mod lithium->@Inject::onEntityAdded(Lnet/minecraft/world/level/entity/EntityAccess;Lorg/spongepowered/asm/mixin/injection/callback/CallbackInfo;)V has 0 override(s) in child classes
[19:40:09] [Server thread/DEBUG] (FabricLoader/Mixin) lithium.mixins.json:entity.collisions.unpushable_cramming.EntitySectionMixin from mod lithium->@Inject::onEntityAdded(Lnet/minecraft/world/level/entity/EntityAccess;Lorg/spongepowered/asm/mixin/injection/callback/CallbackInfo;)V won't be passed a CallbackInfo as a result
[19:40:09] [Server thread/DEBUG] (FabricLoader/Mixin) lithium.mixins.json:entity.collisions.unpushable_cramming.EntitySectionMixin from mod lithium->@Inject::onEntityRemoved(Lnet/minecraft/world/level/entity/EntityAccess;Lorg/spongepowered/asm/mixin/injection/callback/CallbackInfoReturnable;)V doesn't use it's CallbackInfoReturnable
[19:40:09] [Server thread/DEBUG] (FabricLoader/Mixin) lithium.mixins.json:entity.collisions.unpushable_cramming.EntitySectionMixin from mod lithium->@Inject::onEntityRemoved(Lnet/minecraft/world/level/entity/EntityAccess;Lorg/spongepowered/asm/mixin/injection/callback/CallbackInfoReturnable;)V has 0 override(s) in child classes
[19:40:09] [Server thread/DEBUG] (FabricLoader/Mixin) lithium.mixins.json:entity.collisions.unpushable_cramming.EntitySectionMixin from mod lithium->@Inject::onEntityRemoved(Lnet/minecraft/world/level/entity/EntityAccess;Lorg/spongepowered/asm/mixin/injection/callback/CallbackInfoReturnable;)V won't be passed a CallbackInfoReturnable as a result
[19:40:09] [Server thread/DEBUG] (FabricLoader/Mixin) Unexpected: Registered method getCollection()Lnet/minecraft/util/ClassInstanceMultiMap; in net.minecraft.world.level.entity.EntitySection was not merged
[19:40:09] [Server thread/DEBUG] (FabricLoader/Mixin) Unexpected: Registered method getCollection()Lnet/minecraft/util/ClassInstanceMultiMap; in net.minecraft.world.level.entity.EntitySection was not merged
[19:40:11] [Server thread/DEBUG] (FabricLoader/Mixin) Mixing util.entity_movement_tracking.ServerEntityManagerListenerMixin from lithium.mixins.json into net.minecraft.world.level.entity.PersistentEntitySectionManager$Callback
[19:40:11] [Server thread/DEBUG] (FabricLoader/Mixin) lithium.mixins.json:util.entity_movement_tracking.ServerEntityManagerListenerMixin from mod lithium->@Inject::init(Lnet/minecraft/world/level/entity/PersistentEntitySectionManager;Lnet/minecraft/world/level/entity/EntityAccess;JLnet/minecraft/world/level/entity/EntitySection;Lorg/spongepowered/asm/mixin/injection/callback/CallbackInfo;)V doesn't use it's CallbackInfo
[19:40:11] [Server thread/DEBUG] (FabricLoader/Mixin) lithium.mixins.json:util.entity_movement_tracking.ServerEntityManagerListenerMixin from mod lithium->@Inject::init(Lnet/minecraft/world/level/entity/PersistentEntitySectionManager;Lnet/minecraft/world/level/entity/EntityAccess;JLnet/minecraft/world/level/entity/EntitySection;Lorg/spongepowered/asm/mixin/injection/callback/CallbackInfo;)V has 0 override(s) in child classes
[19:40:11] [Server thread/DEBUG] (FabricLoader/Mixin) lithium.mixins.json:util.entity_movement_tracking.ServerEntityManagerListenerMixin from mod lithium->@Inject::init(Lnet/minecraft/world/level/entity/PersistentEntitySectionManager;Lnet/minecraft/world/level/entity/EntityAccess;JLnet/minecraft/world/level/entity/EntitySection;Lorg/spongepowered/asm/mixin/injection/callback/CallbackInfo;)V won't be passed a CallbackInfo as a result
[19:40:11] [Server thread/DEBUG] (FabricLoader/Mixin) lithium.mixins.json:util.entity_movement_tracking.ServerEntityManagerListenerMixin from mod lithium->@Inject::updateEntityTrackerEngine(Lorg/spongepowered/asm/mixin/injection/callback/CallbackInfo;)V doesn't use it's CallbackInfo
[19:40:11] [Server thread/DEBUG] (FabricLoader/Mixin) lithium.mixins.json:util.entity_movement_tracking.ServerEntityManagerListenerMixin from mod lithium->@Inject::updateEntityTrackerEngine(Lorg/spongepowered/asm/mixin/injection/callback/CallbackInfo;)V has 0 override(s) in child classes
[19:40:11] [Server thread/DEBUG] (FabricLoader/Mixin) lithium.mixins.json:util.entity_movement_tracking.ServerEntityManagerListenerMixin from mod lithium->@Inject::updateEntityTrackerEngine(Lorg/spongepowered/asm/mixin/injection/callback/CallbackInfo;)V won't be passed a CallbackInfo as a result
[19:40:11] [Server thread/DEBUG] (FabricLoader/Mixin) lithium.mixins.json:util.entity_movement_tracking.ServerEntityManagerListenerMixin from mod lithium->@Inject::onAddEntity(Lorg/spongepowered/asm/mixin/injection/callback/CallbackInfo;)V doesn't use it's CallbackInfo
[19:40:11] [Server thread/DEBUG] (FabricLoader/Mixin) lithium.mixins.json:util.entity_movement_tracking.ServerEntityManagerListenerMixin from mod lithium->@Inject::onAddEntity(Lorg/spongepowered/asm/mixin/injection/callback/CallbackInfo;)V has 0 override(s) in child classes
[19:40:11] [Server thread/DEBUG] (FabricLoader/Mixin) lithium.mixins.json:util.entity_movement_tracking.ServerEntityManagerListenerMixin from mod lithium->@Inject::onAddEntity(Lorg/spongepowered/asm/mixin/injection/callback/CallbackInfo;)V won't be passed a CallbackInfo as a result
[19:40:11] [Server thread/DEBUG] (FabricLoader/Mixin) lithium.mixins.json:util.entity_movement_tracking.ServerEntityManagerListenerMixin from mod lithium->@Inject::onRemoveEntity(Lnet/minecraft/world/entity/Entity$RemovalReason;Lorg/spongepowered/asm/mixin/injection/callback/CallbackInfo;)V doesn't use it's CallbackInfo
[19:40:11] [Server thread/DEBUG] (FabricLoader/Mixin) lithium.mixins.json:util.entity_movement_tracking.ServerEntityManagerListenerMixin from mod lithium->@Inject::onRemoveEntity(Lnet/minecraft/world/entity/Entity$RemovalReason;Lorg/spongepowered/asm/mixin/injection/callback/CallbackInfo;)V has 0 override(s) in child classes
[19:40:11] [Server thread/DEBUG] (FabricLoader/Mixin) lithium.mixins.json:util.entity_movement_tracking.ServerEntityManagerListenerMixin from mod lithium->@Inject::onRemoveEntity(Lnet/minecraft/world/entity/Entity$RemovalReason;Lorg/spongepowered/asm/mixin/injection/callback/CallbackInfo;)V won't be passed a CallbackInfo as a result
[19:40:11] [Server thread/DEBUG] (FabricLoader/Mixin) Mixing alloc.entity_tracker.ChunkMap$TrackedEntityMixin from lithium.mixins.json into net.minecraft.server.level.ChunkMap$TrackedEntity
[19:40:11] [Server thread/DEBUG] (FabricLoader/Mixin) Mixing accessor.EntityTrackerAccessor from fabric-networking-api-v1.mixins.json into net.minecraft.server.level.ChunkMap$TrackedEntity
[19:40:11] [Server thread/DEBUG] (FabricLoader/Mixin) Mixing ServerEntityMixin from fabric-networking-api-v1.mixins.json into net.minecraft.server.level.ServerEntity
[19:40:11] [Server thread/DEBUG] (FabricLoader/Mixin) fabric-networking-api-v1.mixins.json:ServerEntityMixin from mod fabric-networking-api-v1->@Inject::onStartTracking(Lnet/minecraft/server/level/ServerPlayer;Lorg/spongepowered/asm/mixin/injection/callback/CallbackInfo;)V doesn't use it's CallbackInfo
[19:40:11] [Server thread/DEBUG] (FabricLoader/Mixin) fabric-networking-api-v1.mixins.json:ServerEntityMixin from mod fabric-networking-api-v1->@Inject::onStartTracking(Lnet/minecraft/server/level/ServerPlayer;Lorg/spongepowered/asm/mixin/injection/callback/CallbackInfo;)V has 0 override(s) in child classes
[19:40:11] [Server thread/DEBUG] (FabricLoader/Mixin) fabric-networking-api-v1.mixins.json:ServerEntityMixin from mod fabric-networking-api-v1->@Inject::onStartTracking(Lnet/minecraft/server/level/ServerPlayer;Lorg/spongepowered/asm/mixin/injection/callback/CallbackInfo;)V won't be passed a CallbackInfo as a result
[19:40:11] [Server thread/DEBUG] (FabricLoader/Mixin) fabric-networking-api-v1.mixins.json:ServerEntityMixin from mod fabric-networking-api-v1->@Inject::onStopTracking(Lnet/minecraft/server/level/ServerPlayer;Lorg/spongepowered/asm/mixin/injection/callback/CallbackInfo;)V doesn't use it's CallbackInfo
[19:40:11] [Server thread/DEBUG] (FabricLoader/Mixin) fabric-networking-api-v1.mixins.json:ServerEntityMixin from mod fabric-networking-api-v1->@Inject::onStopTracking(Lnet/minecraft/server/level/ServerPlayer;Lorg/spongepowered/asm/mixin/injection/callback/CallbackInfo;)V has 0 override(s) in child classes
[19:40:11] [Server thread/DEBUG] (FabricLoader/Mixin) fabric-networking-api-v1.mixins.json:ServerEntityMixin from mod fabric-networking-api-v1->@Inject::onStopTracking(Lnet/minecraft/server/level/ServerPlayer;Lorg/spongepowered/asm/mixin/injection/callback/CallbackInfo;)V won't be passed a CallbackInfo as a result
[19:40:11] [Server thread/DEBUG] (FabricLoader/Mixin) Mixing FoodDataMixin from djs-fixed-progression.mixins.json into net.minecraft.world.food.FoodData
[19:40:11] [Server thread/DEBUG] (FabricLoader/Mixin) djs-fixed-progression.mixins.json:FoodDataMixin from mod djs-fixed-progression->@Inject::pauseHealing(Lnet/minecraft/server/level/ServerPlayer;Lorg/spongepowered/asm/mixin/injection/callback/CallbackInfo;)V doesn't use it's CallbackInfo
[19:40:11] [Server thread/DEBUG] (FabricLoader/Mixin) djs-fixed-progression.mixins.json:FoodDataMixin from mod djs-fixed-progression->@Inject::pauseHealing(Lnet/minecraft/server/level/ServerPlayer;Lorg/spongepowered/asm/mixin/injection/callback/CallbackInfo;)V has 0 override(s) in child classes
[19:40:11] [Server thread/DEBUG] (FabricLoader/Mixin) djs-fixed-progression.mixins.json:FoodDataMixin from mod djs-fixed-progression->@Inject::pauseHealing(Lnet/minecraft/server/level/ServerPlayer;Lorg/spongepowered/asm/mixin/injection/callback/CallbackInfo;)V won't be passed a CallbackInfo as a result
[19:40:11] [Server thread/DEBUG] (FabricLoader/Mixin) djs-fixed-progression.mixins.json:FoodDataMixin from mod djs-fixed-progression->@Inject::syncSaturationSmoothly(Lnet/minecraft/server/level/ServerPlayer;Lorg/spongepowered/asm/mixin/injection/callback/CallbackInfo;)V doesn't use it's CallbackInfo
[19:40:11] [Server thread/DEBUG] (FabricLoader/Mixin) djs-fixed-progression.mixins.json:FoodDataMixin from mod djs-fixed-progression->@Inject::syncSaturationSmoothly(Lnet/minecraft/server/level/ServerPlayer;Lorg/spongepowered/asm/mixin/injection/callback/CallbackInfo;)V has 0 override(s) in child classes
[19:40:11] [Server thread/DEBUG] (FabricLoader/Mixin) djs-fixed-progression.mixins.json:FoodDataMixin from mod djs-fixed-progression->@Inject::syncSaturationSmoothly(Lnet/minecraft/server/level/ServerPlayer;Lorg/spongepowered/asm/mixin/injection/callback/CallbackInfo;)V won't be passed a CallbackInfo as a result
[19:40:11] [Server thread/DEBUG] (FabricLoader/Mixin) Mixing PlayerAdvancementsMixin from fabric-events-interaction-v0.mixins.json into net.minecraft.server.PlayerAdvancements
[19:40:11] [Server thread/DEBUG] (FabricLoader/Mixin) fabric-events-interaction-v0.mixins.json:PlayerAdvancementsMixin from mod fabric-events-interaction-v0->@Inject::preventOwnerOverride(Lnet/minecraft/server/level/ServerPlayer;Lorg/spongepowered/asm/mixin/injection/callback/CallbackInfo;)V does use it's CallbackInfo
[19:40:11] [Server thread/DEBUG] (FabricLoader/Mixin) fabric-events-interaction-v0.mixins.json:PlayerAdvancementsMixin from mod fabric-events-interaction-v0->@Inject::preventGrantCriterion(Lnet/minecraft/advancements/AdvancementHolder;Ljava/lang/String;Lorg/spongepowered/asm/mixin/injection/callback/CallbackInfoReturnable;)V does use it's CallbackInfoReturnable
[19:40:11] [Server thread/INFO] (net.minecraft.server.players.PlayerList) Player995[/127.0.0.1:61836] logged in with entity id 186 at (-25.5, 78.0, -7.5)
[19:40:11] [Server thread/DEBUG] (FabricLoader/Mixin) Mixing PlayerChunkSenderMixin from fabric-data-attachment-api-v1.mixins.json into net.minecraft.server.network.PlayerChunkSender
[19:40:11] [Server thread/INFO] (net.minecraft.server.MinecraftServer) Player995 joined the game
[19:40:11] [Server thread/DEBUG] (FabricLoader/Mixin) Mixing TagValueOutputMixin from fabric-serialization-api-v1.mixins.json into net.minecraft.world.level.storage.TagValueOutput
[19:40:12] [Server thread/DEBUG] (FabricLoader/Mixin) Mixing EnchantmentHelperMixin from fabric-item-api-v1.mixins.json into net.minecraft.world.item.enchantment.EnchantmentHelper
[19:40:12] [Server thread/DEBUG] (FabricLoader/Mixin) Mixing CompoundContainerAccessor from fabric-transfer-api-v1.mixins.json into net.minecraft.world.CompoundContainer
[19:40:12] [Server thread/DEBUG] (FabricLoader/Mixin) Mixing block.hopper.CompoundContainerAccessor from lithium.mixins.json into net.minecraft.world.CompoundContainer
[19:40:13] [Netty NIO IO #1/DEBUG] (ServerPlayNetworkAddon for literal{Player995}[style={clickEvent=SuggestCommand[command=/tell Player995 ],hoverEvent=ShowEntity[entity=net.minecraft.network.chat.HoverEvent$EntityTooltipInfo@1b252f4e],insertion=Player995}]) Handling inbound packet from channel with name "jade:client_handshake"
[19:40:13] [Netty NIO IO #1/DEBUG] (ServerPlayNetworkAddon for literal{Player995}[style={clickEvent=SuggestCommand[command=/tell Player995 ],hoverEvent=ShowEntity[entity=net.minecraft.network.chat.HoverEvent$EntityTooltipInfo@1b252f4e],insertion=Player995}]) Handling inbound packet from channel with name "minecraft:register"
[19:40:13] [Server thread/DEBUG] (ServerPlayNetworkAddon for literal{Player995}[style={clickEvent=SuggestCommand[command=/tell Player995 ],hoverEvent=ShowEntity[entity=net.minecraft.network.chat.HoverEvent$EntityTooltipInfo@1b252f4e],insertion=Player995}]) Handling inbound packet from channel with name "jade:client_handshake"
[19:40:13] [Server thread/DEBUG] (FabricLoader/Mixin) Mixing ai.pathing.PathNavigationRegionMixin from lithium.mixins.json into net.minecraft.world.level.PathNavigationRegion
[19:40:13] [Server thread/DEBUG] (FabricLoader/Mixin) Mixing util.chunk_access.PathNavigationRegionMixin from lithium.mixins.json into net.minecraft.world.level.PathNavigationRegion
[19:40:13] [Server thread/DEBUG] (FabricLoader/Mixin) lithium.mixins.json:ai.pathing.PathNavigationRegionMixin from mod lithium->@Inject::init(Lnet/minecraft/world/level/Level;Lnet/minecraft/core/BlockPos;Lnet/minecraft/core/BlockPos;Lorg/spongepowered/asm/mixin/injection/callback/CallbackInfo;)V doesn't use it's CallbackInfo
[19:40:13] [Server thread/DEBUG] (FabricLoader/Mixin) lithium.mixins.json:ai.pathing.PathNavigationRegionMixin from mod lithium->@Inject::init(Lnet/minecraft/world/level/Level;Lnet/minecraft/core/BlockPos;Lnet/minecraft/core/BlockPos;Lorg/spongepowered/asm/mixin/injection/callback/CallbackInfo;)V has 0 override(s) in child classes
[19:40:13] [Server thread/DEBUG] (FabricLoader/Mixin) lithium.mixins.json:ai.pathing.PathNavigationRegionMixin from mod lithium->@Inject::init(Lnet/minecraft/world/level/Level;Lnet/minecraft/core/BlockPos;Lnet/minecraft/core/BlockPos;Lorg/spongepowered/asm/mixin/injection/callback/CallbackInfo;)V won't be passed a CallbackInfo as a result
[19:40:13] [Server thread/DEBUG] (FabricLoader/Mixin) lithium.mixins.json:ai.pathing.PathNavigationRegionMixin from mod lithium->@Inject::init(Lnet/minecraft/world/level/Level;Lnet/minecraft/core/BlockPos;Lnet/minecraft/core/BlockPos;Lorg/spongepowered/asm/mixin/injection/callback/CallbackInfo;)V doesn't use it's CallbackInfo
[19:40:13] [Server thread/DEBUG] (FabricLoader/Mixin) lithium.mixins.json:ai.pathing.PathNavigationRegionMixin from mod lithium->@Inject::init(Lnet/minecraft/world/level/Level;Lnet/minecraft/core/BlockPos;Lnet/minecraft/core/BlockPos;Lorg/spongepowered/asm/mixin/injection/callback/CallbackInfo;)V has 0 override(s) in child classes
[19:40:13] [Server thread/DEBUG] (FabricLoader/Mixin) lithium.mixins.json:ai.pathing.PathNavigationRegionMixin from mod lithium->@Inject::init(Lnet/minecraft/world/level/Level;Lnet/minecraft/core/BlockPos;Lnet/minecraft/core/BlockPos;Lorg/spongepowered/asm/mixin/injection/callback/CallbackInfo;)V won't be passed a CallbackInfo as a result
[19:40:14] [Netty NIO IO #1/DEBUG] (ServerPlayNetworkAddon for literal{Player995}[style={clickEvent=SuggestCommand[command=/tell Player995 ],hoverEvent=ShowEntity[entity=net.minecraft.network.chat.HoverEvent$EntityTooltipInfo@1b252f4e],insertion=Player995}]) Handling inbound packet from channel with name "ali:request_loot_data"
[19:40:14] [Server thread/DEBUG] (ServerPlayNetworkAddon for literal{Player995}[style={clickEvent=SuggestCommand[command=/tell Player995 ],hoverEvent=ShowEntity[entity=net.minecraft.network.chat.HoverEvent$EntityTooltipInfo@1b252f4e],insertion=Player995}]) Handling inbound packet from channel with name "ali:request_loot_data"
[19:40:14] [Server thread/INFO] (com.yanny.ali.network.AbstractServer) Started syncing loot info to Player995
[19:40:14] [Server thread/INFO] (com.yanny.ali.network.AbstractServer) Finished syncing loot info to Player995
[19:40:14] [Server thread/DEBUG] (FabricLoader/Mixin) Mixing alloc.enum_values.piston_handler.PistonStructureResolverMixin from lithium.mixins.json into net.minecraft.world.level.block.piston.PistonStructureResolver
[19:40:35] [Server thread/INFO] (net.minecraft.server.MinecraftServer) Made Player995 a server operator
[19:40:37] [Server thread/INFO] (net.minecraft.server.MinecraftServer) [Player995: Set own game mode to Creative Mode]
[19:40:44] [Netty NIO IO #2/DEBUG] (ServerConfigurationNetworkAddon for Player840) Handling inbound packet from channel with name "minecraft:register"
[19:40:44] [Netty NIO IO #2/DEBUG] (FabricRegistrySync) Skipping un-modded registry: minecraft:command_argument_type
[19:40:44] [Netty NIO IO #2/DEBUG] (FabricRegistrySync) Not syncing registry: minecraft:decorated_pot_pattern
[19:40:44] [Netty NIO IO #2/DEBUG] (FabricRegistrySync) Syncing registry: minecraft:item
[19:40:44] [Netty NIO IO #2/DEBUG] (FabricRegistrySync) Skipping un-modded registry: minecraft:block_entity_type
[19:40:44] [Netty NIO IO #2/DEBUG] (FabricRegistrySync) Skipping un-modded registry: minecraft:custom_stat
[19:40:44] [Netty NIO IO #2/DEBUG] (FabricRegistrySync) Not syncing registry: minecraft:outgoing_rpc_methods
[19:40:44] [Netty NIO IO #2/DEBUG] (FabricRegistrySync) Not syncing registry: minecraft:spawn_condition_type
[19:40:44] [Netty NIO IO #2/DEBUG] (FabricRegistrySync) Skipping un-modded registry: minecraft:consume_effect_type
[19:40:44] [Netty NIO IO #2/DEBUG] (FabricRegistrySync) Not syncing registry: minecraft:worldgen/foliage_placer_type
[19:40:44] [Netty NIO IO #2/DEBUG] (FabricRegistrySync) Skipping un-modded registry: minecraft:number_format_type
[19:40:44] [Netty NIO IO #2/DEBUG] (FabricRegistrySync) Skipping un-modded registry: minecraft:stat_type
[19:40:44] [Netty NIO IO #2/DEBUG] (FabricRegistrySync) Not syncing registry: minecraft:worldgen/material_rule
[19:40:44] [Netty NIO IO #2/DEBUG] (FabricRegistrySync) Not syncing registry: minecraft:worldgen/structure_type
[19:40:44] [Netty NIO IO #2/DEBUG] (FabricRegistrySync) Skipping un-modded registry: minecraft:attribute
[19:40:44] [Netty NIO IO #2/DEBUG] (FabricRegistrySync) Skipping un-modded registry: minecraft:position_source_type
[19:40:44] [Netty NIO IO #2/DEBUG] (FabricRegistrySync) Not syncing registry: minecraft:height_provider_type
[19:40:44] [Netty NIO IO #2/DEBUG] (FabricRegistrySync) Skipping un-modded registry: minecraft:recipe_display
[19:40:44] [Netty NIO IO #2/DEBUG] (FabricRegistrySync) Not syncing registry: minecraft:test_environment_definition_type
[19:40:44] [Netty NIO IO #2/DEBUG] (FabricRegistrySync) Not syncing registry: minecraft:permission_check_type
[19:40:44] [Netty NIO IO #2/DEBUG] (FabricRegistrySync) Skipping un-modded registry: minecraft:data_component_type
[19:40:44] [Netty NIO IO #2/DEBUG] (FabricRegistrySync) Not syncing registry: minecraft:attribute_type
[19:40:44] [Netty NIO IO #2/DEBUG] (FabricRegistrySync) Not syncing registry: minecraft:rule_block_entity_modifier
[19:40:44] [Netty NIO IO #2/DEBUG] (FabricRegistrySync) Not syncing registry: minecraft:worldgen/density_function_type
[19:40:44] [Netty NIO IO #2/DEBUG] (FabricRegistrySync) Not syncing registry: minecraft:dialog_action_type
[19:40:44] [Netty NIO IO #2/DEBUG] (FabricRegistrySync) Skipping un-modded registry: minecraft:fluid
[19:40:44] [Netty NIO IO #2/DEBUG] (FabricRegistrySync) Not syncing registry: minecraft:loot_condition_type
[19:40:44] [Netty NIO IO #2/DEBUG] (FabricRegistrySync) Not syncing registry: minecraft:worldgen/structure_pool_element
[19:40:44] [Netty NIO IO #2/DEBUG] (FabricRegistrySync) Not syncing registry: minecraft:activity
[19:40:44] [Netty NIO IO #2/DEBUG] (FabricRegistrySync) Not syncing registry: minecraft:block_type
[19:40:44] [Netty NIO IO #2/DEBUG] (FabricRegistrySync) Not syncing registry: minecraft:recipe_serializer
[19:40:44] [Netty NIO IO #2/DEBUG] (FabricRegistrySync) Not syncing registry: minecraft:enchantment_provider_type
[19:40:44] [Netty NIO IO #2/DEBUG] (FabricRegistrySync) Not syncing registry: minecraft:test_function
[19:40:44] [Netty NIO IO #2/DEBUG] (FabricRegistrySync) Not syncing registry: minecraft:worldgen/feature_size_type
[19:40:44] [Netty NIO IO #2/DEBUG] (FabricRegistrySync) Skipping un-modded registry: minecraft:point_of_interest_type
[19:40:44] [Netty NIO IO #2/DEBUG] (FabricRegistrySync) Syncing registry: minecraft:mob_effect
[19:40:44] [Netty NIO IO #2/DEBUG] (FabricRegistrySync) Not syncing registry: minecraft:loot_pool_entry_type
[19:40:44] [Netty NIO IO #2/DEBUG] (FabricRegistrySync) Not syncing registry: minecraft:worldgen/block_state_provider_type
[19:40:44] [Netty NIO IO #2/DEBUG] (FabricRegistrySync) Not syncing registry: minecraft:worldgen/chunk_generator
[19:40:44] [Netty NIO IO #2/DEBUG] (FabricRegistrySync) Not syncing registry: minecraft:float_provider_type
[19:40:44] [Netty NIO IO #2/DEBUG] (FabricRegistrySync) Not syncing registry: minecraft:permission_type
[19:40:44] [Netty NIO IO #2/DEBUG] (FabricRegistrySync) Not syncing registry: minecraft:chunk_status
[19:40:44] [Netty NIO IO #2/DEBUG] (FabricRegistrySync) Not syncing registry: minecraft:loot_function_type
[19:40:44] [Netty NIO IO #2/DEBUG] (FabricRegistrySync) Not syncing registry: minecraft:worldgen/structure_processor
[19:40:44] [Netty NIO IO #2/DEBUG] (FabricRegistrySync) Not syncing registry: minecraft:enchantment_effect_component_type
[19:40:44] [Netty NIO IO #2/DEBUG] (FabricRegistrySync) Not syncing registry: minecraft:loot_score_provider_type
[19:40:44] [Netty NIO IO #2/DEBUG] (FabricRegistrySync) Not syncing registry: minecraft:input_control_type
[19:40:44] [Netty NIO IO #2/DEBUG] (FabricRegistrySync) Not syncing registry: minecraft:worldgen/tree_decorator_type
[19:40:44] [Netty NIO IO #2/DEBUG] (FabricRegistrySync) Not syncing registry: minecraft:worldgen/material_condition
[19:40:44] [Netty NIO IO #2/DEBUG] (FabricRegistrySync) Not syncing registry: minecraft:worldgen/pool_alias_binding
[19:40:44] [Netty NIO IO #2/DEBUG] (FabricRegistrySync) Not syncing registry: minecraft:environment_attribute
[19:40:44] [Netty NIO IO #2/DEBUG] (FabricRegistrySync) Skipping un-modded registry: minecraft:entity_type
[19:40:44] [Netty NIO IO #2/DEBUG] (FabricRegistrySync) Skipping un-modded registry: minecraft:recipe_book_category
[19:40:44] [Netty NIO IO #2/DEBUG] (FabricRegistrySync) Skipping un-modded registry: minecraft:villager_profession
[19:40:44] [Netty NIO IO #2/DEBUG] (FabricRegistrySync) Not syncing registry: minecraft:slot_source_type
[19:40:44] [Netty NIO IO #2/DEBUG] (FabricRegistrySync) Syncing registry: minecraft:potion
[19:40:44] [Netty NIO IO #2/DEBUG] (FabricRegistrySync) Not syncing registry: minecraft:enchantment_entity_effect_type
[19:40:44] [Netty NIO IO #2/DEBUG] (FabricRegistrySync) Not syncing registry: minecraft:recipe_type
[19:40:44] [Netty NIO IO #2/DEBUG] (FabricRegistrySync) Not syncing registry: minecraft:int_provider_type
[19:40:44] [Netty NIO IO #2/DEBUG] (FabricRegistrySync) Not syncing registry: minecraft:worldgen/feature
[19:40:44] [Netty NIO IO #2/DEBUG] (FabricRegistrySync) Not syncing registry: minecraft:enchantment_level_based_value_type
[19:40:44] [Netty NIO IO #2/DEBUG] (FabricRegistrySync) Not syncing registry: minecraft:incoming_rpc_methods
[19:40:44] [Netty NIO IO #2/DEBUG] (FabricRegistrySync) Not syncing registry: minecraft:pos_rule_test
[19:40:44] [Netty NIO IO #2/DEBUG] (FabricRegistrySync) Not syncing registry: minecraft:worldgen/structure_placement
[19:40:44] [Netty NIO IO #2/DEBUG] (FabricRegistrySync) Not syncing registry: minecraft:enchantment_value_effect_type
[19:40:44] [Netty NIO IO #2/DEBUG] (FabricRegistrySync) Not syncing registry: minecraft:loot_nbt_provider_type
[19:40:44] [Netty NIO IO #2/DEBUG] (FabricRegistrySync) Skipping un-modded registry: minecraft:data_component_predicate_type
[19:40:44] [Netty NIO IO #2/DEBUG] (FabricRegistrySync) Syncing registry: minecraft:menu
[19:40:44] [Netty NIO IO #2/DEBUG] (FabricRegistrySync) Not syncing registry: minecraft:worldgen/trunk_placer_type
[19:40:44] [Netty NIO IO #2/DEBUG] (FabricRegistrySync) Not syncing registry: minecraft:creative_mode_tab
[19:40:44] [Netty NIO IO #2/DEBUG] (FabricRegistrySync) Not syncing registry: minecraft:entity_sub_predicate_type
[19:40:44] [Netty NIO IO #2/DEBUG] (FabricRegistrySync) Not syncing registry: minecraft:enchantment_location_based_effect_type
[19:40:44] [Netty NIO IO #2/DEBUG] (FabricRegistrySync) Not syncing registry: minecraft:worldgen/placement_modifier_type
[19:40:44] [Netty NIO IO #2/DEBUG] (FabricRegistrySync) Not syncing registry: minecraft:worldgen/carver
[19:40:44] [Netty NIO IO #2/DEBUG] (FabricRegistrySync) Not syncing registry: minecraft:loot_number_provider_type
[19:40:44] [Netty NIO IO #2/DEBUG] (FabricRegistrySync) Skipping un-modded registry: minecraft:slot_display
[19:40:44] [Netty NIO IO #2/DEBUG] (FabricRegistrySync) Skipping un-modded registry: minecraft:debug_subscription
[19:40:44] [Netty NIO IO #2/DEBUG] (FabricRegistrySync) Not syncing registry: minecraft:ticket_type
[19:40:44] [Netty NIO IO #2/DEBUG] (FabricRegistrySync) Not syncing registry: minecraft:game_rule
[19:40:44] [Netty NIO IO #2/DEBUG] (FabricRegistrySync) Not syncing registry: minecraft:test_instance_type
[19:40:44] [Netty NIO IO #2/DEBUG] (FabricRegistrySync) Not syncing registry: minecraft:worldgen/structure_piece
[19:40:44] [Netty NIO IO #2/DEBUG] (FabricRegistrySync) Skipping un-modded registry: minecraft:sound_event
[19:40:44] [Netty NIO IO #2/DEBUG] (FabricRegistrySync) Skipping un-modded registry: minecraft:particle_type
[19:40:44] [Netty NIO IO #2/DEBUG] (FabricRegistrySync) Skipping un-modded registry: minecraft:game_event
[19:40:44] [Netty NIO IO #2/DEBUG] (FabricRegistrySync) Not syncing registry: minecraft:worldgen/biome_source
[19:40:44] [Netty NIO IO #2/DEBUG] (FabricRegistrySync) Not syncing registry: minecraft:worldgen/root_placer_type
[19:40:44] [Netty NIO IO #2/DEBUG] (FabricRegistrySync) Skipping un-modded registry: minecraft:villager_type
[19:40:44] [Netty NIO IO #2/DEBUG] (FabricRegistrySync) Not syncing registry: minecraft:dialog_body_type
[19:40:44] [Netty NIO IO #2/DEBUG] (FabricRegistrySync) Not syncing registry: minecraft:block_predicate_type
[19:40:44] [Netty NIO IO #2/DEBUG] (FabricRegistrySync) Skipping un-modded registry: minecraft:block
[19:40:44] [Netty NIO IO #2/DEBUG] (FabricRegistrySync) Not syncing registry: minecraft:trigger_type
[19:40:44] [Netty NIO IO #2/DEBUG] (FabricRegistrySync) Not syncing registry: minecraft:sensor_type
[19:40:44] [Netty NIO IO #2/DEBUG] (FabricRegistrySync) Not syncing registry: minecraft:rule_test
[19:40:44] [Netty NIO IO #2/DEBUG] (FabricRegistrySync) Skipping un-modded registry: minecraft:map_decoration_type
[19:40:44] [Netty NIO IO #2/DEBUG] (FabricRegistrySync) Not syncing registry: minecraft:memory_module_type
[19:40:44] [Netty NIO IO #2/DEBUG] (FabricRegistrySync) Not syncing registry: minecraft:dialog_type
[19:40:44] [Netty NIO IO #2/DEBUG] (ServerConfigurationNetworkAddon for Player840) Handling inbound packet from channel with name "fabric:registry/sync/complete"
[19:40:44] [Netty NIO IO #2/DEBUG] (ServerConfigurationNetworkAddon for Player840) Handling inbound packet from channel with name "fabric:accepted_attachments_v1"
[19:40:44] [Netty NIO IO #2/DEBUG] (ServerConfigurationNetworkAddon for Player840) Handling inbound packet from channel with name "fabric:custom_ingredient_sync"
[19:40:44] [Netty NIO IO #2/DEBUG] (ServerConfigurationNetworkAddon for Player840) Handling inbound packet from channel with name "c:version"
[19:40:44] [Netty NIO IO #2/DEBUG] (ServerConfigurationNetworkAddon for Player840) Negotiated common packet version 1
[19:40:44] [Netty NIO IO #2/DEBUG] (ServerConfigurationNetworkAddon for Player840) Handling inbound packet from channel with name "c:register"
[19:40:44] [Netty NIO IO #2/DEBUG] (fabric-networking-api-v1) Received accepted channels from the client for play phase
[19:40:44] [Netty NIO IO #2/DEBUG] (ServerConfigurationNetworkAddon for Player840) Handling inbound packet from channel with name "fabric:recipe_sync/supported_serializers"
[19:40:44] [Server thread/DEBUG] (SynchronizeRegistriesTaskMixin) Synchronizing registries with common known packs: [vanilla:djs-fixed-progression:1.0.0, vanilla:ali:1.12.0, vanilla:dynamiclights:1.9.3+mod, vanilla:fabric-gametest-api-v1:3.1.27+4fc5413f3e, minecraft:core:1.21.11, vanilla:fabric-convention-tags-v2:2.17.3+8ef948ba3e]
[19:40:45] [Server thread/INFO] (net.minecraft.server.players.PlayerList) Player840[/127.0.0.1:61676] logged in with entity id 304 at (-21.5, 78.0, -2.5)
[19:40:45] [Server thread/INFO] (net.minecraft.server.MinecraftServer) Player840 joined the game
[19:40:46] [Netty NIO IO #2/DEBUG] (ServerPlayNetworkAddon for literal{Player840}[style={clickEvent=SuggestCommand[command=/tell Player840 ],hoverEvent=ShowEntity[entity=net.minecraft.network.chat.HoverEvent$EntityTooltipInfo@4d270255],insertion=Player840}]) Handling inbound packet from channel with name "jade:client_handshake"
[19:40:46] [Netty NIO IO #2/DEBUG] (ServerPlayNetworkAddon for literal{Player840}[style={clickEvent=SuggestCommand[command=/tell Player840 ],hoverEvent=ShowEntity[entity=net.minecraft.network.chat.HoverEvent$EntityTooltipInfo@4d270255],insertion=Player840}]) Handling inbound packet from channel with name "minecraft:register"
[19:40:46] [Server thread/DEBUG] (ServerPlayNetworkAddon for literal{Player840}[style={clickEvent=SuggestCommand[command=/tell Player840 ],hoverEvent=ShowEntity[entity=net.minecraft.network.chat.HoverEvent$EntityTooltipInfo@4d270255],insertion=Player840}]) Handling inbound packet from channel with name "jade:client_handshake"
[19:40:47] [Netty NIO IO #2/DEBUG] (ServerPlayNetworkAddon for literal{Player840}[style={clickEvent=SuggestCommand[command=/tell Player840 ],hoverEvent=ShowEntity[entity=net.minecraft.network.chat.HoverEvent$EntityTooltipInfo@4d270255],insertion=Player840}]) Handling inbound packet from channel with name "ali:request_loot_data"
[19:40:47] [Server thread/DEBUG] (ServerPlayNetworkAddon for literal{Player840}[style={clickEvent=SuggestCommand[command=/tell Player840 ],hoverEvent=ShowEntity[entity=net.minecraft.network.chat.HoverEvent$EntityTooltipInfo@4d270255],insertion=Player840}]) Handling inbound packet from channel with name "ali:request_loot_data"
[19:40:47] [Server thread/INFO] (com.yanny.ali.network.AbstractServer) Started syncing loot info to Player840
[19:40:47] [Server thread/INFO] (com.yanny.ali.network.AbstractServer) Finished syncing loot info to Player840
[19:40:48] [Netty NIO IO #1/DEBUG] (ServerPlayNetworkAddon for literal{Player995}[style={clickEvent=SuggestCommand[command=/tell Player995 ],hoverEvent=ShowEntity[entity=net.minecraft.network.chat.HoverEvent$EntityTooltipInfo@1b252f4e],insertion=Player995}]) Handling inbound packet from channel with name "jade:request_block"
[19:40:48] [Server thread/DEBUG] (ServerPlayNetworkAddon for literal{Player995}[style={clickEvent=SuggestCommand[command=/tell Player995 ],hoverEvent=ShowEntity[entity=net.minecraft.network.chat.HoverEvent$EntityTooltipInfo@1b252f4e],insertion=Player995}]) Handling inbound packet from channel with name "jade:request_block"
[19:40:48] [Netty NIO IO #3/DEBUG] (ServerConfigurationNetworkAddon for Player548) Handling inbound packet from channel with name "minecraft:register"
[19:40:48] [Netty NIO IO #3/DEBUG] (FabricRegistrySync) Skipping un-modded registry: minecraft:command_argument_type
[19:40:48] [Netty NIO IO #3/DEBUG] (FabricRegistrySync) Not syncing registry: minecraft:decorated_pot_pattern
[19:40:48] [Netty NIO IO #3/DEBUG] (FabricRegistrySync) Syncing registry: minecraft:item
[19:40:48] [Netty NIO IO #3/DEBUG] (FabricRegistrySync) Skipping un-modded registry: minecraft:block_entity_type
[19:40:48] [Netty NIO IO #3/DEBUG] (FabricRegistrySync) Skipping un-modded registry: minecraft:custom_stat
[19:40:48] [Netty NIO IO #3/DEBUG] (FabricRegistrySync) Not syncing registry: minecraft:outgoing_rpc_methods
[19:40:48] [Netty NIO IO #3/DEBUG] (FabricRegistrySync) Not syncing registry: minecraft:spawn_condition_type
[19:40:48] [Netty NIO IO #3/DEBUG] (FabricRegistrySync) Skipping un-modded registry: minecraft:consume_effect_type
[19:40:48] [Netty NIO IO #3/DEBUG] (FabricRegistrySync) Not syncing registry: minecraft:worldgen/foliage_placer_type
[19:40:48] [Netty NIO IO #3/DEBUG] (FabricRegistrySync) Skipping un-modded registry: minecraft:number_format_type
[19:40:48] [Netty NIO IO #3/DEBUG] (FabricRegistrySync) Skipping un-modded registry: minecraft:stat_type
[19:40:48] [Netty NIO IO #3/DEBUG] (FabricRegistrySync) Not syncing registry: minecraft:worldgen/material_rule
[19:40:48] [Netty NIO IO #3/DEBUG] (FabricRegistrySync) Not syncing registry: minecraft:worldgen/structure_type
[19:40:48] [Netty NIO IO #3/DEBUG] (FabricRegistrySync) Skipping un-modded registry: minecraft:attribute
[19:40:48] [Netty NIO IO #3/DEBUG] (FabricRegistrySync) Skipping un-modded registry: minecraft:position_source_type
[19:40:48] [Netty NIO IO #3/DEBUG] (FabricRegistrySync) Not syncing registry: minecraft:height_provider_type
[19:40:48] [Netty NIO IO #3/DEBUG] (FabricRegistrySync) Skipping un-modded registry: minecraft:recipe_display
[19:40:48] [Netty NIO IO #3/DEBUG] (FabricRegistrySync) Not syncing registry: minecraft:test_environment_definition_type
[19:40:48] [Netty NIO IO #3/DEBUG] (FabricRegistrySync) Not syncing registry: minecraft:permission_check_type
[19:40:48] [Netty NIO IO #3/DEBUG] (FabricRegistrySync) Skipping un-modded registry: minecraft:data_component_type
[19:40:48] [Netty NIO IO #3/DEBUG] (FabricRegistrySync) Not syncing registry: minecraft:attribute_type
[19:40:48] [Netty NIO IO #3/DEBUG] (FabricRegistrySync) Not syncing registry: minecraft:rule_block_entity_modifier
[19:40:48] [Netty NIO IO #3/DEBUG] (FabricRegistrySync) Not syncing registry: minecraft:worldgen/density_function_type
[19:40:48] [Netty NIO IO #3/DEBUG] (FabricRegistrySync) Not syncing registry: minecraft:dialog_action_type
[19:40:48] [Netty NIO IO #3/DEBUG] (FabricRegistrySync) Skipping un-modded registry: minecraft:fluid
[19:40:48] [Netty NIO IO #3/DEBUG] (FabricRegistrySync) Not syncing registry: minecraft:loot_condition_type
[19:40:48] [Netty NIO IO #3/DEBUG] (FabricRegistrySync) Not syncing registry: minecraft:worldgen/structure_pool_element
[19:40:48] [Netty NIO IO #3/DEBUG] (FabricRegistrySync) Not syncing registry: minecraft:activity
[19:40:48] [Netty NIO IO #3/DEBUG] (FabricRegistrySync) Not syncing registry: minecraft:block_type
[19:40:48] [Netty NIO IO #3/DEBUG] (FabricRegistrySync) Not syncing registry: minecraft:recipe_serializer
[19:40:48] [Netty NIO IO #3/DEBUG] (FabricRegistrySync) Not syncing registry: minecraft:enchantment_provider_type
[19:40:48] [Netty NIO IO #3/DEBUG] (FabricRegistrySync) Not syncing registry: minecraft:test_function
[19:40:48] [Netty NIO IO #3/DEBUG] (FabricRegistrySync) Not syncing registry: minecraft:worldgen/feature_size_type
[19:40:48] [Netty NIO IO #3/DEBUG] (FabricRegistrySync) Skipping un-modded registry: minecraft:point_of_interest_type
[19:40:48] [Netty NIO IO #3/DEBUG] (FabricRegistrySync) Syncing registry: minecraft:mob_effect
[19:40:48] [Netty NIO IO #3/DEBUG] (FabricRegistrySync) Not syncing registry: minecraft:loot_pool_entry_type
[19:40:48] [Netty NIO IO #3/DEBUG] (FabricRegistrySync) Not syncing registry: minecraft:worldgen/block_state_provider_type
[19:40:48] [Netty NIO IO #3/DEBUG] (FabricRegistrySync) Not syncing registry: minecraft:worldgen/chunk_generator
[19:40:48] [Netty NIO IO #3/DEBUG] (FabricRegistrySync) Not syncing registry: minecraft:float_provider_type
[19:40:48] [Netty NIO IO #3/DEBUG] (FabricRegistrySync) Not syncing registry: minecraft:permission_type
[19:40:48] [Netty NIO IO #3/DEBUG] (FabricRegistrySync) Not syncing registry: minecraft:chunk_status
[19:40:48] [Netty NIO IO #3/DEBUG] (FabricRegistrySync) Not syncing registry: minecraft:loot_function_type
[19:40:48] [Netty NIO IO #3/DEBUG] (FabricRegistrySync) Not syncing registry: minecraft:worldgen/structure_processor
[19:40:48] [Netty NIO IO #3/DEBUG] (FabricRegistrySync) Not syncing registry: minecraft:enchantment_effect_component_type
[19:40:48] [Netty NIO IO #3/DEBUG] (FabricRegistrySync) Not syncing registry: minecraft:loot_score_provider_type
[19:40:48] [Netty NIO IO #3/DEBUG] (FabricRegistrySync) Not syncing registry: minecraft:input_control_type
[19:40:48] [Netty NIO IO #3/DEBUG] (FabricRegistrySync) Not syncing registry: minecraft:worldgen/tree_decorator_type
[19:40:48] [Netty NIO IO #3/DEBUG] (FabricRegistrySync) Not syncing registry: minecraft:worldgen/material_condition
[19:40:48] [Netty NIO IO #3/DEBUG] (FabricRegistrySync) Not syncing registry: minecraft:worldgen/pool_alias_binding
[19:40:48] [Netty NIO IO #3/DEBUG] (FabricRegistrySync) Not syncing registry: minecraft:environment_attribute
[19:40:48] [Netty NIO IO #3/DEBUG] (FabricRegistrySync) Skipping un-modded registry: minecraft:entity_type
[19:40:48] [Netty NIO IO #3/DEBUG] (FabricRegistrySync) Skipping un-modded registry: minecraft:recipe_book_category
[19:40:48] [Netty NIO IO #3/DEBUG] (FabricRegistrySync) Skipping un-modded registry: minecraft:villager_profession
[19:40:48] [Netty NIO IO #3/DEBUG] (FabricRegistrySync) Not syncing registry: minecraft:slot_source_type
[19:40:48] [Netty NIO IO #3/DEBUG] (FabricRegistrySync) Syncing registry: minecraft:potion
[19:40:48] [Netty NIO IO #3/DEBUG] (FabricRegistrySync) Not syncing registry: minecraft:enchantment_entity_effect_type
[19:40:48] [Netty NIO IO #3/DEBUG] (FabricRegistrySync) Not syncing registry: minecraft:recipe_type
[19:40:48] [Netty NIO IO #3/DEBUG] (FabricRegistrySync) Not syncing registry: minecraft:int_provider_type
[19:40:48] [Netty NIO IO #3/DEBUG] (FabricRegistrySync) Not syncing registry: minecraft:worldgen/feature
[19:40:48] [Netty NIO IO #3/DEBUG] (FabricRegistrySync) Not syncing registry: minecraft:enchantment_level_based_value_type
[19:40:48] [Netty NIO IO #3/DEBUG] (FabricRegistrySync) Not syncing registry: minecraft:incoming_rpc_methods
[19:40:48] [Netty NIO IO #3/DEBUG] (FabricRegistrySync) Not syncing registry: minecraft:pos_rule_test
[19:40:48] [Netty NIO IO #3/DEBUG] (FabricRegistrySync) Not syncing registry: minecraft:worldgen/structure_placement
[19:40:48] [Netty NIO IO #3/DEBUG] (FabricRegistrySync) Not syncing registry: minecraft:enchantment_value_effect_type
[19:40:48] [Netty NIO IO #3/DEBUG] (FabricRegistrySync) Not syncing registry: minecraft:loot_nbt_provider_type
[19:40:48] [Netty NIO IO #3/DEBUG] (FabricRegistrySync) Skipping un-modded registry: minecraft:data_component_predicate_type
[19:40:48] [Netty NIO IO #3/DEBUG] (FabricRegistrySync) Syncing registry: minecraft:menu
[19:40:48] [Netty NIO IO #3/DEBUG] (FabricRegistrySync) Not syncing registry: minecraft:worldgen/trunk_placer_type
[19:40:48] [Netty NIO IO #3/DEBUG] (FabricRegistrySync) Not syncing registry: minecraft:creative_mode_tab
[19:40:48] [Netty NIO IO #3/DEBUG] (FabricRegistrySync) Not syncing registry: minecraft:entity_sub_predicate_type
[19:40:48] [Netty NIO IO #3/DEBUG] (FabricRegistrySync) Not syncing registry: minecraft:enchantment_location_based_effect_type
[19:40:48] [Netty NIO IO #3/DEBUG] (FabricRegistrySync) Not syncing registry: minecraft:worldgen/placement_modifier_type
[19:40:48] [Netty NIO IO #3/DEBUG] (FabricRegistrySync) Not syncing registry: minecraft:worldgen/carver
[19:40:48] [Netty NIO IO #3/DEBUG] (FabricRegistrySync) Not syncing registry: minecraft:loot_number_provider_type
[19:40:48] [Netty NIO IO #3/DEBUG] (FabricRegistrySync) Skipping un-modded registry: minecraft:slot_display
[19:40:48] [Netty NIO IO #3/DEBUG] (FabricRegistrySync) Skipping un-modded registry: minecraft:debug_subscription
[19:40:48] [Netty NIO IO #3/DEBUG] (FabricRegistrySync) Not syncing registry: minecraft:ticket_type
[19:40:48] [Netty NIO IO #3/DEBUG] (FabricRegistrySync) Not syncing registry: minecraft:game_rule
[19:40:48] [Netty NIO IO #3/DEBUG] (FabricRegistrySync) Not syncing registry: minecraft:test_instance_type
[19:40:48] [Netty NIO IO #3/DEBUG] (FabricRegistrySync) Not syncing registry: minecraft:worldgen/structure_piece
[19:40:48] [Netty NIO IO #3/DEBUG] (FabricRegistrySync) Skipping un-modded registry: minecraft:sound_event
[19:40:48] [Netty NIO IO #3/DEBUG] (FabricRegistrySync) Skipping un-modded registry: minecraft:particle_type
[19:40:48] [Netty NIO IO #3/DEBUG] (FabricRegistrySync) Skipping un-modded registry: minecraft:game_event
[19:40:48] [Netty NIO IO #3/DEBUG] (FabricRegistrySync) Not syncing registry: minecraft:worldgen/biome_source
[19:40:48] [Netty NIO IO #3/DEBUG] (FabricRegistrySync) Not syncing registry: minecraft:worldgen/root_placer_type
[19:40:48] [Netty NIO IO #3/DEBUG] (FabricRegistrySync) Skipping un-modded registry: minecraft:villager_type
[19:40:48] [Netty NIO IO #3/DEBUG] (FabricRegistrySync) Not syncing registry: minecraft:dialog_body_type
[19:40:48] [Netty NIO IO #3/DEBUG] (FabricRegistrySync) Not syncing registry: minecraft:block_predicate_type
[19:40:48] [Netty NIO IO #3/DEBUG] (FabricRegistrySync) Skipping un-modded registry: minecraft:block
[19:40:48] [Netty NIO IO #3/DEBUG] (FabricRegistrySync) Not syncing registry: minecraft:trigger_type
[19:40:48] [Netty NIO IO #3/DEBUG] (FabricRegistrySync) Not syncing registry: minecraft:sensor_type
[19:40:48] [Netty NIO IO #3/DEBUG] (FabricRegistrySync) Not syncing registry: minecraft:rule_test
[19:40:48] [Netty NIO IO #3/DEBUG] (FabricRegistrySync) Skipping un-modded registry: minecraft:map_decoration_type
[19:40:48] [Netty NIO IO #3/DEBUG] (FabricRegistrySync) Not syncing registry: minecraft:memory_module_type
[19:40:48] [Netty NIO IO #3/DEBUG] (FabricRegistrySync) Not syncing registry: minecraft:dialog_type
[19:40:49] [Netty NIO IO #3/DEBUG] (ServerConfigurationNetworkAddon for Player548) Handling inbound packet from channel with name "fabric:registry/sync/complete"
[19:40:49] [Netty NIO IO #3/DEBUG] (ServerConfigurationNetworkAddon for Player548) Handling inbound packet from channel with name "fabric:accepted_attachments_v1"
[19:40:49] [Netty NIO IO #3/DEBUG] (ServerConfigurationNetworkAddon for Player548) Handling inbound packet from channel with name "fabric:custom_ingredient_sync"
[19:40:49] [Netty NIO IO #3/DEBUG] (ServerConfigurationNetworkAddon for Player548) Handling inbound packet from channel with name "c:version"
[19:40:49] [Netty NIO IO #3/DEBUG] (ServerConfigurationNetworkAddon for Player548) Negotiated common packet version 1
[19:40:49] [Netty NIO IO #3/DEBUG] (ServerConfigurationNetworkAddon for Player548) Handling inbound packet from channel with name "c:register"
[19:40:49] [Netty NIO IO #3/DEBUG] (fabric-networking-api-v1) Received accepted channels from the client for play phase
[19:40:49] [Netty NIO IO #1/DEBUG] (ServerPlayNetworkAddon for literal{Player995}[style={clickEvent=SuggestCommand[command=/tell Player995 ],hoverEvent=ShowEntity[entity=net.minecraft.network.chat.HoverEvent$EntityTooltipInfo@1b252f4e],insertion=Player995}]) Handling inbound packet from channel with name "jade:request_block"
[19:40:49] [Server thread/DEBUG] (ServerPlayNetworkAddon for literal{Player995}[style={clickEvent=SuggestCommand[command=/tell Player995 ],hoverEvent=ShowEntity[entity=net.minecraft.network.chat.HoverEvent$EntityTooltipInfo@1b252f4e],insertion=Player995}]) Handling inbound packet from channel with name "jade:request_block"
[19:40:49] [Netty NIO IO #3/DEBUG] (ServerConfigurationNetworkAddon for Player548) Handling inbound packet from channel with name "fabric:recipe_sync/supported_serializers"
[19:40:49] [Server thread/DEBUG] (SynchronizeRegistriesTaskMixin) Synchronizing registries with common known packs: [vanilla:djs-fixed-progression:1.0.0, vanilla:ali:1.12.0, vanilla:dynamiclights:1.9.3+mod, vanilla:fabric-gametest-api-v1:3.1.27+4fc5413f3e, minecraft:core:1.21.11, vanilla:fabric-convention-tags-v2:2.17.3+8ef948ba3e]
[19:40:49] [Netty NIO IO #1/DEBUG] (ServerPlayNetworkAddon for literal{Player995}[style={clickEvent=SuggestCommand[command=/tell Player995 ],hoverEvent=ShowEntity[entity=net.minecraft.network.chat.HoverEvent$EntityTooltipInfo@1b252f4e],insertion=Player995}]) Handling inbound packet from channel with name "jade:request_block"
[19:40:49] [Server thread/DEBUG] (ServerPlayNetworkAddon for literal{Player995}[style={clickEvent=SuggestCommand[command=/tell Player995 ],hoverEvent=ShowEntity[entity=net.minecraft.network.chat.HoverEvent$EntityTooltipInfo@1b252f4e],insertion=Player995}]) Handling inbound packet from channel with name "jade:request_block"
[19:40:49] [Netty NIO IO #1/DEBUG] (ServerPlayNetworkAddon for literal{Player995}[style={clickEvent=SuggestCommand[command=/tell Player995 ],hoverEvent=ShowEntity[entity=net.minecraft.network.chat.HoverEvent$EntityTooltipInfo@1b252f4e],insertion=Player995}]) Handling inbound packet from channel with name "jade:request_block"
[19:40:49] [Server thread/DEBUG] (ServerPlayNetworkAddon for literal{Player995}[style={clickEvent=SuggestCommand[command=/tell Player995 ],hoverEvent=ShowEntity[entity=net.minecraft.network.chat.HoverEvent$EntityTooltipInfo@1b252f4e],insertion=Player995}]) Handling inbound packet from channel with name "jade:request_block"
[19:40:49] [Netty NIO IO #1/DEBUG] (ServerPlayNetworkAddon for literal{Player995}[style={clickEvent=SuggestCommand[command=/tell Player995 ],hoverEvent=ShowEntity[entity=net.minecraft.network.chat.HoverEvent$EntityTooltipInfo@1b252f4e],insertion=Player995}]) Handling inbound packet from channel with name "jade:request_block"
[19:40:49] [Server thread/DEBUG] (ServerPlayNetworkAddon for literal{Player995}[style={clickEvent=SuggestCommand[command=/tell Player995 ],hoverEvent=ShowEntity[entity=net.minecraft.network.chat.HoverEvent$EntityTooltipInfo@1b252f4e],insertion=Player995}]) Handling inbound packet from channel with name "jade:request_block"
[19:40:50] [Netty NIO IO #1/DEBUG] (ServerPlayNetworkAddon for literal{Player995}[style={clickEvent=SuggestCommand[command=/tell Player995 ],hoverEvent=ShowEntity[entity=net.minecraft.network.chat.HoverEvent$EntityTooltipInfo@1b252f4e],insertion=Player995}]) Handling inbound packet from channel with name "jade:request_block"
[19:40:50] [Server thread/INFO] (net.minecraft.server.players.PlayerList) Player548[/127.0.0.1:61680] logged in with entity id 316 at (-26.5, 73.0, -0.5)
[19:40:50] [Server thread/INFO] (net.minecraft.server.MinecraftServer) Player548 joined the game
[19:40:50] [Server thread/DEBUG] (ServerPlayNetworkAddon for literal{Player995}[style={clickEvent=SuggestCommand[command=/tell Player995 ],hoverEvent=ShowEntity[entity=net.minecraft.network.chat.HoverEvent$EntityTooltipInfo@1b252f4e],insertion=Player995}]) Handling inbound packet from channel with name "jade:request_block"
[19:40:50] [Netty NIO IO #1/DEBUG] (ServerPlayNetworkAddon for literal{Player995}[style={clickEvent=SuggestCommand[command=/tell Player995 ],hoverEvent=ShowEntity[entity=net.minecraft.network.chat.HoverEvent$EntityTooltipInfo@1b252f4e],insertion=Player995}]) Handling inbound packet from channel with name "jade:request_block"
[19:40:50] [Server thread/DEBUG] (ServerPlayNetworkAddon for literal{Player995}[style={clickEvent=SuggestCommand[command=/tell Player995 ],hoverEvent=ShowEntity[entity=net.minecraft.network.chat.HoverEvent$EntityTooltipInfo@1b252f4e],insertion=Player995}]) Handling inbound packet from channel with name "jade:request_block"
[19:40:50] [Netty NIO IO #1/DEBUG] (ServerPlayNetworkAddon for literal{Player995}[style={clickEvent=SuggestCommand[command=/tell Player995 ],hoverEvent=ShowEntity[entity=net.minecraft.network.chat.HoverEvent$EntityTooltipInfo@1b252f4e],insertion=Player995}]) Handling inbound packet from channel with name "jade:request_block"
[19:40:50] [Server thread/DEBUG] (ServerPlayNetworkAddon for literal{Player995}[style={clickEvent=SuggestCommand[command=/tell Player995 ],hoverEvent=ShowEntity[entity=net.minecraft.network.chat.HoverEvent$EntityTooltipInfo@1b252f4e],insertion=Player995}]) Handling inbound packet from channel with name "jade:request_block"
[19:40:50] [Server thread/INFO] (net.minecraft.server.MinecraftServer) [Player995: Set own game mode to Survival Mode]
[19:40:50] [Netty NIO IO #1/DEBUG] (ServerPlayNetworkAddon for literal{Player995}[style={clickEvent=SuggestCommand[command=/tell Player995 ],hoverEvent=ShowEntity[entity=net.minecraft.network.chat.HoverEvent$EntityTooltipInfo@1b252f4e],insertion=Player995}]) Handling inbound packet from channel with name "jade:request_block"
[19:40:50] [Server thread/DEBUG] (ServerPlayNetworkAddon for literal{Player995}[style={clickEvent=SuggestCommand[command=/tell Player995 ],hoverEvent=ShowEntity[entity=net.minecraft.network.chat.HoverEvent$EntityTooltipInfo@1b252f4e],insertion=Player995}]) Handling inbound packet from channel with name "jade:request_block"
[19:40:51] [Netty NIO IO #3/DEBUG] (ServerPlayNetworkAddon for literal{Player548}[style={clickEvent=SuggestCommand[command=/tell Player548 ],hoverEvent=ShowEntity[entity=net.minecraft.network.chat.HoverEvent$EntityTooltipInfo@70cb61f5],insertion=Player548}]) Handling inbound packet from channel with name "jade:client_handshake"
[19:40:51] [Netty NIO IO #3/DEBUG] (ServerPlayNetworkAddon for literal{Player548}[style={clickEvent=SuggestCommand[command=/tell Player548 ],hoverEvent=ShowEntity[entity=net.minecraft.network.chat.HoverEvent$EntityTooltipInfo@70cb61f5],insertion=Player548}]) Handling inbound packet from channel with name "minecraft:register"
[19:40:51] [Server thread/DEBUG] (ServerPlayNetworkAddon for literal{Player548}[style={clickEvent=SuggestCommand[command=/tell Player548 ],hoverEvent=ShowEntity[entity=net.minecraft.network.chat.HoverEvent$EntityTooltipInfo@70cb61f5],insertion=Player548}]) Handling inbound packet from channel with name "jade:client_handshake"
[19:40:53] [Netty NIO IO #3/DEBUG] (ServerPlayNetworkAddon for literal{Player548}[style={clickEvent=SuggestCommand[command=/tell Player548 ],hoverEvent=ShowEntity[entity=net.minecraft.network.chat.HoverEvent$EntityTooltipInfo@70cb61f5],insertion=Player548}]) Handling inbound packet from channel with name "ali:request_loot_data"
[19:40:53] [Server thread/DEBUG] (ServerPlayNetworkAddon for literal{Player548}[style={clickEvent=SuggestCommand[command=/tell Player548 ],hoverEvent=ShowEntity[entity=net.minecraft.network.chat.HoverEvent$EntityTooltipInfo@70cb61f5],insertion=Player548}]) Handling inbound packet from channel with name "ali:request_loot_data"
[19:40:53] [Server thread/INFO] (com.yanny.ali.network.AbstractServer) Started syncing loot info to Player548
[19:40:53] [Server thread/INFO] (com.yanny.ali.network.AbstractServer) Finished syncing loot info to Player548
[19:40:53] [Server thread/INFO] (net.minecraft.server.MinecraftServer) [Player995: Set 20 experience levels on 3 players]
[19:40:53] [Netty NIO IO #1/DEBUG] (ServerPlayNetworkAddon for literal{Player995}[style={clickEvent=SuggestCommand[command=/tell Player995 ],hoverEvent=ShowEntity[entity=net.minecraft.network.chat.HoverEvent$EntityTooltipInfo@1b252f4e],insertion=Player995}]) Handling inbound packet from channel with name "jade:request_block"
[19:40:53] [Server thread/DEBUG] (ServerPlayNetworkAddon for literal{Player995}[style={clickEvent=SuggestCommand[command=/tell Player995 ],hoverEvent=ShowEntity[entity=net.minecraft.network.chat.HoverEvent$EntityTooltipInfo@1b252f4e],insertion=Player995}]) Handling inbound packet from channel with name "jade:request_block"
[19:40:54] [Netty NIO IO #1/DEBUG] (ServerPlayNetworkAddon for literal{Player995}[style={clickEvent=SuggestCommand[command=/tell Player995 ],hoverEvent=ShowEntity[entity=net.minecraft.network.chat.HoverEvent$EntityTooltipInfo@1b252f4e],insertion=Player995}]) Handling inbound packet from channel with name "jade:request_block"
[19:40:54] [Server thread/DEBUG] (ServerPlayNetworkAddon for literal{Player995}[style={clickEvent=SuggestCommand[command=/tell Player995 ],hoverEvent=ShowEntity[entity=net.minecraft.network.chat.HoverEvent$EntityTooltipInfo@1b252f4e],insertion=Player995}]) Handling inbound packet from channel with name "jade:request_block"
[19:40:54] [Netty NIO IO #1/DEBUG] (ServerPlayNetworkAddon for literal{Player995}[style={clickEvent=SuggestCommand[command=/tell Player995 ],hoverEvent=ShowEntity[entity=net.minecraft.network.chat.HoverEvent$EntityTooltipInfo@1b252f4e],insertion=Player995}]) Handling inbound packet from channel with name "jade:request_block"
[19:40:54] [Server thread/DEBUG] (ServerPlayNetworkAddon for literal{Player995}[style={clickEvent=SuggestCommand[command=/tell Player995 ],hoverEvent=ShowEntity[entity=net.minecraft.network.chat.HoverEvent$EntityTooltipInfo@1b252f4e],insertion=Player995}]) Handling inbound packet from channel with name "jade:request_block"
[19:40:54] [Netty NIO IO #1/DEBUG] (ServerPlayNetworkAddon for literal{Player995}[style={clickEvent=SuggestCommand[command=/tell Player995 ],hoverEvent=ShowEntity[entity=net.minecraft.network.chat.HoverEvent$EntityTooltipInfo@1b252f4e],insertion=Player995}]) Handling inbound packet from channel with name "jade:request_block"
[19:40:54] [Server thread/DEBUG] (ServerPlayNetworkAddon for literal{Player995}[style={clickEvent=SuggestCommand[command=/tell Player995 ],hoverEvent=ShowEntity[entity=net.minecraft.network.chat.HoverEvent$EntityTooltipInfo@1b252f4e],insertion=Player995}]) Handling inbound packet from channel with name "jade:request_block"
[19:40:58] [Netty NIO IO #1/DEBUG] (ServerPlayNetworkAddon for literal{Player995}[style={clickEvent=SuggestCommand[command=/tell Player995 ],hoverEvent=ShowEntity[entity=net.minecraft.network.chat.HoverEvent$EntityTooltipInfo@1b252f4e],insertion=Player995}]) Handling inbound packet from channel with name "jade:request_block"
[19:40:58] [Server thread/DEBUG] (ServerPlayNetworkAddon for literal{Player995}[style={clickEvent=SuggestCommand[command=/tell Player995 ],hoverEvent=ShowEntity[entity=net.minecraft.network.chat.HoverEvent$EntityTooltipInfo@1b252f4e],insertion=Player995}]) Handling inbound packet from channel with name "jade:request_block"
[19:40:59] [Netty NIO IO #1/DEBUG] (ServerPlayNetworkAddon for literal{Player995}[style={clickEvent=SuggestCommand[command=/tell Player995 ],hoverEvent=ShowEntity[entity=net.minecraft.network.chat.HoverEvent$EntityTooltipInfo@1b252f4e],insertion=Player995}]) Handling inbound packet from channel with name "jade:request_block"
[19:40:59] [Server thread/DEBUG] (ServerPlayNetworkAddon for literal{Player995}[style={clickEvent=SuggestCommand[command=/tell Player995 ],hoverEvent=ShowEntity[entity=net.minecraft.network.chat.HoverEvent$EntityTooltipInfo@1b252f4e],insertion=Player995}]) Handling inbound packet from channel with name "jade:request_block"
[19:40:59] [Netty NIO IO #1/DEBUG] (ServerPlayNetworkAddon for literal{Player995}[style={clickEvent=SuggestCommand[command=/tell Player995 ],hoverEvent=ShowEntity[entity=net.minecraft.network.chat.HoverEvent$EntityTooltipInfo@1b252f4e],insertion=Player995}]) Handling inbound packet from channel with name "jade:request_block"
[19:40:59] [Server thread/DEBUG] (ServerPlayNetworkAddon for literal{Player995}[style={clickEvent=SuggestCommand[command=/tell Player995 ],hoverEvent=ShowEntity[entity=net.minecraft.network.chat.HoverEvent$EntityTooltipInfo@1b252f4e],insertion=Player995}]) Handling inbound packet from channel with name "jade:request_block"
[19:41:01] [Server thread/INFO] (net.minecraft.server.MinecraftServer) [Player995: Made Player548 a server operator]
[19:41:01] [Netty NIO IO #1/DEBUG] (ServerPlayNetworkAddon for literal{Player995}[style={clickEvent=SuggestCommand[command=/tell Player995 ],hoverEvent=ShowEntity[entity=net.minecraft.network.chat.HoverEvent$EntityTooltipInfo@1b252f4e],insertion=Player995}]) Handling inbound packet from channel with name "jade:request_block"
[19:41:01] [Server thread/DEBUG] (ServerPlayNetworkAddon for literal{Player995}[style={clickEvent=SuggestCommand[command=/tell Player995 ],hoverEvent=ShowEntity[entity=net.minecraft.network.chat.HoverEvent$EntityTooltipInfo@1b252f4e],insertion=Player995}]) Handling inbound packet from channel with name "jade:request_block"
[19:41:03] [Server thread/INFO] (net.minecraft.server.MinecraftServer) [Player995: Made Player840 a server operator]
[19:41:03] [Netty NIO IO #1/DEBUG] (ServerPlayNetworkAddon for literal{Player995}[style={clickEvent=SuggestCommand[command=/tell Player995 ],hoverEvent=ShowEntity[entity=net.minecraft.network.chat.HoverEvent$EntityTooltipInfo@1b252f4e],insertion=Player995}]) Handling inbound packet from channel with name "jade:request_block"
[19:41:03] [Server thread/DEBUG] (ServerPlayNetworkAddon for literal{Player995}[style={clickEvent=SuggestCommand[command=/tell Player995 ],hoverEvent=ShowEntity[entity=net.minecraft.network.chat.HoverEvent$EntityTooltipInfo@1b252f4e],insertion=Player995}]) Handling inbound packet from channel with name "jade:request_block"
[19:41:03] [Netty NIO IO #1/DEBUG] (ServerPlayNetworkAddon for literal{Player995}[style={clickEvent=SuggestCommand[command=/tell Player995 ],hoverEvent=ShowEntity[entity=net.minecraft.network.chat.HoverEvent$EntityTooltipInfo@1b252f4e],insertion=Player995}]) Handling inbound packet from channel with name "jade:request_block"
[19:41:03] [Server thread/DEBUG] (ServerPlayNetworkAddon for literal{Player995}[style={clickEvent=SuggestCommand[command=/tell Player995 ],hoverEvent=ShowEntity[entity=net.minecraft.network.chat.HoverEvent$EntityTooltipInfo@1b252f4e],insertion=Player995}]) Handling inbound packet from channel with name "jade:request_block"
[19:41:04] [Netty NIO IO #1/DEBUG] (ServerPlayNetworkAddon for literal{Player995}[style={clickEvent=SuggestCommand[command=/tell Player995 ],hoverEvent=ShowEntity[entity=net.minecraft.network.chat.HoverEvent$EntityTooltipInfo@1b252f4e],insertion=Player995}]) Handling inbound packet from channel with name "jade:request_block"
[19:41:04] [Server thread/DEBUG] (ServerPlayNetworkAddon for literal{Player995}[style={clickEvent=SuggestCommand[command=/tell Player995 ],hoverEvent=ShowEntity[entity=net.minecraft.network.chat.HoverEvent$EntityTooltipInfo@1b252f4e],insertion=Player995}]) Handling inbound packet from channel with name "jade:request_block"
[19:41:05] [Server thread/INFO] (net.minecraft.server.MinecraftServer) [Player840: Set own game mode to Creative Mode]
[19:41:07] [Server thread/INFO] (net.minecraft.server.MinecraftServer) [Player840: Set own game mode to Survival Mode]
[19:41:11] [Server thread/INFO] (net.minecraft.server.MinecraftServer) [Player548: Set own game mode to Creative Mode]
[19:41:13] [Netty NIO IO #3/DEBUG] (ServerPlayNetworkAddon for literal{Player548}[style={clickEvent=SuggestCommand[command=/tell Player548 ],hoverEvent=ShowEntity[entity=net.minecraft.network.chat.HoverEvent$EntityTooltipInfo@70cb61f5],insertion=Player548}]) Handling inbound packet from channel with name "jade:request_block"
[19:41:13] [Server thread/DEBUG] (ServerPlayNetworkAddon for literal{Player548}[style={clickEvent=SuggestCommand[command=/tell Player548 ],hoverEvent=ShowEntity[entity=net.minecraft.network.chat.HoverEvent$EntityTooltipInfo@70cb61f5],insertion=Player548}]) Handling inbound packet from channel with name "jade:request_block"
[19:41:13] [Server thread/INFO] (net.minecraft.server.MinecraftServer) [Player548: Set own game mode to Survival Mode]
[19:41:13] [Netty NIO IO #3/DEBUG] (ServerPlayNetworkAddon for literal{Player548}[style={clickEvent=SuggestCommand[command=/tell Player548 ],hoverEvent=ShowEntity[entity=net.minecraft.network.chat.HoverEvent$EntityTooltipInfo@70cb61f5],insertion=Player548}]) Handling inbound packet from channel with name "jade:request_block"
[19:41:13] [Server thread/DEBUG] (ServerPlayNetworkAddon for literal{Player548}[style={clickEvent=SuggestCommand[command=/tell Player548 ],hoverEvent=ShowEntity[entity=net.minecraft.network.chat.HoverEvent$EntityTooltipInfo@70cb61f5],insertion=Player548}]) Handling inbound packet from channel with name "jade:request_block"
[19:41:14] [Netty NIO IO #3/DEBUG] (ServerPlayNetworkAddon for literal{Player548}[style={clickEvent=SuggestCommand[command=/tell Player548 ],hoverEvent=ShowEntity[entity=net.minecraft.network.chat.HoverEvent$EntityTooltipInfo@70cb61f5],insertion=Player548}]) Handling inbound packet from channel with name "jade:request_block"
[19:41:14] [Server thread/DEBUG] (ServerPlayNetworkAddon for literal{Player548}[style={clickEvent=SuggestCommand[command=/tell Player548 ],hoverEvent=ShowEntity[entity=net.minecraft.network.chat.HoverEvent$EntityTooltipInfo@70cb61f5],insertion=Player548}]) Handling inbound packet from channel with name "jade:request_block"
[19:41:15] [Netty NIO IO #3/DEBUG] (ServerPlayNetworkAddon for literal{Player548}[style={clickEvent=SuggestCommand[command=/tell Player548 ],hoverEvent=ShowEntity[entity=net.minecraft.network.chat.HoverEvent$EntityTooltipInfo@70cb61f5],insertion=Player548}]) Handling inbound packet from channel with name "jade:request_block"
[19:41:15] [Server thread/DEBUG] (ServerPlayNetworkAddon for literal{Player548}[style={clickEvent=SuggestCommand[command=/tell Player548 ],hoverEvent=ShowEntity[entity=net.minecraft.network.chat.HoverEvent$EntityTooltipInfo@70cb61f5],insertion=Player548}]) Handling inbound packet from channel with name "jade:request_block"
[19:41:18] [Netty NIO IO #1/DEBUG] (ServerPlayNetworkAddon for literal{Player995}[style={clickEvent=SuggestCommand[command=/tell Player995 ],hoverEvent=ShowEntity[entity=net.minecraft.network.chat.HoverEvent$EntityTooltipInfo@1b252f4e],insertion=Player995}]) Handling inbound packet from channel with name "jade:request_block"
[19:41:18] [Server thread/DEBUG] (ServerPlayNetworkAddon for literal{Player995}[style={clickEvent=SuggestCommand[command=/tell Player995 ],hoverEvent=ShowEntity[entity=net.minecraft.network.chat.HoverEvent$EntityTooltipInfo@1b252f4e],insertion=Player995}]) Handling inbound packet from channel with name "jade:request_block"
[19:41:18] [Netty NIO IO #1/DEBUG] (ServerPlayNetworkAddon for literal{Player995}[style={clickEvent=SuggestCommand[command=/tell Player995 ],hoverEvent=ShowEntity[entity=net.minecraft.network.chat.HoverEvent$EntityTooltipInfo@1b252f4e],insertion=Player995}]) Handling inbound packet from channel with name "jade:request_block"
[19:41:18] [Server thread/DEBUG] (ServerPlayNetworkAddon for literal{Player995}[style={clickEvent=SuggestCommand[command=/tell Player995 ],hoverEvent=ShowEntity[entity=net.minecraft.network.chat.HoverEvent$EntityTooltipInfo@1b252f4e],insertion=Player995}]) Handling inbound packet from channel with name "jade:request_block"
[19:41:18] [Netty NIO IO #1/DEBUG] (ServerPlayNetworkAddon for literal{Player995}[style={clickEvent=SuggestCommand[command=/tell Player995 ],hoverEvent=ShowEntity[entity=net.minecraft.network.chat.HoverEvent$EntityTooltipInfo@1b252f4e],insertion=Player995}]) Handling inbound packet from channel with name "jade:request_block"
[19:41:18] [Server thread/DEBUG] (ServerPlayNetworkAddon for literal{Player995}[style={clickEvent=SuggestCommand[command=/tell Player995 ],hoverEvent=ShowEntity[entity=net.minecraft.network.chat.HoverEvent$EntityTooltipInfo@1b252f4e],insertion=Player995}]) Handling inbound packet from channel with name "jade:request_block"
[19:41:19] [Netty NIO IO #1/DEBUG] (ServerPlayNetworkAddon for literal{Player995}[style={clickEvent=SuggestCommand[command=/tell Player995 ],hoverEvent=ShowEntity[entity=net.minecraft.network.chat.HoverEvent$EntityTooltipInfo@1b252f4e],insertion=Player995}]) Handling inbound packet from channel with name "jade:request_block"
[19:41:19] [Server thread/DEBUG] (ServerPlayNetworkAddon for literal{Player995}[style={clickEvent=SuggestCommand[command=/tell Player995 ],hoverEvent=ShowEntity[entity=net.minecraft.network.chat.HoverEvent$EntityTooltipInfo@1b252f4e],insertion=Player995}]) Handling inbound packet from channel with name "jade:request_block"
[19:41:19] [Netty NIO IO #1/DEBUG] (ServerPlayNetworkAddon for literal{Player995}[style={clickEvent=SuggestCommand[command=/tell Player995 ],hoverEvent=ShowEntity[entity=net.minecraft.network.chat.HoverEvent$EntityTooltipInfo@1b252f4e],insertion=Player995}]) Handling inbound packet from channel with name "jade:request_block"
[19:41:19] [Server thread/DEBUG] (ServerPlayNetworkAddon for literal{Player995}[style={clickEvent=SuggestCommand[command=/tell Player995 ],hoverEvent=ShowEntity[entity=net.minecraft.network.chat.HoverEvent$EntityTooltipInfo@1b252f4e],insertion=Player995}]) Handling inbound packet from channel with name "jade:request_block"
[19:41:19] [Netty NIO IO #1/DEBUG] (ServerPlayNetworkAddon for literal{Player995}[style={clickEvent=SuggestCommand[command=/tell Player995 ],hoverEvent=ShowEntity[entity=net.minecraft.network.chat.HoverEvent$EntityTooltipInfo@1b252f4e],insertion=Player995}]) Handling inbound packet from channel with name "jade:request_block"
[19:41:19] [Server thread/DEBUG] (ServerPlayNetworkAddon for literal{Player995}[style={clickEvent=SuggestCommand[command=/tell Player995 ],hoverEvent=ShowEntity[entity=net.minecraft.network.chat.HoverEvent$EntityTooltipInfo@1b252f4e],insertion=Player995}]) Handling inbound packet from channel with name "jade:request_block"
[19:41:20] [Netty NIO IO #1/DEBUG] (ServerPlayNetworkAddon for literal{Player995}[style={clickEvent=SuggestCommand[command=/tell Player995 ],hoverEvent=ShowEntity[entity=net.minecraft.network.chat.HoverEvent$EntityTooltipInfo@1b252f4e],insertion=Player995}]) Handling inbound packet from channel with name "jade:request_block"
[19:41:20] [Server thread/DEBUG] (ServerPlayNetworkAddon for literal{Player995}[style={clickEvent=SuggestCommand[command=/tell Player995 ],hoverEvent=ShowEntity[entity=net.minecraft.network.chat.HoverEvent$EntityTooltipInfo@1b252f4e],insertion=Player995}]) Handling inbound packet from channel with name "jade:request_block"
[19:41:20] [Netty NIO IO #1/DEBUG] (ServerPlayNetworkAddon for literal{Player995}[style={clickEvent=SuggestCommand[command=/tell Player995 ],hoverEvent=ShowEntity[entity=net.minecraft.network.chat.HoverEvent$EntityTooltipInfo@1b252f4e],insertion=Player995}]) Handling inbound packet from channel with name "jade:request_block"
[19:41:20] [Server thread/DEBUG] (ServerPlayNetworkAddon for literal{Player995}[style={clickEvent=SuggestCommand[command=/tell Player995 ],hoverEvent=ShowEntity[entity=net.minecraft.network.chat.HoverEvent$EntityTooltipInfo@1b252f4e],insertion=Player995}]) Handling inbound packet from channel with name "jade:request_block"
[19:41:22] [Server thread/INFO] (net.minecraft.server.MinecraftServer) [Player995: Set the time to 13500]
[19:41:22] [Netty NIO IO #1/DEBUG] (ServerPlayNetworkAddon for literal{Player995}[style={clickEvent=SuggestCommand[command=/tell Player995 ],hoverEvent=ShowEntity[entity=net.minecraft.network.chat.HoverEvent$EntityTooltipInfo@1b252f4e],insertion=Player995}]) Handling inbound packet from channel with name "jade:request_block"
[19:41:22] [Server thread/DEBUG] (ServerPlayNetworkAddon for literal{Player995}[style={clickEvent=SuggestCommand[command=/tell Player995 ],hoverEvent=ShowEntity[entity=net.minecraft.network.chat.HoverEvent$EntityTooltipInfo@1b252f4e],insertion=Player995}]) Handling inbound packet from channel with name "jade:request_block"
[19:41:23] [Netty NIO IO #1/DEBUG] (ServerPlayNetworkAddon for literal{Player995}[style={clickEvent=SuggestCommand[command=/tell Player995 ],hoverEvent=ShowEntity[entity=net.minecraft.network.chat.HoverEvent$EntityTooltipInfo@1b252f4e],insertion=Player995}]) Handling inbound packet from channel with name "jade:request_block"
[19:41:23] [Server thread/DEBUG] (ServerPlayNetworkAddon for literal{Player995}[style={clickEvent=SuggestCommand[command=/tell Player995 ],hoverEvent=ShowEntity[entity=net.minecraft.network.chat.HoverEvent$EntityTooltipInfo@1b252f4e],insertion=Player995}]) Handling inbound packet from channel with name "jade:request_block"
[19:41:23] [Netty NIO IO #1/DEBUG] (ServerPlayNetworkAddon for literal{Player995}[style={clickEvent=SuggestCommand[command=/tell Player995 ],hoverEvent=ShowEntity[entity=net.minecraft.network.chat.HoverEvent$EntityTooltipInfo@1b252f4e],insertion=Player995}]) Handling inbound packet from channel with name "jade:request_block"
[19:41:23] [Server thread/DEBUG] (ServerPlayNetworkAddon for literal{Player995}[style={clickEvent=SuggestCommand[command=/tell Player995 ],hoverEvent=ShowEntity[entity=net.minecraft.network.chat.HoverEvent$EntityTooltipInfo@1b252f4e],insertion=Player995}]) Handling inbound packet from channel with name "jade:request_block"
[19:41:23] [Netty NIO IO #1/DEBUG] (ServerPlayNetworkAddon for literal{Player995}[style={clickEvent=SuggestCommand[command=/tell Player995 ],hoverEvent=ShowEntity[entity=net.minecraft.network.chat.HoverEvent$EntityTooltipInfo@1b252f4e],insertion=Player995}]) Handling inbound packet from channel with name "jade:request_block"
[19:41:23] [Server thread/DEBUG] (ServerPlayNetworkAddon for literal{Player995}[style={clickEvent=SuggestCommand[command=/tell Player995 ],hoverEvent=ShowEntity[entity=net.minecraft.network.chat.HoverEvent$EntityTooltipInfo@1b252f4e],insertion=Player995}]) Handling inbound packet from channel with name "jade:request_block"
[19:41:24] [Netty NIO IO #1/DEBUG] (ServerPlayNetworkAddon for literal{Player995}[style={clickEvent=SuggestCommand[command=/tell Player995 ],hoverEvent=ShowEntity[entity=net.minecraft.network.chat.HoverEvent$EntityTooltipInfo@1b252f4e],insertion=Player995}]) Handling inbound packet from channel with name "jade:request_block"
[19:41:24] [Server thread/DEBUG] (ServerPlayNetworkAddon for literal{Player995}[style={clickEvent=SuggestCommand[command=/tell Player995 ],hoverEvent=ShowEntity[entity=net.minecraft.network.chat.HoverEvent$EntityTooltipInfo@1b252f4e],insertion=Player995}]) Handling inbound packet from channel with name "jade:request_block"
[19:41:24] [Netty NIO IO #1/DEBUG] (ServerPlayNetworkAddon for literal{Player995}[style={clickEvent=SuggestCommand[command=/tell Player995 ],hoverEvent=ShowEntity[entity=net.minecraft.network.chat.HoverEvent$EntityTooltipInfo@1b252f4e],insertion=Player995}]) Handling inbound packet from channel with name "jade:request_block"
[19:41:24] [Server thread/INFO] (net.minecraft.server.MinecraftServer) Player995 has made the advancement [Sweet Dreams]
[19:41:24] [Server thread/DEBUG] (ServerPlayNetworkAddon for literal{Player995}[style={clickEvent=SuggestCommand[command=/tell Player995 ],hoverEvent=ShowEntity[entity=net.minecraft.network.chat.HoverEvent$EntityTooltipInfo@1b252f4e],insertion=Player995}]) Handling inbound packet from channel with name "jade:request_block"
[19:41:27] [Netty NIO IO #2/DEBUG] (ServerPlayNetworkAddon for literal{Player840}[style={clickEvent=SuggestCommand[command=/tell Player840 ],hoverEvent=ShowEntity[entity=net.minecraft.network.chat.HoverEvent$EntityTooltipInfo@4d270255],insertion=Player840}]) Handling inbound packet from channel with name "jade:request_block"
[19:41:27] [Server thread/DEBUG] (ServerPlayNetworkAddon for literal{Player840}[style={clickEvent=SuggestCommand[command=/tell Player840 ],hoverEvent=ShowEntity[entity=net.minecraft.network.chat.HoverEvent$EntityTooltipInfo@4d270255],insertion=Player840}]) Handling inbound packet from channel with name "jade:request_block"
[19:41:27] [Netty NIO IO #2/DEBUG] (ServerPlayNetworkAddon for literal{Player840}[style={clickEvent=SuggestCommand[command=/tell Player840 ],hoverEvent=ShowEntity[entity=net.minecraft.network.chat.HoverEvent$EntityTooltipInfo@4d270255],insertion=Player840}]) Handling inbound packet from channel with name "jade:request_block"
[19:41:27] [Server thread/DEBUG] (ServerPlayNetworkAddon for literal{Player840}[style={clickEvent=SuggestCommand[command=/tell Player840 ],hoverEvent=ShowEntity[entity=net.minecraft.network.chat.HoverEvent$EntityTooltipInfo@4d270255],insertion=Player840}]) Handling inbound packet from channel with name "jade:request_block"
[19:41:27] [Netty NIO IO #2/DEBUG] (ServerPlayNetworkAddon for literal{Player840}[style={clickEvent=SuggestCommand[command=/tell Player840 ],hoverEvent=ShowEntity[entity=net.minecraft.network.chat.HoverEvent$EntityTooltipInfo@4d270255],insertion=Player840}]) Handling inbound packet from channel with name "jade:request_entity"
[19:41:28] [Server thread/DEBUG] (ServerPlayNetworkAddon for literal{Player840}[style={clickEvent=SuggestCommand[command=/tell Player840 ],hoverEvent=ShowEntity[entity=net.minecraft.network.chat.HoverEvent$EntityTooltipInfo@4d270255],insertion=Player840}]) Handling inbound packet from channel with name "jade:request_entity"
[19:41:28] [Netty NIO IO #2/DEBUG] (ServerPlayNetworkAddon for literal{Player840}[style={clickEvent=SuggestCommand[command=/tell Player840 ],hoverEvent=ShowEntity[entity=net.minecraft.network.chat.HoverEvent$EntityTooltipInfo@4d270255],insertion=Player840}]) Handling inbound packet from channel with name "jade:request_block"
[19:41:28] [Server thread/DEBUG] (ServerPlayNetworkAddon for literal{Player840}[style={clickEvent=SuggestCommand[command=/tell Player840 ],hoverEvent=ShowEntity[entity=net.minecraft.network.chat.HoverEvent$EntityTooltipInfo@4d270255],insertion=Player840}]) Handling inbound packet from channel with name "jade:request_block"
[19:41:28] [Netty NIO IO #2/DEBUG] (ServerPlayNetworkAddon for literal{Player840}[style={clickEvent=SuggestCommand[command=/tell Player840 ],hoverEvent=ShowEntity[entity=net.minecraft.network.chat.HoverEvent$EntityTooltipInfo@4d270255],insertion=Player840}]) Handling inbound packet from channel with name "jade:request_block"
[19:41:28] [Server thread/DEBUG] (ServerPlayNetworkAddon for literal{Player840}[style={clickEvent=SuggestCommand[command=/tell Player840 ],hoverEvent=ShowEntity[entity=net.minecraft.network.chat.HoverEvent$EntityTooltipInfo@4d270255],insertion=Player840}]) Handling inbound packet from channel with name "jade:request_block"
[19:41:28] [Netty NIO IO #2/DEBUG] (ServerPlayNetworkAddon for literal{Player840}[style={clickEvent=SuggestCommand[command=/tell Player840 ],hoverEvent=ShowEntity[entity=net.minecraft.network.chat.HoverEvent$EntityTooltipInfo@4d270255],insertion=Player840}]) Handling inbound packet from channel with name "jade:request_block"
[19:41:28] [Server thread/DEBUG] (ServerPlayNetworkAddon for literal{Player840}[style={clickEvent=SuggestCommand[command=/tell Player840 ],hoverEvent=ShowEntity[entity=net.minecraft.network.chat.HoverEvent$EntityTooltipInfo@4d270255],insertion=Player840}]) Handling inbound packet from channel with name "jade:request_block"
[19:41:29] [Netty NIO IO #2/DEBUG] (ServerPlayNetworkAddon for literal{Player840}[style={clickEvent=SuggestCommand[command=/tell Player840 ],hoverEvent=ShowEntity[entity=net.minecraft.network.chat.HoverEvent$EntityTooltipInfo@4d270255],insertion=Player840}]) Handling inbound packet from channel with name "jade:request_block"
[19:41:29] [Server thread/INFO] (net.minecraft.server.MinecraftServer) Player840 has made the advancement [Sweet Dreams]
[19:41:29] [Server thread/DEBUG] (ServerPlayNetworkAddon for literal{Player840}[style={clickEvent=SuggestCommand[command=/tell Player840 ],hoverEvent=ShowEntity[entity=net.minecraft.network.chat.HoverEvent$EntityTooltipInfo@4d270255],insertion=Player840}]) Handling inbound packet from channel with name "jade:request_block"
[19:41:31] [Netty NIO IO #3/DEBUG] (ServerPlayNetworkAddon for literal{Player548}[style={clickEvent=SuggestCommand[command=/tell Player548 ],hoverEvent=ShowEntity[entity=net.minecraft.network.chat.HoverEvent$EntityTooltipInfo@70cb61f5],insertion=Player548}]) Handling inbound packet from channel with name "jade:request_block"
[19:41:31] [Server thread/DEBUG] (ServerPlayNetworkAddon for literal{Player548}[style={clickEvent=SuggestCommand[command=/tell Player548 ],hoverEvent=ShowEntity[entity=net.minecraft.network.chat.HoverEvent$EntityTooltipInfo@70cb61f5],insertion=Player548}]) Handling inbound packet from channel with name "jade:request_block"
[19:41:31] [Netty NIO IO #3/DEBUG] (ServerPlayNetworkAddon for literal{Player548}[style={clickEvent=SuggestCommand[command=/tell Player548 ],hoverEvent=ShowEntity[entity=net.minecraft.network.chat.HoverEvent$EntityTooltipInfo@70cb61f5],insertion=Player548}]) Handling inbound packet from channel with name "jade:request_block"
[19:41:31] [Server thread/DEBUG] (ServerPlayNetworkAddon for literal{Player548}[style={clickEvent=SuggestCommand[command=/tell Player548 ],hoverEvent=ShowEntity[entity=net.minecraft.network.chat.HoverEvent$EntityTooltipInfo@70cb61f5],insertion=Player548}]) Handling inbound packet from channel with name "jade:request_block"
[19:41:40] [Server thread/INFO] (net.minecraft.server.MinecraftServer) [Player548: Gamerule players_sleeping_percentage is now set to: 50]
[19:41:45] [Netty NIO IO #2/DEBUG] (ServerPlayNetworkAddon for literal{Player840}[style={clickEvent=SuggestCommand[command=/tell Player840 ],hoverEvent=ShowEntity[entity=net.minecraft.network.chat.HoverEvent$EntityTooltipInfo@4d270255],insertion=Player840}]) Handling inbound packet from channel with name "jade:request_block"
[19:41:45] [Server thread/DEBUG] (ServerPlayNetworkAddon for literal{Player840}[style={clickEvent=SuggestCommand[command=/tell Player840 ],hoverEvent=ShowEntity[entity=net.minecraft.network.chat.HoverEvent$EntityTooltipInfo@4d270255],insertion=Player840}]) Handling inbound packet from channel with name "jade:request_block"
[19:41:46] [Netty NIO IO #2/DEBUG] (ServerPlayNetworkAddon for literal{Player840}[style={clickEvent=SuggestCommand[command=/tell Player840 ],hoverEvent=ShowEntity[entity=net.minecraft.network.chat.HoverEvent$EntityTooltipInfo@4d270255],insertion=Player840}]) Handling inbound packet from channel with name "jade:request_block"
[19:41:46] [Server thread/DEBUG] (ServerPlayNetworkAddon for literal{Player840}[style={clickEvent=SuggestCommand[command=/tell Player840 ],hoverEvent=ShowEntity[entity=net.minecraft.network.chat.HoverEvent$EntityTooltipInfo@4d270255],insertion=Player840}]) Handling inbound packet from channel with name "jade:request_block"
[19:41:46] [Netty NIO IO #2/DEBUG] (ServerPlayNetworkAddon for literal{Player840}[style={clickEvent=SuggestCommand[command=/tell Player840 ],hoverEvent=ShowEntity[entity=net.minecraft.network.chat.HoverEvent$EntityTooltipInfo@4d270255],insertion=Player840}]) Handling inbound packet from channel with name "jade:request_block"
[19:41:46] [Server thread/DEBUG] (ServerPlayNetworkAddon for literal{Player840}[style={clickEvent=SuggestCommand[command=/tell Player840 ],hoverEvent=ShowEntity[entity=net.minecraft.network.chat.HoverEvent$EntityTooltipInfo@4d270255],insertion=Player840}]) Handling inbound packet from channel with name "jade:request_block"
[19:41:46] [Netty NIO IO #2/DEBUG] (ServerPlayNetworkAddon for literal{Player840}[style={clickEvent=SuggestCommand[command=/tell Player840 ],hoverEvent=ShowEntity[entity=net.minecraft.network.chat.HoverEvent$EntityTooltipInfo@4d270255],insertion=Player840}]) Handling inbound packet from channel with name "jade:request_block"
[19:41:46] [Server thread/DEBUG] (ServerPlayNetworkAddon for literal{Player840}[style={clickEvent=SuggestCommand[command=/tell Player840 ],hoverEvent=ShowEntity[entity=net.minecraft.network.chat.HoverEvent$EntityTooltipInfo@4d270255],insertion=Player840}]) Handling inbound packet from channel with name "jade:request_block"
[19:41:46] [Netty NIO IO #2/DEBUG] (ServerPlayNetworkAddon for literal{Player840}[style={clickEvent=SuggestCommand[command=/tell Player840 ],hoverEvent=ShowEntity[entity=net.minecraft.network.chat.HoverEvent$EntityTooltipInfo@4d270255],insertion=Player840}]) Handling inbound packet from channel with name "jade:request_block"
[19:41:46] [Server thread/DEBUG] (ServerPlayNetworkAddon for literal{Player840}[style={clickEvent=SuggestCommand[command=/tell Player840 ],hoverEvent=ShowEntity[entity=net.minecraft.network.chat.HoverEvent$EntityTooltipInfo@4d270255],insertion=Player840}]) Handling inbound packet from channel with name "jade:request_block"
[19:41:57] [Netty NIO IO #3/DEBUG] (ServerPlayNetworkAddon for literal{Player548}[style={clickEvent=SuggestCommand[command=/tell Player548 ],hoverEvent=ShowEntity[entity=net.minecraft.network.chat.HoverEvent$EntityTooltipInfo@70cb61f5],insertion=Player548}]) Handling inbound packet from channel with name "jade:request_block"
[19:41:57] [Server thread/DEBUG] (ServerPlayNetworkAddon for literal{Player548}[style={clickEvent=SuggestCommand[command=/tell Player548 ],hoverEvent=ShowEntity[entity=net.minecraft.network.chat.HoverEvent$EntityTooltipInfo@70cb61f5],insertion=Player548}]) Handling inbound packet from channel with name "jade:request_block"
[19:41:57] [Netty NIO IO #3/DEBUG] (ServerPlayNetworkAddon for literal{Player548}[style={clickEvent=SuggestCommand[command=/tell Player548 ],hoverEvent=ShowEntity[entity=net.minecraft.network.chat.HoverEvent$EntityTooltipInfo@70cb61f5],insertion=Player548}]) Handling inbound packet from channel with name "jade:request_block"
[19:41:57] [Server thread/DEBUG] (ServerPlayNetworkAddon for literal{Player548}[style={clickEvent=SuggestCommand[command=/tell Player548 ],hoverEvent=ShowEntity[entity=net.minecraft.network.chat.HoverEvent$EntityTooltipInfo@70cb61f5],insertion=Player548}]) Handling inbound packet from channel with name "jade:request_block"
[19:41:57] [Netty NIO IO #3/DEBUG] (ServerPlayNetworkAddon for literal{Player548}[style={clickEvent=SuggestCommand[command=/tell Player548 ],hoverEvent=ShowEntity[entity=net.minecraft.network.chat.HoverEvent$EntityTooltipInfo@70cb61f5],insertion=Player548}]) Handling inbound packet from channel with name "jade:request_block"
[19:41:57] [Server thread/DEBUG] (ServerPlayNetworkAddon for literal{Player548}[style={clickEvent=SuggestCommand[command=/tell Player548 ],hoverEvent=ShowEntity[entity=net.minecraft.network.chat.HoverEvent$EntityTooltipInfo@70cb61f5],insertion=Player548}]) Handling inbound packet from channel with name "jade:request_block"
[19:41:57] [Netty NIO IO #3/DEBUG] (ServerPlayNetworkAddon for literal{Player548}[style={clickEvent=SuggestCommand[command=/tell Player548 ],hoverEvent=ShowEntity[entity=net.minecraft.network.chat.HoverEvent$EntityTooltipInfo@70cb61f5],insertion=Player548}]) Handling inbound packet from channel with name "jade:request_block"
[19:41:57] [Server thread/DEBUG] (ServerPlayNetworkAddon for literal{Player548}[style={clickEvent=SuggestCommand[command=/tell Player548 ],hoverEvent=ShowEntity[entity=net.minecraft.network.chat.HoverEvent$EntityTooltipInfo@70cb61f5],insertion=Player548}]) Handling inbound packet from channel with name "jade:request_block"
[19:41:57] [Server thread/INFO] (net.minecraft.server.MinecraftServer) Player548 has made the advancement [Sweet Dreams]
[19:42:03] [Netty NIO IO #3/DEBUG] (ServerPlayNetworkAddon for literal{Player548}[style={clickEvent=SuggestCommand[command=/tell Player548 ],hoverEvent=ShowEntity[entity=net.minecraft.network.chat.HoverEvent$EntityTooltipInfo@70cb61f5],insertion=Player548}]) Handling inbound packet from channel with name "jade:request_block"
[19:42:03] [Server thread/DEBUG] (ServerPlayNetworkAddon for literal{Player548}[style={clickEvent=SuggestCommand[command=/tell Player548 ],hoverEvent=ShowEntity[entity=net.minecraft.network.chat.HoverEvent$EntityTooltipInfo@70cb61f5],insertion=Player548}]) Handling inbound packet from channel with name "jade:request_block"
[19:42:03] [Netty NIO IO #3/DEBUG] (ServerPlayNetworkAddon for literal{Player548}[style={clickEvent=SuggestCommand[command=/tell Player548 ],hoverEvent=ShowEntity[entity=net.minecraft.network.chat.HoverEvent$EntityTooltipInfo@70cb61f5],insertion=Player548}]) Handling inbound packet from channel with name "jade:request_block"
[19:42:03] [Server thread/DEBUG] (ServerPlayNetworkAddon for literal{Player548}[style={clickEvent=SuggestCommand[command=/tell Player548 ],hoverEvent=ShowEntity[entity=net.minecraft.network.chat.HoverEvent$EntityTooltipInfo@70cb61f5],insertion=Player548}]) Handling inbound packet from channel with name "jade:request_block"
[19:42:03] [Netty NIO IO #3/DEBUG] (ServerPlayNetworkAddon for literal{Player548}[style={clickEvent=SuggestCommand[command=/tell Player548 ],hoverEvent=ShowEntity[entity=net.minecraft.network.chat.HoverEvent$EntityTooltipInfo@70cb61f5],insertion=Player548}]) Handling inbound packet from channel with name "jade:request_block"
[19:42:03] [Server thread/DEBUG] (ServerPlayNetworkAddon for literal{Player548}[style={clickEvent=SuggestCommand[command=/tell Player548 ],hoverEvent=ShowEntity[entity=net.minecraft.network.chat.HoverEvent$EntityTooltipInfo@70cb61f5],insertion=Player548}]) Handling inbound packet from channel with name "jade:request_block"
[19:42:45] [Server thread/DEBUG] (FabricLoader/Mixin) Mixing world.explosions.entity_raycast.ClipContextMixin from lithium.mixins.json into net.minecraft.world.level.ClipContext
[19:42:45] [Server thread/DEBUG] (FabricLoader/Mixin) Mixing world.raycast.ClipContextAccessor from lithium.mixins.json into net.minecraft.world.level.ClipContext
[19:42:45] [Server thread/DEBUG] (FabricLoader/Mixin) Generating mapped inner class net/minecraft/world/level/BlockGetter$Anonymous$b8cf0743f18c361ab1c3839a14be0047 (originally net/caffeinemc/mods/lithium/mixin/world/raycast/BlockGetterMixin$1)
[19:42:45] [Netty NIO IO #1/DEBUG] (ServerPlayNetworkAddon for literal{Player995}[style={clickEvent=SuggestCommand[command=/tell Player995 ],hoverEvent=ShowEntity[entity=net.minecraft.network.chat.HoverEvent$EntityTooltipInfo@1b252f4e],insertion=Player995}]) Handling inbound packet from channel with name "jade:request_entity"
[19:42:45] [Netty NIO IO #2/DEBUG] (ServerPlayNetworkAddon for literal{Player840}[style={clickEvent=SuggestCommand[command=/tell Player840 ],hoverEvent=ShowEntity[entity=net.minecraft.network.chat.HoverEvent$EntityTooltipInfo@4d270255],insertion=Player840}]) Handling inbound packet from channel with name "jade:request_block"
[19:42:45] [Server thread/DEBUG] (ServerPlayNetworkAddon for literal{Player995}[style={clickEvent=SuggestCommand[command=/tell Player995 ],hoverEvent=ShowEntity[entity=net.minecraft.network.chat.HoverEvent$EntityTooltipInfo@1b252f4e],insertion=Player995}]) Handling inbound packet from channel with name "jade:request_entity"
[19:42:45] [Server thread/DEBUG] (ServerPlayNetworkAddon for literal{Player840}[style={clickEvent=SuggestCommand[command=/tell Player840 ],hoverEvent=ShowEntity[entity=net.minecraft.network.chat.HoverEvent$EntityTooltipInfo@4d270255],insertion=Player840}]) Handling inbound packet from channel with name "jade:request_block"
[19:42:45] [Netty NIO IO #3/DEBUG] (ServerPlayNetworkAddon for literal{Player548}[style={clickEvent=SuggestCommand[command=/tell Player548 ],hoverEvent=ShowEntity[entity=net.minecraft.network.chat.HoverEvent$EntityTooltipInfo@70cb61f5],insertion=Player548}]) Handling inbound packet from channel with name "jade:request_block"
[19:42:45] [Server thread/DEBUG] (ServerPlayNetworkAddon for literal{Player548}[style={clickEvent=SuggestCommand[command=/tell Player548 ],hoverEvent=ShowEntity[entity=net.minecraft.network.chat.HoverEvent$EntityTooltipInfo@70cb61f5],insertion=Player548}]) Handling inbound packet from channel with name "jade:request_block"
[19:42:45] [Netty NIO IO #3/DEBUG] (ServerPlayNetworkAddon for literal{Player548}[style={clickEvent=SuggestCommand[command=/tell Player548 ],hoverEvent=ShowEntity[entity=net.minecraft.network.chat.HoverEvent$EntityTooltipInfo@70cb61f5],insertion=Player548}]) Handling inbound packet from channel with name "jade:request_entity"
[19:42:45] [Server thread/DEBUG] (ServerPlayNetworkAddon for literal{Player548}[style={clickEvent=SuggestCommand[command=/tell Player548 ],hoverEvent=ShowEntity[entity=net.minecraft.network.chat.HoverEvent$EntityTooltipInfo@70cb61f5],insertion=Player548}]) Handling inbound packet from channel with name "jade:request_entity"
[19:42:50] [Netty NIO IO #1/DEBUG] (ServerPlayNetworkAddon for literal{Player995}[style={clickEvent=SuggestCommand[command=/tell Player995 ],hoverEvent=ShowEntity[entity=net.minecraft.network.chat.HoverEvent$EntityTooltipInfo@1b252f4e],insertion=Player995}]) Handling inbound packet from channel with name "jade:request_entity"
[19:42:50] [Server thread/DEBUG] (ServerPlayNetworkAddon for literal{Player995}[style={clickEvent=SuggestCommand[command=/tell Player995 ],hoverEvent=ShowEntity[entity=net.minecraft.network.chat.HoverEvent$EntityTooltipInfo@1b252f4e],insertion=Player995}]) Handling inbound packet from channel with name "jade:request_entity"
[19:42:51] [Netty NIO IO #1/DEBUG] (ServerPlayNetworkAddon for literal{Player995}[style={clickEvent=SuggestCommand[command=/tell Player995 ],hoverEvent=ShowEntity[entity=net.minecraft.network.chat.HoverEvent$EntityTooltipInfo@1b252f4e],insertion=Player995}]) Handling inbound packet from channel with name "jade:request_entity"
[19:42:51] [Server thread/DEBUG] (ServerPlayNetworkAddon for literal{Player995}[style={clickEvent=SuggestCommand[command=/tell Player995 ],hoverEvent=ShowEntity[entity=net.minecraft.network.chat.HoverEvent$EntityTooltipInfo@1b252f4e],insertion=Player995}]) Handling inbound packet from channel with name "jade:request_entity"
[19:42:51] [Netty NIO IO #1/DEBUG] (ServerPlayNetworkAddon for literal{Player995}[style={clickEvent=SuggestCommand[command=/tell Player995 ],hoverEvent=ShowEntity[entity=net.minecraft.network.chat.HoverEvent$EntityTooltipInfo@1b252f4e],insertion=Player995}]) Handling inbound packet from channel with name "jade:request_entity"
[19:42:51] [Server thread/DEBUG] (ServerPlayNetworkAddon for literal{Player995}[style={clickEvent=SuggestCommand[command=/tell Player995 ],hoverEvent=ShowEntity[entity=net.minecraft.network.chat.HoverEvent$EntityTooltipInfo@1b252f4e],insertion=Player995}]) Handling inbound packet from channel with name "jade:request_entity"
[19:42:52] [Netty NIO IO #1/DEBUG] (ServerPlayNetworkAddon for literal{Player995}[style={clickEvent=SuggestCommand[command=/tell Player995 ],hoverEvent=ShowEntity[entity=net.minecraft.network.chat.HoverEvent$EntityTooltipInfo@1b252f4e],insertion=Player995}]) Handling inbound packet from channel with name "jade:request_entity"
[19:42:52] [Server thread/DEBUG] (ServerPlayNetworkAddon for literal{Player995}[style={clickEvent=SuggestCommand[command=/tell Player995 ],hoverEvent=ShowEntity[entity=net.minecraft.network.chat.HoverEvent$EntityTooltipInfo@1b252f4e],insertion=Player995}]) Handling inbound packet from channel with name "jade:request_entity"
[19:42:53] [Netty NIO IO #1/DEBUG] (ServerPlayNetworkAddon for literal{Player995}[style={clickEvent=SuggestCommand[command=/tell Player995 ],hoverEvent=ShowEntity[entity=net.minecraft.network.chat.HoverEvent$EntityTooltipInfo@1b252f4e],insertion=Player995}]) Handling inbound packet from channel with name "jade:request_entity"
[19:42:53] [Server thread/DEBUG] (ServerPlayNetworkAddon for literal{Player995}[style={clickEvent=SuggestCommand[command=/tell Player995 ],hoverEvent=ShowEntity[entity=net.minecraft.network.chat.HoverEvent$EntityTooltipInfo@1b252f4e],insertion=Player995}]) Handling inbound packet from channel with name "jade:request_entity"
[19:42:55] [Server thread/INFO] (net.minecraft.server.MinecraftServer) [Player840: Applied effect Saturation to 119 targets]
[19:42:57] [Netty NIO IO #1/DEBUG] (ServerPlayNetworkAddon for literal{Player995}[style={clickEvent=SuggestCommand[command=/tell Player995 ],hoverEvent=ShowEntity[entity=net.minecraft.network.chat.HoverEvent$EntityTooltipInfo@1b252f4e],insertion=Player995}]) Handling inbound packet from channel with name "jade:request_entity"
[19:42:57] [Server thread/DEBUG] (ServerPlayNetworkAddon for literal{Player995}[style={clickEvent=SuggestCommand[command=/tell Player995 ],hoverEvent=ShowEntity[entity=net.minecraft.network.chat.HoverEvent$EntityTooltipInfo@1b252f4e],insertion=Player995}]) Handling inbound packet from channel with name "jade:request_entity"
[19:42:57] [Netty NIO IO #1/DEBUG] (ServerPlayNetworkAddon for literal{Player995}[style={clickEvent=SuggestCommand[command=/tell Player995 ],hoverEvent=ShowEntity[entity=net.minecraft.network.chat.HoverEvent$EntityTooltipInfo@1b252f4e],insertion=Player995}]) Handling inbound packet from channel with name "jade:request_block"
[19:42:57] [Server thread/DEBUG] (ServerPlayNetworkAddon for literal{Player995}[style={clickEvent=SuggestCommand[command=/tell Player995 ],hoverEvent=ShowEntity[entity=net.minecraft.network.chat.HoverEvent$EntityTooltipInfo@1b252f4e],insertion=Player995}]) Handling inbound packet from channel with name "jade:request_block"
[19:43:04] [Server thread/INFO] (net.minecraft.server.MinecraftServer) [Player995: Set the weather to rain & thunder]
[19:43:05] [Netty NIO IO #1/DEBUG] (ServerPlayNetworkAddon for literal{Player995}[style={clickEvent=SuggestCommand[command=/tell Player995 ],hoverEvent=ShowEntity[entity=net.minecraft.network.chat.HoverEvent$EntityTooltipInfo@1b252f4e],insertion=Player995}]) Handling inbound packet from channel with name "jade:request_block"
[19:43:05] [Server thread/DEBUG] (ServerPlayNetworkAddon for literal{Player995}[style={clickEvent=SuggestCommand[command=/tell Player995 ],hoverEvent=ShowEntity[entity=net.minecraft.network.chat.HoverEvent$EntityTooltipInfo@1b252f4e],insertion=Player995}]) Handling inbound packet from channel with name "jade:request_block"
[19:43:05] [Netty NIO IO #1/DEBUG] (ServerPlayNetworkAddon for literal{Player995}[style={clickEvent=SuggestCommand[command=/tell Player995 ],hoverEvent=ShowEntity[entity=net.minecraft.network.chat.HoverEvent$EntityTooltipInfo@1b252f4e],insertion=Player995}]) Handling inbound packet from channel with name "jade:request_block"
[19:43:05] [Server thread/DEBUG] (ServerPlayNetworkAddon for literal{Player995}[style={clickEvent=SuggestCommand[command=/tell Player995 ],hoverEvent=ShowEntity[entity=net.minecraft.network.chat.HoverEvent$EntityTooltipInfo@1b252f4e],insertion=Player995}]) Handling inbound packet from channel with name "jade:request_block"
[19:43:05] [Netty NIO IO #1/DEBUG] (ServerPlayNetworkAddon for literal{Player995}[style={clickEvent=SuggestCommand[command=/tell Player995 ],hoverEvent=ShowEntity[entity=net.minecraft.network.chat.HoverEvent$EntityTooltipInfo@1b252f4e],insertion=Player995}]) Handling inbound packet from channel with name "jade:request_block"
[19:43:05] [Server thread/DEBUG] (ServerPlayNetworkAddon for literal{Player995}[style={clickEvent=SuggestCommand[command=/tell Player995 ],hoverEvent=ShowEntity[entity=net.minecraft.network.chat.HoverEvent$EntityTooltipInfo@1b252f4e],insertion=Player995}]) Handling inbound packet from channel with name "jade:request_block"
[19:43:05] [Netty NIO IO #1/DEBUG] (ServerPlayNetworkAddon for literal{Player995}[style={clickEvent=SuggestCommand[command=/tell Player995 ],hoverEvent=ShowEntity[entity=net.minecraft.network.chat.HoverEvent$EntityTooltipInfo@1b252f4e],insertion=Player995}]) Handling inbound packet from channel with name "jade:request_block"
[19:43:05] [Server thread/DEBUG] (ServerPlayNetworkAddon for literal{Player995}[style={clickEvent=SuggestCommand[command=/tell Player995 ],hoverEvent=ShowEntity[entity=net.minecraft.network.chat.HoverEvent$EntityTooltipInfo@1b252f4e],insertion=Player995}]) Handling inbound packet from channel with name "jade:request_block"
[19:43:05] [Netty NIO IO #1/DEBUG] (ServerPlayNetworkAddon for literal{Player995}[style={clickEvent=SuggestCommand[command=/tell Player995 ],hoverEvent=ShowEntity[entity=net.minecraft.network.chat.HoverEvent$EntityTooltipInfo@1b252f4e],insertion=Player995}]) Handling inbound packet from channel with name "jade:request_block"
[19:43:05] [Server thread/DEBUG] (ServerPlayNetworkAddon for literal{Player995}[style={clickEvent=SuggestCommand[command=/tell Player995 ],hoverEvent=ShowEntity[entity=net.minecraft.network.chat.HoverEvent$EntityTooltipInfo@1b252f4e],insertion=Player995}]) Handling inbound packet from channel with name "jade:request_block"
[19:43:06] [Netty NIO IO #1/DEBUG] (ServerPlayNetworkAddon for literal{Player995}[style={clickEvent=SuggestCommand[command=/tell Player995 ],hoverEvent=ShowEntity[entity=net.minecraft.network.chat.HoverEvent$EntityTooltipInfo@1b252f4e],insertion=Player995}]) Handling inbound packet from channel with name "jade:request_block"
[19:43:06] [Server thread/DEBUG] (ServerPlayNetworkAddon for literal{Player995}[style={clickEvent=SuggestCommand[command=/tell Player995 ],hoverEvent=ShowEntity[entity=net.minecraft.network.chat.HoverEvent$EntityTooltipInfo@1b252f4e],insertion=Player995}]) Handling inbound packet from channel with name "jade:request_block"
[19:43:06] [Netty NIO IO #1/DEBUG] (ServerPlayNetworkAddon for literal{Player995}[style={clickEvent=SuggestCommand[command=/tell Player995 ],hoverEvent=ShowEntity[entity=net.minecraft.network.chat.HoverEvent$EntityTooltipInfo@1b252f4e],insertion=Player995}]) Handling inbound packet from channel with name "jade:request_block"
[19:43:06] [Server thread/DEBUG] (ServerPlayNetworkAddon for literal{Player995}[style={clickEvent=SuggestCommand[command=/tell Player995 ],hoverEvent=ShowEntity[entity=net.minecraft.network.chat.HoverEvent$EntityTooltipInfo@1b252f4e],insertion=Player995}]) Handling inbound packet from channel with name "jade:request_block"
[19:43:06] [Netty NIO IO #1/DEBUG] (ServerPlayNetworkAddon for literal{Player995}[style={clickEvent=SuggestCommand[command=/tell Player995 ],hoverEvent=ShowEntity[entity=net.minecraft.network.chat.HoverEvent$EntityTooltipInfo@1b252f4e],insertion=Player995}]) Handling inbound packet from channel with name "jade:request_block"
[19:43:06] [Server thread/DEBUG] (ServerPlayNetworkAddon for literal{Player995}[style={clickEvent=SuggestCommand[command=/tell Player995 ],hoverEvent=ShowEntity[entity=net.minecraft.network.chat.HoverEvent$EntityTooltipInfo@1b252f4e],insertion=Player995}]) Handling inbound packet from channel with name "jade:request_block"
[19:43:07] [Netty NIO IO #1/DEBUG] (ServerPlayNetworkAddon for literal{Player995}[style={clickEvent=SuggestCommand[command=/tell Player995 ],hoverEvent=ShowEntity[entity=net.minecraft.network.chat.HoverEvent$EntityTooltipInfo@1b252f4e],insertion=Player995}]) Handling inbound packet from channel with name "jade:request_block"
[19:43:07] [Server thread/DEBUG] (ServerPlayNetworkAddon for literal{Player995}[style={clickEvent=SuggestCommand[command=/tell Player995 ],hoverEvent=ShowEntity[entity=net.minecraft.network.chat.HoverEvent$EntityTooltipInfo@1b252f4e],insertion=Player995}]) Handling inbound packet from channel with name "jade:request_block"
[19:43:07] [Netty NIO IO #1/DEBUG] (ServerPlayNetworkAddon for literal{Player995}[style={clickEvent=SuggestCommand[command=/tell Player995 ],hoverEvent=ShowEntity[entity=net.minecraft.network.chat.HoverEvent$EntityTooltipInfo@1b252f4e],insertion=Player995}]) Handling inbound packet from channel with name "jade:request_block"
[19:43:07] [Netty NIO IO #1/DEBUG] (ServerPlayNetworkAddon for literal{Player995}[style={clickEvent=SuggestCommand[command=/tell Player995 ],hoverEvent=ShowEntity[entity=net.minecraft.network.chat.HoverEvent$EntityTooltipInfo@1b252f4e],insertion=Player995}]) Handling inbound packet from channel with name "jade:request_block"
[19:43:07] [Server thread/DEBUG] (ServerPlayNetworkAddon for literal{Player995}[style={clickEvent=SuggestCommand[command=/tell Player995 ],hoverEvent=ShowEntity[entity=net.minecraft.network.chat.HoverEvent$EntityTooltipInfo@1b252f4e],insertion=Player995}]) Handling inbound packet from channel with name "jade:request_block"
[19:43:07] [Server thread/DEBUG] (ServerPlayNetworkAddon for literal{Player995}[style={clickEvent=SuggestCommand[command=/tell Player995 ],hoverEvent=ShowEntity[entity=net.minecraft.network.chat.HoverEvent$EntityTooltipInfo@1b252f4e],insertion=Player995}]) Handling inbound packet from channel with name "jade:request_block"
[19:43:07] [Netty NIO IO #1/DEBUG] (ServerPlayNetworkAddon for literal{Player995}[style={clickEvent=SuggestCommand[command=/tell Player995 ],hoverEvent=ShowEntity[entity=net.minecraft.network.chat.HoverEvent$EntityTooltipInfo@1b252f4e],insertion=Player995}]) Handling inbound packet from channel with name "jade:request_block"
[19:43:07] [Server thread/DEBUG] (ServerPlayNetworkAddon for literal{Player995}[style={clickEvent=SuggestCommand[command=/tell Player995 ],hoverEvent=ShowEntity[entity=net.minecraft.network.chat.HoverEvent$EntityTooltipInfo@1b252f4e],insertion=Player995}]) Handling inbound packet from channel with name "jade:request_block"
[19:43:07] [Netty NIO IO #1/DEBUG] (ServerPlayNetworkAddon for literal{Player995}[style={clickEvent=SuggestCommand[command=/tell Player995 ],hoverEvent=ShowEntity[entity=net.minecraft.network.chat.HoverEvent$EntityTooltipInfo@1b252f4e],insertion=Player995}]) Handling inbound packet from channel with name "jade:request_block"
[19:43:07] [Server thread/DEBUG] (ServerPlayNetworkAddon for literal{Player995}[style={clickEvent=SuggestCommand[command=/tell Player995 ],hoverEvent=ShowEntity[entity=net.minecraft.network.chat.HoverEvent$EntityTooltipInfo@1b252f4e],insertion=Player995}]) Handling inbound packet from channel with name "jade:request_block"
[19:43:07] [Netty NIO IO #1/DEBUG] (ServerPlayNetworkAddon for literal{Player995}[style={clickEvent=SuggestCommand[command=/tell Player995 ],hoverEvent=ShowEntity[entity=net.minecraft.network.chat.HoverEvent$EntityTooltipInfo@1b252f4e],insertion=Player995}]) Handling inbound packet from channel with name "jade:request_block"
[19:43:07] [Server thread/DEBUG] (ServerPlayNetworkAddon for literal{Player995}[style={clickEvent=SuggestCommand[command=/tell Player995 ],hoverEvent=ShowEntity[entity=net.minecraft.network.chat.HoverEvent$EntityTooltipInfo@1b252f4e],insertion=Player995}]) Handling inbound packet from channel with name "jade:request_block"
[19:43:11] [Netty NIO IO #2/DEBUG] (ServerPlayNetworkAddon for literal{Player840}[style={clickEvent=SuggestCommand[command=/tell Player840 ],hoverEvent=ShowEntity[entity=net.minecraft.network.chat.HoverEvent$EntityTooltipInfo@4d270255],insertion=Player840}]) Handling inbound packet from channel with name "jade:request_block"
[19:43:11] [Server thread/DEBUG] (ServerPlayNetworkAddon for literal{Player840}[style={clickEvent=SuggestCommand[command=/tell Player840 ],hoverEvent=ShowEntity[entity=net.minecraft.network.chat.HoverEvent$EntityTooltipInfo@4d270255],insertion=Player840}]) Handling inbound packet from channel with name "jade:request_block"
[19:43:11] [Netty NIO IO #2/DEBUG] (ServerPlayNetworkAddon for literal{Player840}[style={clickEvent=SuggestCommand[command=/tell Player840 ],hoverEvent=ShowEntity[entity=net.minecraft.network.chat.HoverEvent$EntityTooltipInfo@4d270255],insertion=Player840}]) Handling inbound packet from channel with name "jade:request_block"
[19:43:11] [Server thread/DEBUG] (ServerPlayNetworkAddon for literal{Player840}[style={clickEvent=SuggestCommand[command=/tell Player840 ],hoverEvent=ShowEntity[entity=net.minecraft.network.chat.HoverEvent$EntityTooltipInfo@4d270255],insertion=Player840}]) Handling inbound packet from channel with name "jade:request_block"
[19:43:13] [Netty NIO IO #3/DEBUG] (ServerPlayNetworkAddon for literal{Player548}[style={clickEvent=SuggestCommand[command=/tell Player548 ],hoverEvent=ShowEntity[entity=net.minecraft.network.chat.HoverEvent$EntityTooltipInfo@70cb61f5],insertion=Player548}]) Handling inbound packet from channel with name "jade:request_block"
[19:43:13] [Server thread/DEBUG] (ServerPlayNetworkAddon for literal{Player548}[style={clickEvent=SuggestCommand[command=/tell Player548 ],hoverEvent=ShowEntity[entity=net.minecraft.network.chat.HoverEvent$EntityTooltipInfo@70cb61f5],insertion=Player548}]) Handling inbound packet from channel with name "jade:request_block"
[19:43:14] [Netty NIO IO #3/DEBUG] (ServerPlayNetworkAddon for literal{Player548}[style={clickEvent=SuggestCommand[command=/tell Player548 ],hoverEvent=ShowEntity[entity=net.minecraft.network.chat.HoverEvent$EntityTooltipInfo@70cb61f5],insertion=Player548}]) Handling inbound packet from channel with name "jade:request_entity"
[19:43:14] [Server thread/DEBUG] (ServerPlayNetworkAddon for literal{Player548}[style={clickEvent=SuggestCommand[command=/tell Player548 ],hoverEvent=ShowEntity[entity=net.minecraft.network.chat.HoverEvent$EntityTooltipInfo@70cb61f5],insertion=Player548}]) Handling inbound packet from channel with name "jade:request_entity"
[19:43:14] [Netty NIO IO #3/DEBUG] (ServerPlayNetworkAddon for literal{Player548}[style={clickEvent=SuggestCommand[command=/tell Player548 ],hoverEvent=ShowEntity[entity=net.minecraft.network.chat.HoverEvent$EntityTooltipInfo@70cb61f5],insertion=Player548}]) Handling inbound packet from channel with name "jade:request_entity"
[19:43:14] [Server thread/DEBUG] (ServerPlayNetworkAddon for literal{Player548}[style={clickEvent=SuggestCommand[command=/tell Player548 ],hoverEvent=ShowEntity[entity=net.minecraft.network.chat.HoverEvent$EntityTooltipInfo@70cb61f5],insertion=Player548}]) Handling inbound packet from channel with name "jade:request_entity"
[19:43:14] [Netty NIO IO #3/DEBUG] (ServerPlayNetworkAddon for literal{Player548}[style={clickEvent=SuggestCommand[command=/tell Player548 ],hoverEvent=ShowEntity[entity=net.minecraft.network.chat.HoverEvent$EntityTooltipInfo@70cb61f5],insertion=Player548}]) Handling inbound packet from channel with name "jade:request_block"
[19:43:14] [Server thread/DEBUG] (ServerPlayNetworkAddon for literal{Player548}[style={clickEvent=SuggestCommand[command=/tell Player548 ],hoverEvent=ShowEntity[entity=net.minecraft.network.chat.HoverEvent$EntityTooltipInfo@70cb61f5],insertion=Player548}]) Handling inbound packet from channel with name "jade:request_block"
[19:43:14] [Netty NIO IO #3/DEBUG] (ServerPlayNetworkAddon for literal{Player548}[style={clickEvent=SuggestCommand[command=/tell Player548 ],hoverEvent=ShowEntity[entity=net.minecraft.network.chat.HoverEvent$EntityTooltipInfo@70cb61f5],insertion=Player548}]) Handling inbound packet from channel with name "jade:request_block"
[19:43:14] [Server thread/DEBUG] (ServerPlayNetworkAddon for literal{Player548}[style={clickEvent=SuggestCommand[command=/tell Player548 ],hoverEvent=ShowEntity[entity=net.minecraft.network.chat.HoverEvent$EntityTooltipInfo@70cb61f5],insertion=Player548}]) Handling inbound packet from channel with name "jade:request_block"
[19:43:14] [Netty NIO IO #3/DEBUG] (ServerPlayNetworkAddon for literal{Player548}[style={clickEvent=SuggestCommand[command=/tell Player548 ],hoverEvent=ShowEntity[entity=net.minecraft.network.chat.HoverEvent$EntityTooltipInfo@70cb61f5],insertion=Player548}]) Handling inbound packet from channel with name "jade:request_block"
[19:43:14] [Server thread/DEBUG] (ServerPlayNetworkAddon for literal{Player548}[style={clickEvent=SuggestCommand[command=/tell Player548 ],hoverEvent=ShowEntity[entity=net.minecraft.network.chat.HoverEvent$EntityTooltipInfo@70cb61f5],insertion=Player548}]) Handling inbound packet from channel with name "jade:request_block"
[19:43:28] [Server thread/INFO] (net.minecraft.server.MinecraftServer) [Player995: Set the time to 6000]
[19:43:31] [Netty NIO IO #1/DEBUG] (ServerPlayNetworkAddon for literal{Player995}[style={clickEvent=SuggestCommand[command=/tell Player995 ],hoverEvent=ShowEntity[entity=net.minecraft.network.chat.HoverEvent$EntityTooltipInfo@1b252f4e],insertion=Player995}]) Handling inbound packet from channel with name "jade:request_block"
[19:43:31] [Server thread/DEBUG] (ServerPlayNetworkAddon for literal{Player995}[style={clickEvent=SuggestCommand[command=/tell Player995 ],hoverEvent=ShowEntity[entity=net.minecraft.network.chat.HoverEvent$EntityTooltipInfo@1b252f4e],insertion=Player995}]) Handling inbound packet from channel with name "jade:request_block"
[19:43:32] [Netty NIO IO #1/DEBUG] (ServerPlayNetworkAddon for literal{Player995}[style={clickEvent=SuggestCommand[command=/tell Player995 ],hoverEvent=ShowEntity[entity=net.minecraft.network.chat.HoverEvent$EntityTooltipInfo@1b252f4e],insertion=Player995}]) Handling inbound packet from channel with name "jade:request_block"
[19:43:32] [Server thread/DEBUG] (ServerPlayNetworkAddon for literal{Player995}[style={clickEvent=SuggestCommand[command=/tell Player995 ],hoverEvent=ShowEntity[entity=net.minecraft.network.chat.HoverEvent$EntityTooltipInfo@1b252f4e],insertion=Player995}]) Handling inbound packet from channel with name "jade:request_block"
[19:43:32] [Netty NIO IO #1/DEBUG] (ServerPlayNetworkAddon for literal{Player995}[style={clickEvent=SuggestCommand[command=/tell Player995 ],hoverEvent=ShowEntity[entity=net.minecraft.network.chat.HoverEvent$EntityTooltipInfo@1b252f4e],insertion=Player995}]) Handling inbound packet from channel with name "jade:request_block"
[19:43:32] [Server thread/DEBUG] (ServerPlayNetworkAddon for literal{Player995}[style={clickEvent=SuggestCommand[command=/tell Player995 ],hoverEvent=ShowEntity[entity=net.minecraft.network.chat.HoverEvent$EntityTooltipInfo@1b252f4e],insertion=Player995}]) Handling inbound packet from channel with name "jade:request_block"
[19:44:09] [Netty NIO IO #1/DEBUG] (ServerPlayNetworkAddon for literal{Player995}[style={clickEvent=SuggestCommand[command=/tell Player995 ],hoverEvent=ShowEntity[entity=net.minecraft.network.chat.HoverEvent$EntityTooltipInfo@1b252f4e],insertion=Player995}]) Handling inbound packet from channel with name "djsfixedprogression:sleep_vote"
[19:44:09] [Server thread/DEBUG] (ServerPlayNetworkAddon for literal{Player995}[style={clickEvent=SuggestCommand[command=/tell Player995 ],hoverEvent=ShowEntity[entity=net.minecraft.network.chat.HoverEvent$EntityTooltipInfo@1b252f4e],insertion=Player995}]) Handling inbound packet from channel with name "djsfixedprogression:sleep_vote"
[19:44:11] [Netty NIO IO #2/DEBUG] (ServerPlayNetworkAddon for literal{Player840}[style={clickEvent=SuggestCommand[command=/tell Player840 ],hoverEvent=ShowEntity[entity=net.minecraft.network.chat.HoverEvent$EntityTooltipInfo@4d270255],insertion=Player840}]) Handling inbound packet from channel with name "djsfixedprogression:sleep_vote"
[19:44:11] [Server thread/DEBUG] (ServerPlayNetworkAddon for literal{Player840}[style={clickEvent=SuggestCommand[command=/tell Player840 ],hoverEvent=ShowEntity[entity=net.minecraft.network.chat.HoverEvent$EntityTooltipInfo@4d270255],insertion=Player840}]) Handling inbound packet from channel with name "djsfixedprogression:sleep_vote"
[19:44:11] [Server thread/INFO] (net.minecraft.server.MinecraftServer) The night was skipped
[19:44:11] [Netty NIO IO #1/DEBUG] (ServerPlayNetworkAddon for literal{Player995}[style={clickEvent=SuggestCommand[command=/tell Player995 ],hoverEvent=ShowEntity[entity=net.minecraft.network.chat.HoverEvent$EntityTooltipInfo@1b252f4e],insertion=Player995}]) Handling inbound packet from channel with name "jade:request_entity"
[19:44:11] [Netty NIO IO #3/DEBUG] (ServerPlayNetworkAddon for literal{Player548}[style={clickEvent=SuggestCommand[command=/tell Player548 ],hoverEvent=ShowEntity[entity=net.minecraft.network.chat.HoverEvent$EntityTooltipInfo@70cb61f5],insertion=Player548}]) Handling inbound packet from channel with name "jade:request_entity"
[19:44:11] [Server thread/DEBUG] (ServerPlayNetworkAddon for literal{Player995}[style={clickEvent=SuggestCommand[command=/tell Player995 ],hoverEvent=ShowEntity[entity=net.minecraft.network.chat.HoverEvent$EntityTooltipInfo@1b252f4e],insertion=Player995}]) Handling inbound packet from channel with name "jade:request_entity"
[19:44:11] [Server thread/DEBUG] (ServerPlayNetworkAddon for literal{Player548}[style={clickEvent=SuggestCommand[command=/tell Player548 ],hoverEvent=ShowEntity[entity=net.minecraft.network.chat.HoverEvent$EntityTooltipInfo@70cb61f5],insertion=Player548}]) Handling inbound packet from channel with name "jade:request_entity"
[19:44:11] [Netty NIO IO #2/DEBUG] (ServerPlayNetworkAddon for literal{Player840}[style={clickEvent=SuggestCommand[command=/tell Player840 ],hoverEvent=ShowEntity[entity=net.minecraft.network.chat.HoverEvent$EntityTooltipInfo@4d270255],insertion=Player840}]) Handling inbound packet from channel with name "jade:request_entity"
[19:44:11] [Server thread/DEBUG] (ServerPlayNetworkAddon for literal{Player840}[style={clickEvent=SuggestCommand[command=/tell Player840 ],hoverEvent=ShowEntity[entity=net.minecraft.network.chat.HoverEvent$EntityTooltipInfo@4d270255],insertion=Player840}]) Handling inbound packet from channel with name "jade:request_entity"
[19:44:11] [Netty NIO IO #2/DEBUG] (ServerPlayNetworkAddon for literal{Player840}[style={clickEvent=SuggestCommand[command=/tell Player840 ],hoverEvent=ShowEntity[entity=net.minecraft.network.chat.HoverEvent$EntityTooltipInfo@4d270255],insertion=Player840}]) Handling inbound packet from channel with name "jade:request_entity"
[19:44:11] [Server thread/DEBUG] (ServerPlayNetworkAddon for literal{Player840}[style={clickEvent=SuggestCommand[command=/tell Player840 ],hoverEvent=ShowEntity[entity=net.minecraft.network.chat.HoverEvent$EntityTooltipInfo@4d270255],insertion=Player840}]) Handling inbound packet from channel with name "jade:request_entity"
[19:44:12] [Netty NIO IO #2/DEBUG] (ServerPlayNetworkAddon for literal{Player840}[style={clickEvent=SuggestCommand[command=/tell Player840 ],hoverEvent=ShowEntity[entity=net.minecraft.network.chat.HoverEvent$EntityTooltipInfo@4d270255],insertion=Player840}]) Handling inbound packet from channel with name "jade:request_entity"
[19:44:12] [Server thread/DEBUG] (ServerPlayNetworkAddon for literal{Player840}[style={clickEvent=SuggestCommand[command=/tell Player840 ],hoverEvent=ShowEntity[entity=net.minecraft.network.chat.HoverEvent$EntityTooltipInfo@4d270255],insertion=Player840}]) Handling inbound packet from channel with name "jade:request_entity"
[19:44:12] [Netty NIO IO #2/DEBUG] (ServerPlayNetworkAddon for literal{Player840}[style={clickEvent=SuggestCommand[command=/tell Player840 ],hoverEvent=ShowEntity[entity=net.minecraft.network.chat.HoverEvent$EntityTooltipInfo@4d270255],insertion=Player840}]) Handling inbound packet from channel with name "jade:request_entity"
[19:44:12] [Server thread/DEBUG] (ServerPlayNetworkAddon for literal{Player840}[style={clickEvent=SuggestCommand[command=/tell Player840 ],hoverEvent=ShowEntity[entity=net.minecraft.network.chat.HoverEvent$EntityTooltipInfo@4d270255],insertion=Player840}]) Handling inbound packet from channel with name "jade:request_entity"
[19:44:12] [Netty NIO IO #2/DEBUG] (ServerPlayNetworkAddon for literal{Player840}[style={clickEvent=SuggestCommand[command=/tell Player840 ],hoverEvent=ShowEntity[entity=net.minecraft.network.chat.HoverEvent$EntityTooltipInfo@4d270255],insertion=Player840}]) Handling inbound packet from channel with name "jade:request_entity"
[19:44:12] [Server thread/DEBUG] (ServerPlayNetworkAddon for literal{Player840}[style={clickEvent=SuggestCommand[command=/tell Player840 ],hoverEvent=ShowEntity[entity=net.minecraft.network.chat.HoverEvent$EntityTooltipInfo@4d270255],insertion=Player840}]) Handling inbound packet from channel with name "jade:request_entity"
[19:44:13] [Netty NIO IO #2/DEBUG] (ServerPlayNetworkAddon for literal{Player840}[style={clickEvent=SuggestCommand[command=/tell Player840 ],hoverEvent=ShowEntity[entity=net.minecraft.network.chat.HoverEvent$EntityTooltipInfo@4d270255],insertion=Player840}]) Handling inbound packet from channel with name "jade:request_entity"
[19:44:13] [Server thread/DEBUG] (ServerPlayNetworkAddon for literal{Player840}[style={clickEvent=SuggestCommand[command=/tell Player840 ],hoverEvent=ShowEntity[entity=net.minecraft.network.chat.HoverEvent$EntityTooltipInfo@4d270255],insertion=Player840}]) Handling inbound packet from channel with name "jade:request_entity"
[19:44:13] [Netty NIO IO #2/DEBUG] (ServerPlayNetworkAddon for literal{Player840}[style={clickEvent=SuggestCommand[command=/tell Player840 ],hoverEvent=ShowEntity[entity=net.minecraft.network.chat.HoverEvent$EntityTooltipInfo@4d270255],insertion=Player840}]) Handling inbound packet from channel with name "jade:request_entity"
[19:44:13] [Server thread/DEBUG] (ServerPlayNetworkAddon for literal{Player840}[style={clickEvent=SuggestCommand[command=/tell Player840 ],hoverEvent=ShowEntity[entity=net.minecraft.network.chat.HoverEvent$EntityTooltipInfo@4d270255],insertion=Player840}]) Handling inbound packet from channel with name "jade:request_entity"
[19:44:13] [Netty NIO IO #2/DEBUG] (ServerPlayNetworkAddon for literal{Player840}[style={clickEvent=SuggestCommand[command=/tell Player840 ],hoverEvent=ShowEntity[entity=net.minecraft.network.chat.HoverEvent$EntityTooltipInfo@4d270255],insertion=Player840}]) Handling inbound packet from channel with name "jade:request_entity"
[19:44:13] [Server thread/DEBUG] (ServerPlayNetworkAddon for literal{Player840}[style={clickEvent=SuggestCommand[command=/tell Player840 ],hoverEvent=ShowEntity[entity=net.minecraft.network.chat.HoverEvent$EntityTooltipInfo@4d270255],insertion=Player840}]) Handling inbound packet from channel with name "jade:request_entity"
[19:44:13] [Netty NIO IO #2/DEBUG] (ServerPlayNetworkAddon for literal{Player840}[style={clickEvent=SuggestCommand[command=/tell Player840 ],hoverEvent=ShowEntity[entity=net.minecraft.network.chat.HoverEvent$EntityTooltipInfo@4d270255],insertion=Player840}]) Handling inbound packet from channel with name "jade:request_entity"
[19:44:13] [Server thread/DEBUG] (ServerPlayNetworkAddon for literal{Player840}[style={clickEvent=SuggestCommand[command=/tell Player840 ],hoverEvent=ShowEntity[entity=net.minecraft.network.chat.HoverEvent$EntityTooltipInfo@4d270255],insertion=Player840}]) Handling inbound packet from channel with name "jade:request_entity"
[19:44:14] [Netty NIO IO #2/DEBUG] (ServerPlayNetworkAddon for literal{Player840}[style={clickEvent=SuggestCommand[command=/tell Player840 ],hoverEvent=ShowEntity[entity=net.minecraft.network.chat.HoverEvent$EntityTooltipInfo@4d270255],insertion=Player840}]) Handling inbound packet from channel with name "jade:request_entity"
[19:44:14] [Server thread/DEBUG] (ServerPlayNetworkAddon for literal{Player840}[style={clickEvent=SuggestCommand[command=/tell Player840 ],hoverEvent=ShowEntity[entity=net.minecraft.network.chat.HoverEvent$EntityTooltipInfo@4d270255],insertion=Player840}]) Handling inbound packet from channel with name "jade:request_entity"
[19:44:23] [Netty NIO IO #1/DEBUG] (ServerPlayNetworkAddon for literal{Player995}[style={clickEvent=SuggestCommand[command=/tell Player995 ],hoverEvent=ShowEntity[entity=net.minecraft.network.chat.HoverEvent$EntityTooltipInfo@1b252f4e],insertion=Player995}]) Handling inbound packet from channel with name "jade:request_block"
[19:44:23] [Server thread/DEBUG] (ServerPlayNetworkAddon for literal{Player995}[style={clickEvent=SuggestCommand[command=/tell Player995 ],hoverEvent=ShowEntity[entity=net.minecraft.network.chat.HoverEvent$EntityTooltipInfo@1b252f4e],insertion=Player995}]) Handling inbound packet from channel with name "jade:request_block"
[19:44:23] [Netty NIO IO #1/DEBUG] (ServerPlayNetworkAddon for literal{Player995}[style={clickEvent=SuggestCommand[command=/tell Player995 ],hoverEvent=ShowEntity[entity=net.minecraft.network.chat.HoverEvent$EntityTooltipInfo@1b252f4e],insertion=Player995}]) Handling inbound packet from channel with name "jade:request_block"
[19:44:23] [Server thread/DEBUG] (ServerPlayNetworkAddon for literal{Player995}[style={clickEvent=SuggestCommand[command=/tell Player995 ],hoverEvent=ShowEntity[entity=net.minecraft.network.chat.HoverEvent$EntityTooltipInfo@1b252f4e],insertion=Player995}]) Handling inbound packet from channel with name "jade:request_block"
[19:44:23] [Netty NIO IO #1/DEBUG] (ServerPlayNetworkAddon for literal{Player995}[style={clickEvent=SuggestCommand[command=/tell Player995 ],hoverEvent=ShowEntity[entity=net.minecraft.network.chat.HoverEvent$EntityTooltipInfo@1b252f4e],insertion=Player995}]) Handling inbound packet from channel with name "jade:request_entity"
[19:44:23] [Server thread/DEBUG] (ServerPlayNetworkAddon for literal{Player995}[style={clickEvent=SuggestCommand[command=/tell Player995 ],hoverEvent=ShowEntity[entity=net.minecraft.network.chat.HoverEvent$EntityTooltipInfo@1b252f4e],insertion=Player995}]) Handling inbound packet from channel with name "jade:request_entity"
[19:44:23] [Netty NIO IO #1/DEBUG] (ServerPlayNetworkAddon for literal{Player995}[style={clickEvent=SuggestCommand[command=/tell Player995 ],hoverEvent=ShowEntity[entity=net.minecraft.network.chat.HoverEvent$EntityTooltipInfo@1b252f4e],insertion=Player995}]) Handling inbound packet from channel with name "jade:request_block"
[19:44:23] [Server thread/DEBUG] (ServerPlayNetworkAddon for literal{Player995}[style={clickEvent=SuggestCommand[command=/tell Player995 ],hoverEvent=ShowEntity[entity=net.minecraft.network.chat.HoverEvent$EntityTooltipInfo@1b252f4e],insertion=Player995}]) Handling inbound packet from channel with name "jade:request_block"
[19:44:24] [Netty NIO IO #1/DEBUG] (ServerPlayNetworkAddon for literal{Player995}[style={clickEvent=SuggestCommand[command=/tell Player995 ],hoverEvent=ShowEntity[entity=net.minecraft.network.chat.HoverEvent$EntityTooltipInfo@1b252f4e],insertion=Player995}]) Handling inbound packet from channel with name "jade:request_block"
[19:44:24] [Server thread/DEBUG] (ServerPlayNetworkAddon for literal{Player995}[style={clickEvent=SuggestCommand[command=/tell Player995 ],hoverEvent=ShowEntity[entity=net.minecraft.network.chat.HoverEvent$EntityTooltipInfo@1b252f4e],insertion=Player995}]) Handling inbound packet from channel with name "jade:request_block"
[19:44:24] [Netty NIO IO #1/DEBUG] (ServerPlayNetworkAddon for literal{Player995}[style={clickEvent=SuggestCommand[command=/tell Player995 ],hoverEvent=ShowEntity[entity=net.minecraft.network.chat.HoverEvent$EntityTooltipInfo@1b252f4e],insertion=Player995}]) Handling inbound packet from channel with name "jade:request_block"
[19:44:24] [Server thread/DEBUG] (ServerPlayNetworkAddon for literal{Player995}[style={clickEvent=SuggestCommand[command=/tell Player995 ],hoverEvent=ShowEntity[entity=net.minecraft.network.chat.HoverEvent$EntityTooltipInfo@1b252f4e],insertion=Player995}]) Handling inbound packet from channel with name "jade:request_block"
[19:44:29] [Netty NIO IO #1/DEBUG] (ServerPlayNetworkAddon for literal{Player995}[style={clickEvent=SuggestCommand[command=/tell Player995 ],hoverEvent=ShowEntity[entity=net.minecraft.network.chat.HoverEvent$EntityTooltipInfo@1b252f4e],insertion=Player995}]) Handling inbound packet from channel with name "jade:request_block"
[19:44:29] [Server thread/DEBUG] (ServerPlayNetworkAddon for literal{Player995}[style={clickEvent=SuggestCommand[command=/tell Player995 ],hoverEvent=ShowEntity[entity=net.minecraft.network.chat.HoverEvent$EntityTooltipInfo@1b252f4e],insertion=Player995}]) Handling inbound packet from channel with name "jade:request_block"
[19:44:29] [Netty NIO IO #1/DEBUG] (ServerPlayNetworkAddon for literal{Player995}[style={clickEvent=SuggestCommand[command=/tell Player995 ],hoverEvent=ShowEntity[entity=net.minecraft.network.chat.HoverEvent$EntityTooltipInfo@1b252f4e],insertion=Player995}]) Handling inbound packet from channel with name "jade:request_block"
[19:44:29] [Server thread/DEBUG] (ServerPlayNetworkAddon for literal{Player995}[style={clickEvent=SuggestCommand[command=/tell Player995 ],hoverEvent=ShowEntity[entity=net.minecraft.network.chat.HoverEvent$EntityTooltipInfo@1b252f4e],insertion=Player995}]) Handling inbound packet from channel with name "jade:request_block"
[19:44:30] [Netty NIO IO #1/DEBUG] (ServerPlayNetworkAddon for literal{Player995}[style={clickEvent=SuggestCommand[command=/tell Player995 ],hoverEvent=ShowEntity[entity=net.minecraft.network.chat.HoverEvent$EntityTooltipInfo@1b252f4e],insertion=Player995}]) Handling inbound packet from channel with name "jade:request_entity"
[19:44:30] [Server thread/DEBUG] (ServerPlayNetworkAddon for literal{Player995}[style={clickEvent=SuggestCommand[command=/tell Player995 ],hoverEvent=ShowEntity[entity=net.minecraft.network.chat.HoverEvent$EntityTooltipInfo@1b252f4e],insertion=Player995}]) Handling inbound packet from channel with name "jade:request_entity"
[19:44:34] [Netty NIO IO #1/DEBUG] (ServerPlayNetworkAddon for literal{Player995}[style={clickEvent=SuggestCommand[command=/tell Player995 ],hoverEvent=ShowEntity[entity=net.minecraft.network.chat.HoverEvent$EntityTooltipInfo@1b252f4e],insertion=Player995}]) Handling inbound packet from channel with name "jade:request_block"
[19:44:34] [Server thread/DEBUG] (ServerPlayNetworkAddon for literal{Player995}[style={clickEvent=SuggestCommand[command=/tell Player995 ],hoverEvent=ShowEntity[entity=net.minecraft.network.chat.HoverEvent$EntityTooltipInfo@1b252f4e],insertion=Player995}]) Handling inbound packet from channel with name "jade:request_block"
[19:44:35] [Netty NIO IO #1/DEBUG] (ServerPlayNetworkAddon for literal{Player995}[style={clickEvent=SuggestCommand[command=/tell Player995 ],hoverEvent=ShowEntity[entity=net.minecraft.network.chat.HoverEvent$EntityTooltipInfo@1b252f4e],insertion=Player995}]) Handling inbound packet from channel with name "jade:request_block"
[19:44:35] [Server thread/DEBUG] (ServerPlayNetworkAddon for literal{Player995}[style={clickEvent=SuggestCommand[command=/tell Player995 ],hoverEvent=ShowEntity[entity=net.minecraft.network.chat.HoverEvent$EntityTooltipInfo@1b252f4e],insertion=Player995}]) Handling inbound packet from channel with name "jade:request_block"
[19:44:35] [Netty NIO IO #1/DEBUG] (ServerPlayNetworkAddon for literal{Player995}[style={clickEvent=SuggestCommand[command=/tell Player995 ],hoverEvent=ShowEntity[entity=net.minecraft.network.chat.HoverEvent$EntityTooltipInfo@1b252f4e],insertion=Player995}]) Handling inbound packet from channel with name "jade:request_entity"
[19:44:35] [Server thread/DEBUG] (ServerPlayNetworkAddon for literal{Player995}[style={clickEvent=SuggestCommand[command=/tell Player995 ],hoverEvent=ShowEntity[entity=net.minecraft.network.chat.HoverEvent$EntityTooltipInfo@1b252f4e],insertion=Player995}]) Handling inbound packet from channel with name "jade:request_entity"
[19:44:35] [Netty NIO IO #1/DEBUG] (ServerPlayNetworkAddon for literal{Player995}[style={clickEvent=SuggestCommand[command=/tell Player995 ],hoverEvent=ShowEntity[entity=net.minecraft.network.chat.HoverEvent$EntityTooltipInfo@1b252f4e],insertion=Player995}]) Handling inbound packet from channel with name "jade:request_entity"
[19:44:35] [Server thread/DEBUG] (ServerPlayNetworkAddon for literal{Player995}[style={clickEvent=SuggestCommand[command=/tell Player995 ],hoverEvent=ShowEntity[entity=net.minecraft.network.chat.HoverEvent$EntityTooltipInfo@1b252f4e],insertion=Player995}]) Handling inbound packet from channel with name "jade:request_entity"
[19:44:35] [Netty NIO IO #1/DEBUG] (ServerPlayNetworkAddon for literal{Player995}[style={clickEvent=SuggestCommand[command=/tell Player995 ],hoverEvent=ShowEntity[entity=net.minecraft.network.chat.HoverEvent$EntityTooltipInfo@1b252f4e],insertion=Player995}]) Handling inbound packet from channel with name "jade:request_entity"
[19:44:35] [Server thread/DEBUG] (ServerPlayNetworkAddon for literal{Player995}[style={clickEvent=SuggestCommand[command=/tell Player995 ],hoverEvent=ShowEntity[entity=net.minecraft.network.chat.HoverEvent$EntityTooltipInfo@1b252f4e],insertion=Player995}]) Handling inbound packet from channel with name "jade:request_entity"
[19:44:36] [Netty NIO IO #1/DEBUG] (ServerPlayNetworkAddon for literal{Player995}[style={clickEvent=SuggestCommand[command=/tell Player995 ],hoverEvent=ShowEntity[entity=net.minecraft.network.chat.HoverEvent$EntityTooltipInfo@1b252f4e],insertion=Player995}]) Handling inbound packet from channel with name "jade:request_block"
[19:44:36] [Server thread/DEBUG] (ServerPlayNetworkAddon for literal{Player995}[style={clickEvent=SuggestCommand[command=/tell Player995 ],hoverEvent=ShowEntity[entity=net.minecraft.network.chat.HoverEvent$EntityTooltipInfo@1b252f4e],insertion=Player995}]) Handling inbound packet from channel with name "jade:request_block"
[19:44:36] [Netty NIO IO #1/DEBUG] (ServerPlayNetworkAddon for literal{Player995}[style={clickEvent=SuggestCommand[command=/tell Player995 ],hoverEvent=ShowEntity[entity=net.minecraft.network.chat.HoverEvent$EntityTooltipInfo@1b252f4e],insertion=Player995}]) Handling inbound packet from channel with name "jade:request_block"
[19:44:36] [Server thread/DEBUG] (ServerPlayNetworkAddon for literal{Player995}[style={clickEvent=SuggestCommand[command=/tell Player995 ],hoverEvent=ShowEntity[entity=net.minecraft.network.chat.HoverEvent$EntityTooltipInfo@1b252f4e],insertion=Player995}]) Handling inbound packet from channel with name "jade:request_block"
[19:44:36] [Netty NIO IO #1/DEBUG] (ServerPlayNetworkAddon for literal{Player995}[style={clickEvent=SuggestCommand[command=/tell Player995 ],hoverEvent=ShowEntity[entity=net.minecraft.network.chat.HoverEvent$EntityTooltipInfo@1b252f4e],insertion=Player995}]) Handling inbound packet from channel with name "jade:request_block"
[19:44:36] [Server thread/DEBUG] (ServerPlayNetworkAddon for literal{Player995}[style={clickEvent=SuggestCommand[command=/tell Player995 ],hoverEvent=ShowEntity[entity=net.minecraft.network.chat.HoverEvent$EntityTooltipInfo@1b252f4e],insertion=Player995}]) Handling inbound packet from channel with name "jade:request_block"
[19:44:37] [Netty NIO IO #1/DEBUG] (ServerPlayNetworkAddon for literal{Player995}[style={clickEvent=SuggestCommand[command=/tell Player995 ],hoverEvent=ShowEntity[entity=net.minecraft.network.chat.HoverEvent$EntityTooltipInfo@1b252f4e],insertion=Player995}]) Handling inbound packet from channel with name "jade:request_block"
[19:44:37] [Server thread/DEBUG] (ServerPlayNetworkAddon for literal{Player995}[style={clickEvent=SuggestCommand[command=/tell Player995 ],hoverEvent=ShowEntity[entity=net.minecraft.network.chat.HoverEvent$EntityTooltipInfo@1b252f4e],insertion=Player995}]) Handling inbound packet from channel with name "jade:request_block"
[19:44:38] [Netty NIO IO #1/DEBUG] (ServerPlayNetworkAddon for literal{Player995}[style={clickEvent=SuggestCommand[command=/tell Player995 ],hoverEvent=ShowEntity[entity=net.minecraft.network.chat.HoverEvent$EntityTooltipInfo@1b252f4e],insertion=Player995}]) Handling inbound packet from channel with name "jade:request_block"
[19:44:38] [Server thread/DEBUG] (ServerPlayNetworkAddon for literal{Player995}[style={clickEvent=SuggestCommand[command=/tell Player995 ],hoverEvent=ShowEntity[entity=net.minecraft.network.chat.HoverEvent$EntityTooltipInfo@1b252f4e],insertion=Player995}]) Handling inbound packet from channel with name "jade:request_block"
[19:44:41] [Netty NIO IO #1/DEBUG] (ServerPlayNetworkAddon for literal{Player995}[style={clickEvent=SuggestCommand[command=/tell Player995 ],hoverEvent=ShowEntity[entity=net.minecraft.network.chat.HoverEvent$EntityTooltipInfo@1b252f4e],insertion=Player995}]) Handling inbound packet from channel with name "djsfixedprogression:sleep_vote"
[19:44:41] [Server thread/DEBUG] (ServerPlayNetworkAddon for literal{Player995}[style={clickEvent=SuggestCommand[command=/tell Player995 ],hoverEvent=ShowEntity[entity=net.minecraft.network.chat.HoverEvent$EntityTooltipInfo@1b252f4e],insertion=Player995}]) Handling inbound packet from channel with name "djsfixedprogression:sleep_vote"
[19:44:42] [Netty NIO IO #1/DEBUG] (ServerPlayNetworkAddon for literal{Player995}[style={clickEvent=SuggestCommand[command=/tell Player995 ],hoverEvent=ShowEntity[entity=net.minecraft.network.chat.HoverEvent$EntityTooltipInfo@1b252f4e],insertion=Player995}]) Handling inbound packet from channel with name "jade:request_entity"
[19:44:42] [Server thread/DEBUG] (ServerPlayNetworkAddon for literal{Player995}[style={clickEvent=SuggestCommand[command=/tell Player995 ],hoverEvent=ShowEntity[entity=net.minecraft.network.chat.HoverEvent$EntityTooltipInfo@1b252f4e],insertion=Player995}]) Handling inbound packet from channel with name "jade:request_entity"
[19:44:48] [Server thread/INFO] (net.minecraft.server.MinecraftServer) [Player995: Set the weather to clear]
[19:44:49] [Netty NIO IO #1/DEBUG] (ServerPlayNetworkAddon for literal{Player995}[style={clickEvent=SuggestCommand[command=/tell Player995 ],hoverEvent=ShowEntity[entity=net.minecraft.network.chat.HoverEvent$EntityTooltipInfo@1b252f4e],insertion=Player995}]) Handling inbound packet from channel with name "jade:request_entity"
[19:44:49] [Server thread/DEBUG] (ServerPlayNetworkAddon for literal{Player995}[style={clickEvent=SuggestCommand[command=/tell Player995 ],hoverEvent=ShowEntity[entity=net.minecraft.network.chat.HoverEvent$EntityTooltipInfo@1b252f4e],insertion=Player995}]) Handling inbound packet from channel with name "jade:request_entity"
[19:44:49] [Netty NIO IO #1/DEBUG] (ServerPlayNetworkAddon for literal{Player995}[style={clickEvent=SuggestCommand[command=/tell Player995 ],hoverEvent=ShowEntity[entity=net.minecraft.network.chat.HoverEvent$EntityTooltipInfo@1b252f4e],insertion=Player995}]) Handling inbound packet from channel with name "jade:request_block"
[19:44:49] [Server thread/DEBUG] (ServerPlayNetworkAddon for literal{Player995}[style={clickEvent=SuggestCommand[command=/tell Player995 ],hoverEvent=ShowEntity[entity=net.minecraft.network.chat.HoverEvent$EntityTooltipInfo@1b252f4e],insertion=Player995}]) Handling inbound packet from channel with name "jade:request_block"
[19:44:50] [Netty NIO IO #1/DEBUG] (ServerPlayNetworkAddon for literal{Player995}[style={clickEvent=SuggestCommand[command=/tell Player995 ],hoverEvent=ShowEntity[entity=net.minecraft.network.chat.HoverEvent$EntityTooltipInfo@1b252f4e],insertion=Player995}]) Handling inbound packet from channel with name "jade:request_block"
[19:44:50] [Server thread/DEBUG] (ServerPlayNetworkAddon for literal{Player995}[style={clickEvent=SuggestCommand[command=/tell Player995 ],hoverEvent=ShowEntity[entity=net.minecraft.network.chat.HoverEvent$EntityTooltipInfo@1b252f4e],insertion=Player995}]) Handling inbound packet from channel with name "jade:request_block"
[19:44:50] [Netty NIO IO #1/DEBUG] (ServerPlayNetworkAddon for literal{Player995}[style={clickEvent=SuggestCommand[command=/tell Player995 ],hoverEvent=ShowEntity[entity=net.minecraft.network.chat.HoverEvent$EntityTooltipInfo@1b252f4e],insertion=Player995}]) Handling inbound packet from channel with name "jade:request_block"
[19:44:50] [Server thread/DEBUG] (ServerPlayNetworkAddon for literal{Player995}[style={clickEvent=SuggestCommand[command=/tell Player995 ],hoverEvent=ShowEntity[entity=net.minecraft.network.chat.HoverEvent$EntityTooltipInfo@1b252f4e],insertion=Player995}]) Handling inbound packet from channel with name "jade:request_block"
[19:44:50] [Netty NIO IO #1/DEBUG] (ServerPlayNetworkAddon for literal{Player995}[style={clickEvent=SuggestCommand[command=/tell Player995 ],hoverEvent=ShowEntity[entity=net.minecraft.network.chat.HoverEvent$EntityTooltipInfo@1b252f4e],insertion=Player995}]) Handling inbound packet from channel with name "jade:request_block"
[19:44:50] [Server thread/DEBUG] (ServerPlayNetworkAddon for literal{Player995}[style={clickEvent=SuggestCommand[command=/tell Player995 ],hoverEvent=ShowEntity[entity=net.minecraft.network.chat.HoverEvent$EntityTooltipInfo@1b252f4e],insertion=Player995}]) Handling inbound packet from channel with name "jade:request_block"
[19:44:50] [Netty NIO IO #1/DEBUG] (ServerPlayNetworkAddon for literal{Player995}[style={clickEvent=SuggestCommand[command=/tell Player995 ],hoverEvent=ShowEntity[entity=net.minecraft.network.chat.HoverEvent$EntityTooltipInfo@1b252f4e],insertion=Player995}]) Handling inbound packet from channel with name "jade:request_block"
[19:44:50] [Server thread/DEBUG] (ServerPlayNetworkAddon for literal{Player995}[style={clickEvent=SuggestCommand[command=/tell Player995 ],hoverEvent=ShowEntity[entity=net.minecraft.network.chat.HoverEvent$EntityTooltipInfo@1b252f4e],insertion=Player995}]) Handling inbound packet from channel with name "jade:request_block"
[19:44:51] [Netty NIO IO #1/DEBUG] (ServerPlayNetworkAddon for literal{Player995}[style={clickEvent=SuggestCommand[command=/tell Player995 ],hoverEvent=ShowEntity[entity=net.minecraft.network.chat.HoverEvent$EntityTooltipInfo@1b252f4e],insertion=Player995}]) Handling inbound packet from channel with name "jade:request_block"
[19:44:51] [Server thread/DEBUG] (ServerPlayNetworkAddon for literal{Player995}[style={clickEvent=SuggestCommand[command=/tell Player995 ],hoverEvent=ShowEntity[entity=net.minecraft.network.chat.HoverEvent$EntityTooltipInfo@1b252f4e],insertion=Player995}]) Handling inbound packet from channel with name "jade:request_block"
[19:44:51] [Netty NIO IO #1/DEBUG] (ServerPlayNetworkAddon for literal{Player995}[style={clickEvent=SuggestCommand[command=/tell Player995 ],hoverEvent=ShowEntity[entity=net.minecraft.network.chat.HoverEvent$EntityTooltipInfo@1b252f4e],insertion=Player995}]) Handling inbound packet from channel with name "jade:request_block"
[19:44:51] [Server thread/DEBUG] (ServerPlayNetworkAddon for literal{Player995}[style={clickEvent=SuggestCommand[command=/tell Player995 ],hoverEvent=ShowEntity[entity=net.minecraft.network.chat.HoverEvent$EntityTooltipInfo@1b252f4e],insertion=Player995}]) Handling inbound packet from channel with name "jade:request_block"
[19:44:54] [Server thread/INFO] (net.minecraft.server.MinecraftServer) [Player995: Set the time to 18000]
[19:44:55] [Netty NIO IO #1/DEBUG] (ServerPlayNetworkAddon for literal{Player995}[style={clickEvent=SuggestCommand[command=/tell Player995 ],hoverEvent=ShowEntity[entity=net.minecraft.network.chat.HoverEvent$EntityTooltipInfo@1b252f4e],insertion=Player995}]) Handling inbound packet from channel with name "jade:request_block"
[19:44:55] [Server thread/DEBUG] (ServerPlayNetworkAddon for literal{Player995}[style={clickEvent=SuggestCommand[command=/tell Player995 ],hoverEvent=ShowEntity[entity=net.minecraft.network.chat.HoverEvent$EntityTooltipInfo@1b252f4e],insertion=Player995}]) Handling inbound packet from channel with name "jade:request_block"
[19:44:55] [Netty NIO IO #1/DEBUG] (ServerPlayNetworkAddon for literal{Player995}[style={clickEvent=SuggestCommand[command=/tell Player995 ],hoverEvent=ShowEntity[entity=net.minecraft.network.chat.HoverEvent$EntityTooltipInfo@1b252f4e],insertion=Player995}]) Handling inbound packet from channel with name "jade:request_block"
[19:44:55] [Server thread/DEBUG] (ServerPlayNetworkAddon for literal{Player995}[style={clickEvent=SuggestCommand[command=/tell Player995 ],hoverEvent=ShowEntity[entity=net.minecraft.network.chat.HoverEvent$EntityTooltipInfo@1b252f4e],insertion=Player995}]) Handling inbound packet from channel with name "jade:request_block"
[19:44:59] [Server thread/INFO] (net.minecraft.server.MinecraftServer) [Player995: Set the time to 13500]
[19:45:12] [Netty NIO IO #2/DEBUG] (ServerPlayNetworkAddon for literal{Player840}[style={clickEvent=SuggestCommand[command=/tell Player840 ],hoverEvent=ShowEntity[entity=net.minecraft.network.chat.HoverEvent$EntityTooltipInfo@4d270255],insertion=Player840}]) Handling inbound packet from channel with name "jade:request_block"
[19:45:12] [Server thread/DEBUG] (ServerPlayNetworkAddon for literal{Player840}[style={clickEvent=SuggestCommand[command=/tell Player840 ],hoverEvent=ShowEntity[entity=net.minecraft.network.chat.HoverEvent$EntityTooltipInfo@4d270255],insertion=Player840}]) Handling inbound packet from channel with name "jade:request_block"
[19:45:12] [Netty NIO IO #2/DEBUG] (ServerPlayNetworkAddon for literal{Player840}[style={clickEvent=SuggestCommand[command=/tell Player840 ],hoverEvent=ShowEntity[entity=net.minecraft.network.chat.HoverEvent$EntityTooltipInfo@4d270255],insertion=Player840}]) Handling inbound packet from channel with name "jade:request_block"
[19:45:12] [Server thread/DEBUG] (ServerPlayNetworkAddon for literal{Player840}[style={clickEvent=SuggestCommand[command=/tell Player840 ],hoverEvent=ShowEntity[entity=net.minecraft.network.chat.HoverEvent$EntityTooltipInfo@4d270255],insertion=Player840}]) Handling inbound packet from channel with name "jade:request_block"
[19:45:13] [Netty NIO IO #2/DEBUG] (ServerPlayNetworkAddon for literal{Player840}[style={clickEvent=SuggestCommand[command=/tell Player840 ],hoverEvent=ShowEntity[entity=net.minecraft.network.chat.HoverEvent$EntityTooltipInfo@4d270255],insertion=Player840}]) Handling inbound packet from channel with name "jade:request_block"
[19:45:13] [Server thread/DEBUG] (ServerPlayNetworkAddon for literal{Player840}[style={clickEvent=SuggestCommand[command=/tell Player840 ],hoverEvent=ShowEntity[entity=net.minecraft.network.chat.HoverEvent$EntityTooltipInfo@4d270255],insertion=Player840}]) Handling inbound packet from channel with name "jade:request_block"
[19:45:15] [Netty NIO IO #2/DEBUG] (ServerPlayNetworkAddon for literal{Player840}[style={clickEvent=SuggestCommand[command=/tell Player840 ],hoverEvent=ShowEntity[entity=net.minecraft.network.chat.HoverEvent$EntityTooltipInfo@4d270255],insertion=Player840}]) Handling inbound packet from channel with name "jade:request_block"
[19:45:15] [Server thread/DEBUG] (ServerPlayNetworkAddon for literal{Player840}[style={clickEvent=SuggestCommand[command=/tell Player840 ],hoverEvent=ShowEntity[entity=net.minecraft.network.chat.HoverEvent$EntityTooltipInfo@4d270255],insertion=Player840}]) Handling inbound packet from channel with name "jade:request_block"
[19:45:18] [Netty NIO IO #2/DEBUG] (ServerPlayNetworkAddon for literal{Player840}[style={clickEvent=SuggestCommand[command=/tell Player840 ],hoverEvent=ShowEntity[entity=net.minecraft.network.chat.HoverEvent$EntityTooltipInfo@4d270255],insertion=Player840}]) Handling inbound packet from channel with name "jade:request_block"
[19:45:19] [Server thread/DEBUG] (ServerPlayNetworkAddon for literal{Player840}[style={clickEvent=SuggestCommand[command=/tell Player840 ],hoverEvent=ShowEntity[entity=net.minecraft.network.chat.HoverEvent$EntityTooltipInfo@4d270255],insertion=Player840}]) Handling inbound packet from channel with name "jade:request_block"
[19:45:19] [Netty NIO IO #2/DEBUG] (ServerPlayNetworkAddon for literal{Player840}[style={clickEvent=SuggestCommand[command=/tell Player840 ],hoverEvent=ShowEntity[entity=net.minecraft.network.chat.HoverEvent$EntityTooltipInfo@4d270255],insertion=Player840}]) Handling inbound packet from channel with name "jade:request_block"
[19:45:19] [Server thread/DEBUG] (ServerPlayNetworkAddon for literal{Player840}[style={clickEvent=SuggestCommand[command=/tell Player840 ],hoverEvent=ShowEntity[entity=net.minecraft.network.chat.HoverEvent$EntityTooltipInfo@4d270255],insertion=Player840}]) Handling inbound packet from channel with name "jade:request_block"
[19:45:19] [Netty NIO IO #2/DEBUG] (ServerPlayNetworkAddon for literal{Player840}[style={clickEvent=SuggestCommand[command=/tell Player840 ],hoverEvent=ShowEntity[entity=net.minecraft.network.chat.HoverEvent$EntityTooltipInfo@4d270255],insertion=Player840}]) Handling inbound packet from channel with name "jade:request_block"
[19:45:19] [Server thread/DEBUG] (ServerPlayNetworkAddon for literal{Player840}[style={clickEvent=SuggestCommand[command=/tell Player840 ],hoverEvent=ShowEntity[entity=net.minecraft.network.chat.HoverEvent$EntityTooltipInfo@4d270255],insertion=Player840}]) Handling inbound packet from channel with name "jade:request_block"
[19:45:20] [Netty NIO IO #2/DEBUG] (ServerPlayNetworkAddon for literal{Player840}[style={clickEvent=SuggestCommand[command=/tell Player840 ],hoverEvent=ShowEntity[entity=net.minecraft.network.chat.HoverEvent$EntityTooltipInfo@4d270255],insertion=Player840}]) Handling inbound packet from channel with name "jade:request_block"
[19:45:20] [Server thread/DEBUG] (ServerPlayNetworkAddon for literal{Player840}[style={clickEvent=SuggestCommand[command=/tell Player840 ],hoverEvent=ShowEntity[entity=net.minecraft.network.chat.HoverEvent$EntityTooltipInfo@4d270255],insertion=Player840}]) Handling inbound packet from channel with name "jade:request_block"
[19:45:20] [Netty NIO IO #2/DEBUG] (ServerPlayNetworkAddon for literal{Player840}[style={clickEvent=SuggestCommand[command=/tell Player840 ],hoverEvent=ShowEntity[entity=net.minecraft.network.chat.HoverEvent$EntityTooltipInfo@4d270255],insertion=Player840}]) Handling inbound packet from channel with name "jade:request_block"
[19:45:20] [Server thread/DEBUG] (ServerPlayNetworkAddon for literal{Player840}[style={clickEvent=SuggestCommand[command=/tell Player840 ],hoverEvent=ShowEntity[entity=net.minecraft.network.chat.HoverEvent$EntityTooltipInfo@4d270255],insertion=Player840}]) Handling inbound packet from channel with name "jade:request_block"
[19:45:20] [Netty NIO IO #2/DEBUG] (ServerPlayNetworkAddon for literal{Player840}[style={clickEvent=SuggestCommand[command=/tell Player840 ],hoverEvent=ShowEntity[entity=net.minecraft.network.chat.HoverEvent$EntityTooltipInfo@4d270255],insertion=Player840}]) Handling inbound packet from channel with name "jade:request_block"
[19:45:20] [Server thread/DEBUG] (ServerPlayNetworkAddon for literal{Player840}[style={clickEvent=SuggestCommand[command=/tell Player840 ],hoverEvent=ShowEntity[entity=net.minecraft.network.chat.HoverEvent$EntityTooltipInfo@4d270255],insertion=Player840}]) Handling inbound packet from channel with name "jade:request_block"
[19:45:20] [Netty NIO IO #2/DEBUG] (ServerPlayNetworkAddon for literal{Player840}[style={clickEvent=SuggestCommand[command=/tell Player840 ],hoverEvent=ShowEntity[entity=net.minecraft.network.chat.HoverEvent$EntityTooltipInfo@4d270255],insertion=Player840}]) Handling inbound packet from channel with name "jade:request_block"
[19:45:20] [Server thread/DEBUG] (ServerPlayNetworkAddon for literal{Player840}[style={clickEvent=SuggestCommand[command=/tell Player840 ],hoverEvent=ShowEntity[entity=net.minecraft.network.chat.HoverEvent$EntityTooltipInfo@4d270255],insertion=Player840}]) Handling inbound packet from channel with name "jade:request_block"
[19:45:21] [Netty NIO IO #2/DEBUG] (ServerPlayNetworkAddon for literal{Player840}[style={clickEvent=SuggestCommand[command=/tell Player840 ],hoverEvent=ShowEntity[entity=net.minecraft.network.chat.HoverEvent$EntityTooltipInfo@4d270255],insertion=Player840}]) Handling inbound packet from channel with name "jade:request_block"
[19:45:21] [Server thread/DEBUG] (ServerPlayNetworkAddon for literal{Player840}[style={clickEvent=SuggestCommand[command=/tell Player840 ],hoverEvent=ShowEntity[entity=net.minecraft.network.chat.HoverEvent$EntityTooltipInfo@4d270255],insertion=Player840}]) Handling inbound packet from channel with name "jade:request_block"
[19:45:21] [Netty NIO IO #2/DEBUG] (ServerPlayNetworkAddon for literal{Player840}[style={clickEvent=SuggestCommand[command=/tell Player840 ],hoverEvent=ShowEntity[entity=net.minecraft.network.chat.HoverEvent$EntityTooltipInfo@4d270255],insertion=Player840}]) Handling inbound packet from channel with name "jade:request_block"
[19:45:21] [Server thread/DEBUG] (ServerPlayNetworkAddon for literal{Player840}[style={clickEvent=SuggestCommand[command=/tell Player840 ],hoverEvent=ShowEntity[entity=net.minecraft.network.chat.HoverEvent$EntityTooltipInfo@4d270255],insertion=Player840}]) Handling inbound packet from channel with name "jade:request_block"
[19:45:21] [Netty NIO IO #2/DEBUG] (ServerPlayNetworkAddon for literal{Player840}[style={clickEvent=SuggestCommand[command=/tell Player840 ],hoverEvent=ShowEntity[entity=net.minecraft.network.chat.HoverEvent$EntityTooltipInfo@4d270255],insertion=Player840}]) Handling inbound packet from channel with name "jade:request_block"
[19:45:21] [Server thread/DEBUG] (ServerPlayNetworkAddon for literal{Player840}[style={clickEvent=SuggestCommand[command=/tell Player840 ],hoverEvent=ShowEntity[entity=net.minecraft.network.chat.HoverEvent$EntityTooltipInfo@4d270255],insertion=Player840}]) Handling inbound packet from channel with name "jade:request_block"
[19:45:21] [Netty NIO IO #2/DEBUG] (ServerPlayNetworkAddon for literal{Player840}[style={clickEvent=SuggestCommand[command=/tell Player840 ],hoverEvent=ShowEntity[entity=net.minecraft.network.chat.HoverEvent$EntityTooltipInfo@4d270255],insertion=Player840}]) Handling inbound packet from channel with name "jade:request_block"
[19:45:21] [Server thread/DEBUG] (ServerPlayNetworkAddon for literal{Player840}[style={clickEvent=SuggestCommand[command=/tell Player840 ],hoverEvent=ShowEntity[entity=net.minecraft.network.chat.HoverEvent$EntityTooltipInfo@4d270255],insertion=Player840}]) Handling inbound packet from channel with name "jade:request_block"
[19:45:22] [Netty NIO IO #2/DEBUG] (ServerPlayNetworkAddon for literal{Player840}[style={clickEvent=SuggestCommand[command=/tell Player840 ],hoverEvent=ShowEntity[entity=net.minecraft.network.chat.HoverEvent$EntityTooltipInfo@4d270255],insertion=Player840}]) Handling inbound packet from channel with name "jade:request_entity"
[19:45:22] [Server thread/DEBUG] (ServerPlayNetworkAddon for literal{Player840}[style={clickEvent=SuggestCommand[command=/tell Player840 ],hoverEvent=ShowEntity[entity=net.minecraft.network.chat.HoverEvent$EntityTooltipInfo@4d270255],insertion=Player840}]) Handling inbound packet from channel with name "jade:request_entity"
[19:45:22] [Netty NIO IO #2/DEBUG] (ServerPlayNetworkAddon for literal{Player840}[style={clickEvent=SuggestCommand[command=/tell Player840 ],hoverEvent=ShowEntity[entity=net.minecraft.network.chat.HoverEvent$EntityTooltipInfo@4d270255],insertion=Player840}]) Handling inbound packet from channel with name "jade:request_block"
[19:45:22] [Server thread/DEBUG] (ServerPlayNetworkAddon for literal{Player840}[style={clickEvent=SuggestCommand[command=/tell Player840 ],hoverEvent=ShowEntity[entity=net.minecraft.network.chat.HoverEvent$EntityTooltipInfo@4d270255],insertion=Player840}]) Handling inbound packet from channel with name "jade:request_block"
[19:45:22] [Netty NIO IO #2/DEBUG] (ServerPlayNetworkAddon for literal{Player840}[style={clickEvent=SuggestCommand[command=/tell Player840 ],hoverEvent=ShowEntity[entity=net.minecraft.network.chat.HoverEvent$EntityTooltipInfo@4d270255],insertion=Player840}]) Handling inbound packet from channel with name "jade:request_block"
[19:45:22] [Server thread/DEBUG] (ServerPlayNetworkAddon for literal{Player840}[style={clickEvent=SuggestCommand[command=/tell Player840 ],hoverEvent=ShowEntity[entity=net.minecraft.network.chat.HoverEvent$EntityTooltipInfo@4d270255],insertion=Player840}]) Handling inbound packet from channel with name "jade:request_block"
[19:45:22] [Netty NIO IO #2/DEBUG] (ServerPlayNetworkAddon for literal{Player840}[style={clickEvent=SuggestCommand[command=/tell Player840 ],hoverEvent=ShowEntity[entity=net.minecraft.network.chat.HoverEvent$EntityTooltipInfo@4d270255],insertion=Player840}]) Handling inbound packet from channel with name "jade:request_block"
[19:45:22] [Server thread/DEBUG] (ServerPlayNetworkAddon for literal{Player840}[style={clickEvent=SuggestCommand[command=/tell Player840 ],hoverEvent=ShowEntity[entity=net.minecraft.network.chat.HoverEvent$EntityTooltipInfo@4d270255],insertion=Player840}]) Handling inbound packet from channel with name "jade:request_block"
[19:45:22] [Netty NIO IO #2/DEBUG] (ServerPlayNetworkAddon for literal{Player840}[style={clickEvent=SuggestCommand[command=/tell Player840 ],hoverEvent=ShowEntity[entity=net.minecraft.network.chat.HoverEvent$EntityTooltipInfo@4d270255],insertion=Player840}]) Handling inbound packet from channel with name "jade:request_entity"
[19:45:22] [Server thread/DEBUG] (ServerPlayNetworkAddon for literal{Player840}[style={clickEvent=SuggestCommand[command=/tell Player840 ],hoverEvent=ShowEntity[entity=net.minecraft.network.chat.HoverEvent$EntityTooltipInfo@4d270255],insertion=Player840}]) Handling inbound packet from channel with name "jade:request_entity"
[19:45:23] [Netty NIO IO #2/DEBUG] (ServerPlayNetworkAddon for literal{Player840}[style={clickEvent=SuggestCommand[command=/tell Player840 ],hoverEvent=ShowEntity[entity=net.minecraft.network.chat.HoverEvent$EntityTooltipInfo@4d270255],insertion=Player840}]) Handling inbound packet from channel with name "jade:request_block"
[19:45:23] [Server thread/DEBUG] (ServerPlayNetworkAddon for literal{Player840}[style={clickEvent=SuggestCommand[command=/tell Player840 ],hoverEvent=ShowEntity[entity=net.minecraft.network.chat.HoverEvent$EntityTooltipInfo@4d270255],insertion=Player840}]) Handling inbound packet from channel with name "jade:request_block"
[19:45:23] [Netty NIO IO #2/DEBUG] (ServerPlayNetworkAddon for literal{Player840}[style={clickEvent=SuggestCommand[command=/tell Player840 ],hoverEvent=ShowEntity[entity=net.minecraft.network.chat.HoverEvent$EntityTooltipInfo@4d270255],insertion=Player840}]) Handling inbound packet from channel with name "jade:request_block"
[19:45:23] [Server thread/DEBUG] (ServerPlayNetworkAddon for literal{Player840}[style={clickEvent=SuggestCommand[command=/tell Player840 ],hoverEvent=ShowEntity[entity=net.minecraft.network.chat.HoverEvent$EntityTooltipInfo@4d270255],insertion=Player840}]) Handling inbound packet from channel with name "jade:request_block"
[19:45:23] [Netty NIO IO #2/DEBUG] (ServerPlayNetworkAddon for literal{Player840}[style={clickEvent=SuggestCommand[command=/tell Player840 ],hoverEvent=ShowEntity[entity=net.minecraft.network.chat.HoverEvent$EntityTooltipInfo@4d270255],insertion=Player840}]) Handling inbound packet from channel with name "jade:request_block"
[19:45:23] [Server thread/DEBUG] (ServerPlayNetworkAddon for literal{Player840}[style={clickEvent=SuggestCommand[command=/tell Player840 ],hoverEvent=ShowEntity[entity=net.minecraft.network.chat.HoverEvent$EntityTooltipInfo@4d270255],insertion=Player840}]) Handling inbound packet from channel with name "jade:request_block"
[19:45:23] [Netty NIO IO #2/DEBUG] (ServerPlayNetworkAddon for literal{Player840}[style={clickEvent=SuggestCommand[command=/tell Player840 ],hoverEvent=ShowEntity[entity=net.minecraft.network.chat.HoverEvent$EntityTooltipInfo@4d270255],insertion=Player840}]) Handling inbound packet from channel with name "jade:request_block"
[19:45:23] [Server thread/DEBUG] (ServerPlayNetworkAddon for literal{Player840}[style={clickEvent=SuggestCommand[command=/tell Player840 ],hoverEvent=ShowEntity[entity=net.minecraft.network.chat.HoverEvent$EntityTooltipInfo@4d270255],insertion=Player840}]) Handling inbound packet from channel with name "jade:request_block"
[19:45:24] [Netty NIO IO #2/DEBUG] (ServerPlayNetworkAddon for literal{Player840}[style={clickEvent=SuggestCommand[command=/tell Player840 ],hoverEvent=ShowEntity[entity=net.minecraft.network.chat.HoverEvent$EntityTooltipInfo@4d270255],insertion=Player840}]) Handling inbound packet from channel with name "jade:request_block"
[19:45:24] [Server thread/DEBUG] (ServerPlayNetworkAddon for literal{Player840}[style={clickEvent=SuggestCommand[command=/tell Player840 ],hoverEvent=ShowEntity[entity=net.minecraft.network.chat.HoverEvent$EntityTooltipInfo@4d270255],insertion=Player840}]) Handling inbound packet from channel with name "jade:request_block"
[19:45:25] [Netty NIO IO #3/DEBUG] (ServerPlayNetworkAddon for literal{Player548}[style={clickEvent=SuggestCommand[command=/tell Player548 ],hoverEvent=ShowEntity[entity=net.minecraft.network.chat.HoverEvent$EntityTooltipInfo@70cb61f5],insertion=Player548}]) Handling inbound packet from channel with name "jade:request_block"
[19:45:25] [Server thread/DEBUG] (ServerPlayNetworkAddon for literal{Player548}[style={clickEvent=SuggestCommand[command=/tell Player548 ],hoverEvent=ShowEntity[entity=net.minecraft.network.chat.HoverEvent$EntityTooltipInfo@70cb61f5],insertion=Player548}]) Handling inbound packet from channel with name "jade:request_block"
[19:45:26] [Netty NIO IO #3/DEBUG] (ServerPlayNetworkAddon for literal{Player548}[style={clickEvent=SuggestCommand[command=/tell Player548 ],hoverEvent=ShowEntity[entity=net.minecraft.network.chat.HoverEvent$EntityTooltipInfo@70cb61f5],insertion=Player548}]) Handling inbound packet from channel with name "jade:request_block"
[19:45:26] [Server thread/DEBUG] (ServerPlayNetworkAddon for literal{Player548}[style={clickEvent=SuggestCommand[command=/tell Player548 ],hoverEvent=ShowEntity[entity=net.minecraft.network.chat.HoverEvent$EntityTooltipInfo@70cb61f5],insertion=Player548}]) Handling inbound packet from channel with name "jade:request_block"
[19:45:26] [Netty NIO IO #3/DEBUG] (ServerPlayNetworkAddon for literal{Player548}[style={clickEvent=SuggestCommand[command=/tell Player548 ],hoverEvent=ShowEntity[entity=net.minecraft.network.chat.HoverEvent$EntityTooltipInfo@70cb61f5],insertion=Player548}]) Handling inbound packet from channel with name "jade:request_block"
[19:45:26] [Server thread/DEBUG] (ServerPlayNetworkAddon for literal{Player548}[style={clickEvent=SuggestCommand[command=/tell Player548 ],hoverEvent=ShowEntity[entity=net.minecraft.network.chat.HoverEvent$EntityTooltipInfo@70cb61f5],insertion=Player548}]) Handling inbound packet from channel with name "jade:request_block"
[19:45:26] [Netty NIO IO #3/DEBUG] (ServerPlayNetworkAddon for literal{Player548}[style={clickEvent=SuggestCommand[command=/tell Player548 ],hoverEvent=ShowEntity[entity=net.minecraft.network.chat.HoverEvent$EntityTooltipInfo@70cb61f5],insertion=Player548}]) Handling inbound packet from channel with name "jade:request_block"
[19:45:26] [Server thread/DEBUG] (ServerPlayNetworkAddon for literal{Player548}[style={clickEvent=SuggestCommand[command=/tell Player548 ],hoverEvent=ShowEntity[entity=net.minecraft.network.chat.HoverEvent$EntityTooltipInfo@70cb61f5],insertion=Player548}]) Handling inbound packet from channel with name "jade:request_block"
[19:45:26] [Netty NIO IO #3/DEBUG] (ServerPlayNetworkAddon for literal{Player548}[style={clickEvent=SuggestCommand[command=/tell Player548 ],hoverEvent=ShowEntity[entity=net.minecraft.network.chat.HoverEvent$EntityTooltipInfo@70cb61f5],insertion=Player548}]) Handling inbound packet from channel with name "jade:request_block"
[19:45:26] [Server thread/DEBUG] (ServerPlayNetworkAddon for literal{Player548}[style={clickEvent=SuggestCommand[command=/tell Player548 ],hoverEvent=ShowEntity[entity=net.minecraft.network.chat.HoverEvent$EntityTooltipInfo@70cb61f5],insertion=Player548}]) Handling inbound packet from channel with name "jade:request_block"
[19:45:29] [Netty NIO IO #3/DEBUG] (ServerPlayNetworkAddon for literal{Player548}[style={clickEvent=SuggestCommand[command=/tell Player548 ],hoverEvent=ShowEntity[entity=net.minecraft.network.chat.HoverEvent$EntityTooltipInfo@70cb61f5],insertion=Player548}]) Handling inbound packet from channel with name "djsfixedprogression:sleep_vote"
[19:45:29] [Server thread/DEBUG] (ServerPlayNetworkAddon for literal{Player548}[style={clickEvent=SuggestCommand[command=/tell Player548 ],hoverEvent=ShowEntity[entity=net.minecraft.network.chat.HoverEvent$EntityTooltipInfo@70cb61f5],insertion=Player548}]) Handling inbound packet from channel with name "djsfixedprogression:sleep_vote"
[19:45:29] [Server thread/INFO] (net.minecraft.server.MinecraftServer) The night was skipped
[19:45:31] [Netty NIO IO #3/DEBUG] (ServerPlayNetworkAddon for literal{Player548}[style={clickEvent=SuggestCommand[command=/tell Player548 ],hoverEvent=ShowEntity[entity=net.minecraft.network.chat.HoverEvent$EntityTooltipInfo@70cb61f5],insertion=Player548}]) Handling inbound packet from channel with name "jade:request_block"
[19:45:31] [Server thread/DEBUG] (ServerPlayNetworkAddon for literal{Player548}[style={clickEvent=SuggestCommand[command=/tell Player548 ],hoverEvent=ShowEntity[entity=net.minecraft.network.chat.HoverEvent$EntityTooltipInfo@70cb61f5],insertion=Player548}]) Handling inbound packet from channel with name "jade:request_block"
[19:45:31] [Netty NIO IO #3/DEBUG] (ServerPlayNetworkAddon for literal{Player548}[style={clickEvent=SuggestCommand[command=/tell Player548 ],hoverEvent=ShowEntity[entity=net.minecraft.network.chat.HoverEvent$EntityTooltipInfo@70cb61f5],insertion=Player548}]) Handling inbound packet from channel with name "jade:request_block"
[19:45:31] [Server thread/DEBUG] (ServerPlayNetworkAddon for literal{Player548}[style={clickEvent=SuggestCommand[command=/tell Player548 ],hoverEvent=ShowEntity[entity=net.minecraft.network.chat.HoverEvent$EntityTooltipInfo@70cb61f5],insertion=Player548}]) Handling inbound packet from channel with name "jade:request_block"
[19:45:31] [Netty NIO IO #3/DEBUG] (ServerPlayNetworkAddon for literal{Player548}[style={clickEvent=SuggestCommand[command=/tell Player548 ],hoverEvent=ShowEntity[entity=net.minecraft.network.chat.HoverEvent$EntityTooltipInfo@70cb61f5],insertion=Player548}]) Handling inbound packet from channel with name "jade:request_entity"
[19:45:31] [Server thread/DEBUG] (ServerPlayNetworkAddon for literal{Player548}[style={clickEvent=SuggestCommand[command=/tell Player548 ],hoverEvent=ShowEntity[entity=net.minecraft.network.chat.HoverEvent$EntityTooltipInfo@70cb61f5],insertion=Player548}]) Handling inbound packet from channel with name "jade:request_entity"
[19:45:31] [Netty NIO IO #3/DEBUG] (ServerPlayNetworkAddon for literal{Player548}[style={clickEvent=SuggestCommand[command=/tell Player548 ],hoverEvent=ShowEntity[entity=net.minecraft.network.chat.HoverEvent$EntityTooltipInfo@70cb61f5],insertion=Player548}]) Handling inbound packet from channel with name "jade:request_entity"
[19:45:31] [Server thread/DEBUG] (ServerPlayNetworkAddon for literal{Player548}[style={clickEvent=SuggestCommand[command=/tell Player548 ],hoverEvent=ShowEntity[entity=net.minecraft.network.chat.HoverEvent$EntityTooltipInfo@70cb61f5],insertion=Player548}]) Handling inbound packet from channel with name "jade:request_entity"
[19:51:09] [Netty NIO IO #2/DEBUG] (ServerPlayNetworkAddon for literal{Player840}[style={clickEvent=SuggestCommand[command=/tell Player840 ],hoverEvent=ShowEntity[entity=net.minecraft.network.chat.HoverEvent$EntityTooltipInfo@4d270255],insertion=Player840}]) Handling inbound packet from channel with name "jade:request_block"
[19:51:09] [Server thread/DEBUG] (ServerPlayNetworkAddon for literal{Player840}[style={clickEvent=SuggestCommand[command=/tell Player840 ],hoverEvent=ShowEntity[entity=net.minecraft.network.chat.HoverEvent$EntityTooltipInfo@4d270255],insertion=Player840}]) Handling inbound packet from channel with name "jade:request_block"
[19:51:10] [Netty NIO IO #2/DEBUG] (ServerPlayNetworkAddon for literal{Player840}[style={clickEvent=SuggestCommand[command=/tell Player840 ],hoverEvent=ShowEntity[entity=net.minecraft.network.chat.HoverEvent$EntityTooltipInfo@4d270255],insertion=Player840}]) Handling inbound packet from channel with name "jade:request_block"
[19:51:10] [Server thread/DEBUG] (ServerPlayNetworkAddon for literal{Player840}[style={clickEvent=SuggestCommand[command=/tell Player840 ],hoverEvent=ShowEntity[entity=net.minecraft.network.chat.HoverEvent$EntityTooltipInfo@4d270255],insertion=Player840}]) Handling inbound packet from channel with name "jade:request_block"
[19:51:10] [Netty NIO IO #2/DEBUG] (ServerPlayNetworkAddon for literal{Player840}[style={clickEvent=SuggestCommand[command=/tell Player840 ],hoverEvent=ShowEntity[entity=net.minecraft.network.chat.HoverEvent$EntityTooltipInfo@4d270255],insertion=Player840}]) Handling inbound packet from channel with name "jade:request_entity"
[19:51:10] [Server thread/DEBUG] (ServerPlayNetworkAddon for literal{Player840}[style={clickEvent=SuggestCommand[command=/tell Player840 ],hoverEvent=ShowEntity[entity=net.minecraft.network.chat.HoverEvent$EntityTooltipInfo@4d270255],insertion=Player840}]) Handling inbound packet from channel with name "jade:request_entity"
[19:51:10] [Netty NIO IO #2/DEBUG] (ServerPlayNetworkAddon for literal{Player840}[style={clickEvent=SuggestCommand[command=/tell Player840 ],hoverEvent=ShowEntity[entity=net.minecraft.network.chat.HoverEvent$EntityTooltipInfo@4d270255],insertion=Player840}]) Handling inbound packet from channel with name "jade:request_entity"
[19:51:10] [Server thread/DEBUG] (ServerPlayNetworkAddon for literal{Player840}[style={clickEvent=SuggestCommand[command=/tell Player840 ],hoverEvent=ShowEntity[entity=net.minecraft.network.chat.HoverEvent$EntityTooltipInfo@4d270255],insertion=Player840}]) Handling inbound packet from channel with name "jade:request_entity"
[19:51:10] [Netty NIO IO #2/DEBUG] (ServerPlayNetworkAddon for literal{Player840}[style={clickEvent=SuggestCommand[command=/tell Player840 ],hoverEvent=ShowEntity[entity=net.minecraft.network.chat.HoverEvent$EntityTooltipInfo@4d270255],insertion=Player840}]) Handling inbound packet from channel with name "jade:request_entity"
[19:51:10] [Server thread/DEBUG] (ServerPlayNetworkAddon for literal{Player840}[style={clickEvent=SuggestCommand[command=/tell Player840 ],hoverEvent=ShowEntity[entity=net.minecraft.network.chat.HoverEvent$EntityTooltipInfo@4d270255],insertion=Player840}]) Handling inbound packet from channel with name "jade:request_entity"
[19:51:20] [Server thread/INFO] (net.minecraft.server.MinecraftServer) [Player995: Set the time to 13500]
[19:51:21] [Netty NIO IO #1/DEBUG] (ServerPlayNetworkAddon for literal{Player995}[style={clickEvent=SuggestCommand[command=/tell Player995 ],hoverEvent=ShowEntity[entity=net.minecraft.network.chat.HoverEvent$EntityTooltipInfo@1b252f4e],insertion=Player995}]) Handling inbound packet from channel with name "jade:request_block"
[19:51:21] [Server thread/DEBUG] (ServerPlayNetworkAddon for literal{Player995}[style={clickEvent=SuggestCommand[command=/tell Player995 ],hoverEvent=ShowEntity[entity=net.minecraft.network.chat.HoverEvent$EntityTooltipInfo@1b252f4e],insertion=Player995}]) Handling inbound packet from channel with name "jade:request_block"
[19:51:21] [Netty NIO IO #1/DEBUG] (ServerPlayNetworkAddon for literal{Player995}[style={clickEvent=SuggestCommand[command=/tell Player995 ],hoverEvent=ShowEntity[entity=net.minecraft.network.chat.HoverEvent$EntityTooltipInfo@1b252f4e],insertion=Player995}]) Handling inbound packet from channel with name "jade:request_entity"
[19:51:21] [Server thread/DEBUG] (ServerPlayNetworkAddon for literal{Player995}[style={clickEvent=SuggestCommand[command=/tell Player995 ],hoverEvent=ShowEntity[entity=net.minecraft.network.chat.HoverEvent$EntityTooltipInfo@1b252f4e],insertion=Player995}]) Handling inbound packet from channel with name "jade:request_entity"
[19:51:22] [Netty NIO IO #1/DEBUG] (ServerPlayNetworkAddon for literal{Player995}[style={clickEvent=SuggestCommand[command=/tell Player995 ],hoverEvent=ShowEntity[entity=net.minecraft.network.chat.HoverEvent$EntityTooltipInfo@1b252f4e],insertion=Player995}]) Handling inbound packet from channel with name "jade:request_block"
[19:51:22] [Server thread/DEBUG] (ServerPlayNetworkAddon for literal{Player995}[style={clickEvent=SuggestCommand[command=/tell Player995 ],hoverEvent=ShowEntity[entity=net.minecraft.network.chat.HoverEvent$EntityTooltipInfo@1b252f4e],insertion=Player995}]) Handling inbound packet from channel with name "jade:request_block"
[19:51:22] [Netty NIO IO #1/DEBUG] (ServerPlayNetworkAddon for literal{Player995}[style={clickEvent=SuggestCommand[command=/tell Player995 ],hoverEvent=ShowEntity[entity=net.minecraft.network.chat.HoverEvent$EntityTooltipInfo@1b252f4e],insertion=Player995}]) Handling inbound packet from channel with name "jade:request_block"
[19:51:23] [Server thread/DEBUG] (ServerPlayNetworkAddon for literal{Player995}[style={clickEvent=SuggestCommand[command=/tell Player995 ],hoverEvent=ShowEntity[entity=net.minecraft.network.chat.HoverEvent$EntityTooltipInfo@1b252f4e],insertion=Player995}]) Handling inbound packet from channel with name "jade:request_block"
[19:51:23] [Netty NIO IO #2/DEBUG] (ServerPlayNetworkAddon for literal{Player840}[style={clickEvent=SuggestCommand[command=/tell Player840 ],hoverEvent=ShowEntity[entity=net.minecraft.network.chat.HoverEvent$EntityTooltipInfo@4d270255],insertion=Player840}]) Handling inbound packet from channel with name "jade:request_block"
[19:51:23] [Server thread/DEBUG] (ServerPlayNetworkAddon for literal{Player840}[style={clickEvent=SuggestCommand[command=/tell Player840 ],hoverEvent=ShowEntity[entity=net.minecraft.network.chat.HoverEvent$EntityTooltipInfo@4d270255],insertion=Player840}]) Handling inbound packet from channel with name "jade:request_block"
[19:51:24] [Netty NIO IO #2/DEBUG] (ServerPlayNetworkAddon for literal{Player840}[style={clickEvent=SuggestCommand[command=/tell Player840 ],hoverEvent=ShowEntity[entity=net.minecraft.network.chat.HoverEvent$EntityTooltipInfo@4d270255],insertion=Player840}]) Handling inbound packet from channel with name "jade:request_block"
[19:51:24] [Server thread/DEBUG] (ServerPlayNetworkAddon for literal{Player840}[style={clickEvent=SuggestCommand[command=/tell Player840 ],hoverEvent=ShowEntity[entity=net.minecraft.network.chat.HoverEvent$EntityTooltipInfo@4d270255],insertion=Player840}]) Handling inbound packet from channel with name "jade:request_block"
[19:51:24] [Netty NIO IO #2/DEBUG] (ServerPlayNetworkAddon for literal{Player840}[style={clickEvent=SuggestCommand[command=/tell Player840 ],hoverEvent=ShowEntity[entity=net.minecraft.network.chat.HoverEvent$EntityTooltipInfo@4d270255],insertion=Player840}]) Handling inbound packet from channel with name "jade:request_block"
[19:51:24] [Server thread/DEBUG] (ServerPlayNetworkAddon for literal{Player840}[style={clickEvent=SuggestCommand[command=/tell Player840 ],hoverEvent=ShowEntity[entity=net.minecraft.network.chat.HoverEvent$EntityTooltipInfo@4d270255],insertion=Player840}]) Handling inbound packet from channel with name "jade:request_block"
[19:51:24] [Netty NIO IO #2/DEBUG] (ServerPlayNetworkAddon for literal{Player840}[style={clickEvent=SuggestCommand[command=/tell Player840 ],hoverEvent=ShowEntity[entity=net.minecraft.network.chat.HoverEvent$EntityTooltipInfo@4d270255],insertion=Player840}]) Handling inbound packet from channel with name "jade:request_block"
[19:51:24] [Server thread/DEBUG] (ServerPlayNetworkAddon for literal{Player840}[style={clickEvent=SuggestCommand[command=/tell Player840 ],hoverEvent=ShowEntity[entity=net.minecraft.network.chat.HoverEvent$EntityTooltipInfo@4d270255],insertion=Player840}]) Handling inbound packet from channel with name "jade:request_block"
[19:51:24] [Netty NIO IO #2/DEBUG] (ServerPlayNetworkAddon for literal{Player840}[style={clickEvent=SuggestCommand[command=/tell Player840 ],hoverEvent=ShowEntity[entity=net.minecraft.network.chat.HoverEvent$EntityTooltipInfo@4d270255],insertion=Player840}]) Handling inbound packet from channel with name "jade:request_block"
[19:51:24] [Server thread/DEBUG] (ServerPlayNetworkAddon for literal{Player840}[style={clickEvent=SuggestCommand[command=/tell Player840 ],hoverEvent=ShowEntity[entity=net.minecraft.network.chat.HoverEvent$EntityTooltipInfo@4d270255],insertion=Player840}]) Handling inbound packet from channel with name "jade:request_block"
[19:51:25] [Netty NIO IO #2/DEBUG] (ServerPlayNetworkAddon for literal{Player840}[style={clickEvent=SuggestCommand[command=/tell Player840 ],hoverEvent=ShowEntity[entity=net.minecraft.network.chat.HoverEvent$EntityTooltipInfo@4d270255],insertion=Player840}]) Handling inbound packet from channel with name "jade:request_block"
[19:51:25] [Server thread/DEBUG] (ServerPlayNetworkAddon for literal{Player840}[style={clickEvent=SuggestCommand[command=/tell Player840 ],hoverEvent=ShowEntity[entity=net.minecraft.network.chat.HoverEvent$EntityTooltipInfo@4d270255],insertion=Player840}]) Handling inbound packet from channel with name "jade:request_block"
[19:51:25] [Netty NIO IO #2/DEBUG] (ServerPlayNetworkAddon for literal{Player840}[style={clickEvent=SuggestCommand[command=/tell Player840 ],hoverEvent=ShowEntity[entity=net.minecraft.network.chat.HoverEvent$EntityTooltipInfo@4d270255],insertion=Player840}]) Handling inbound packet from channel with name "jade:request_block"
[19:51:25] [Server thread/DEBUG] (ServerPlayNetworkAddon for literal{Player840}[style={clickEvent=SuggestCommand[command=/tell Player840 ],hoverEvent=ShowEntity[entity=net.minecraft.network.chat.HoverEvent$EntityTooltipInfo@4d270255],insertion=Player840}]) Handling inbound packet from channel with name "jade:request_block"
[19:51:27] [Netty NIO IO #1/DEBUG] (ServerPlayNetworkAddon for literal{Player995}[style={clickEvent=SuggestCommand[command=/tell Player995 ],hoverEvent=ShowEntity[entity=net.minecraft.network.chat.HoverEvent$EntityTooltipInfo@1b252f4e],insertion=Player995}]) Handling inbound packet from channel with name "jade:request_block"
[19:51:27] [Server thread/DEBUG] (ServerPlayNetworkAddon for literal{Player995}[style={clickEvent=SuggestCommand[command=/tell Player995 ],hoverEvent=ShowEntity[entity=net.minecraft.network.chat.HoverEvent$EntityTooltipInfo@1b252f4e],insertion=Player995}]) Handling inbound packet from channel with name "jade:request_block"
[19:51:31] [Server thread/INFO] (net.minecraft.server.MinecraftServer) [Player995: Set 20 experience levels on 3 players]
[19:51:31] [Netty NIO IO #1/DEBUG] (ServerPlayNetworkAddon for literal{Player995}[style={clickEvent=SuggestCommand[command=/tell Player995 ],hoverEvent=ShowEntity[entity=net.minecraft.network.chat.HoverEvent$EntityTooltipInfo@1b252f4e],insertion=Player995}]) Handling inbound packet from channel with name "jade:request_block"
[19:51:31] [Server thread/DEBUG] (ServerPlayNetworkAddon for literal{Player995}[style={clickEvent=SuggestCommand[command=/tell Player995 ],hoverEvent=ShowEntity[entity=net.minecraft.network.chat.HoverEvent$EntityTooltipInfo@1b252f4e],insertion=Player995}]) Handling inbound packet from channel with name "jade:request_block"
[19:51:31] [Netty NIO IO #1/DEBUG] (ServerPlayNetworkAddon for literal{Player995}[style={clickEvent=SuggestCommand[command=/tell Player995 ],hoverEvent=ShowEntity[entity=net.minecraft.network.chat.HoverEvent$EntityTooltipInfo@1b252f4e],insertion=Player995}]) Handling inbound packet from channel with name "jade:request_block"
[19:51:31] [Server thread/DEBUG] (ServerPlayNetworkAddon for literal{Player995}[style={clickEvent=SuggestCommand[command=/tell Player995 ],hoverEvent=ShowEntity[entity=net.minecraft.network.chat.HoverEvent$EntityTooltipInfo@1b252f4e],insertion=Player995}]) Handling inbound packet from channel with name "jade:request_block"
[19:51:32] [Server thread/INFO] (net.minecraft.server.network.ServerGamePacketListenerImpl) Player840 lost connection: Disconnected
[19:51:32] [Server thread/INFO] (net.minecraft.server.MinecraftServer) Player840 left the game
[19:51:36] [Netty NIO IO #4/DEBUG] (ServerConfigurationNetworkAddon for Player840) Handling inbound packet from channel with name "minecraft:register"
[19:51:36] [Netty NIO IO #4/DEBUG] (FabricRegistrySync) Skipping un-modded registry: minecraft:command_argument_type
[19:51:36] [Netty NIO IO #4/DEBUG] (FabricRegistrySync) Not syncing registry: minecraft:decorated_pot_pattern
[19:51:36] [Netty NIO IO #4/DEBUG] (FabricRegistrySync) Syncing registry: minecraft:item
[19:51:36] [Netty NIO IO #4/DEBUG] (FabricRegistrySync) Skipping un-modded registry: minecraft:block_entity_type
[19:51:36] [Netty NIO IO #4/DEBUG] (FabricRegistrySync) Skipping un-modded registry: minecraft:custom_stat
[19:51:36] [Netty NIO IO #4/DEBUG] (FabricRegistrySync) Not syncing registry: minecraft:outgoing_rpc_methods
[19:51:36] [Netty NIO IO #4/DEBUG] (FabricRegistrySync) Not syncing registry: minecraft:spawn_condition_type
[19:51:36] [Netty NIO IO #4/DEBUG] (FabricRegistrySync) Skipping un-modded registry: minecraft:consume_effect_type
[19:51:36] [Netty NIO IO #4/DEBUG] (FabricRegistrySync) Not syncing registry: minecraft:worldgen/foliage_placer_type
[19:51:36] [Netty NIO IO #4/DEBUG] (FabricRegistrySync) Skipping un-modded registry: minecraft:number_format_type
[19:51:36] [Netty NIO IO #4/DEBUG] (FabricRegistrySync) Skipping un-modded registry: minecraft:stat_type
[19:51:36] [Netty NIO IO #4/DEBUG] (FabricRegistrySync) Not syncing registry: minecraft:worldgen/material_rule
[19:51:36] [Netty NIO IO #4/DEBUG] (FabricRegistrySync) Not syncing registry: minecraft:worldgen/structure_type
[19:51:36] [Netty NIO IO #4/DEBUG] (FabricRegistrySync) Skipping un-modded registry: minecraft:attribute
[19:51:36] [Netty NIO IO #4/DEBUG] (FabricRegistrySync) Skipping un-modded registry: minecraft:position_source_type
[19:51:36] [Netty NIO IO #4/DEBUG] (FabricRegistrySync) Not syncing registry: minecraft:height_provider_type
[19:51:36] [Netty NIO IO #4/DEBUG] (FabricRegistrySync) Skipping un-modded registry: minecraft:recipe_display
[19:51:36] [Netty NIO IO #4/DEBUG] (FabricRegistrySync) Not syncing registry: minecraft:test_environment_definition_type
[19:51:36] [Netty NIO IO #4/DEBUG] (FabricRegistrySync) Not syncing registry: minecraft:permission_check_type
[19:51:36] [Netty NIO IO #4/DEBUG] (FabricRegistrySync) Skipping un-modded registry: minecraft:data_component_type
[19:51:36] [Netty NIO IO #4/DEBUG] (FabricRegistrySync) Not syncing registry: minecraft:attribute_type
[19:51:36] [Netty NIO IO #4/DEBUG] (FabricRegistrySync) Not syncing registry: minecraft:rule_block_entity_modifier
[19:51:36] [Netty NIO IO #4/DEBUG] (FabricRegistrySync) Not syncing registry: minecraft:worldgen/density_function_type
[19:51:36] [Netty NIO IO #4/DEBUG] (FabricRegistrySync) Not syncing registry: minecraft:dialog_action_type
[19:51:36] [Netty NIO IO #4/DEBUG] (FabricRegistrySync) Skipping un-modded registry: minecraft:fluid
[19:51:36] [Netty NIO IO #4/DEBUG] (FabricRegistrySync) Not syncing registry: minecraft:loot_condition_type
[19:51:36] [Netty NIO IO #4/DEBUG] (FabricRegistrySync) Not syncing registry: minecraft:worldgen/structure_pool_element
[19:51:36] [Netty NIO IO #4/DEBUG] (FabricRegistrySync) Not syncing registry: minecraft:activity
[19:51:36] [Netty NIO IO #4/DEBUG] (FabricRegistrySync) Not syncing registry: minecraft:block_type
[19:51:36] [Netty NIO IO #4/DEBUG] (FabricRegistrySync) Not syncing registry: minecraft:recipe_serializer
[19:51:36] [Netty NIO IO #4/DEBUG] (FabricRegistrySync) Not syncing registry: minecraft:enchantment_provider_type
[19:51:36] [Netty NIO IO #4/DEBUG] (FabricRegistrySync) Not syncing registry: minecraft:test_function
[19:51:36] [Netty NIO IO #4/DEBUG] (FabricRegistrySync) Not syncing registry: minecraft:worldgen/feature_size_type
[19:51:36] [Netty NIO IO #4/DEBUG] (FabricRegistrySync) Skipping un-modded registry: minecraft:point_of_interest_type
[19:51:36] [Netty NIO IO #4/DEBUG] (FabricRegistrySync) Syncing registry: minecraft:mob_effect
[19:51:36] [Netty NIO IO #4/DEBUG] (FabricRegistrySync) Not syncing registry: minecraft:loot_pool_entry_type
[19:51:36] [Netty NIO IO #4/DEBUG] (FabricRegistrySync) Not syncing registry: minecraft:worldgen/block_state_provider_type
[19:51:36] [Netty NIO IO #4/DEBUG] (FabricRegistrySync) Not syncing registry: minecraft:worldgen/chunk_generator
[19:51:36] [Netty NIO IO #4/DEBUG] (FabricRegistrySync) Not syncing registry: minecraft:float_provider_type
[19:51:36] [Netty NIO IO #4/DEBUG] (FabricRegistrySync) Not syncing registry: minecraft:permission_type
[19:51:36] [Netty NIO IO #4/DEBUG] (FabricRegistrySync) Not syncing registry: minecraft:chunk_status
[19:51:36] [Netty NIO IO #4/DEBUG] (FabricRegistrySync) Not syncing registry: minecraft:loot_function_type
[19:51:36] [Netty NIO IO #4/DEBUG] (FabricRegistrySync) Not syncing registry: minecraft:worldgen/structure_processor
[19:51:36] [Netty NIO IO #4/DEBUG] (FabricRegistrySync) Not syncing registry: minecraft:enchantment_effect_component_type
[19:51:36] [Netty NIO IO #4/DEBUG] (FabricRegistrySync) Not syncing registry: minecraft:loot_score_provider_type
[19:51:36] [Netty NIO IO #4/DEBUG] (FabricRegistrySync) Not syncing registry: minecraft:input_control_type
[19:51:36] [Netty NIO IO #4/DEBUG] (FabricRegistrySync) Not syncing registry: minecraft:worldgen/tree_decorator_type
[19:51:36] [Netty NIO IO #4/DEBUG] (FabricRegistrySync) Not syncing registry: minecraft:worldgen/material_condition
[19:51:36] [Netty NIO IO #4/DEBUG] (FabricRegistrySync) Not syncing registry: minecraft:worldgen/pool_alias_binding
[19:51:36] [Netty NIO IO #4/DEBUG] (FabricRegistrySync) Not syncing registry: minecraft:environment_attribute
[19:51:36] [Netty NIO IO #4/DEBUG] (FabricRegistrySync) Skipping un-modded registry: minecraft:entity_type
[19:51:36] [Netty NIO IO #4/DEBUG] (FabricRegistrySync) Skipping un-modded registry: minecraft:recipe_book_category
[19:51:36] [Netty NIO IO #4/DEBUG] (FabricRegistrySync) Skipping un-modded registry: minecraft:villager_profession
[19:51:36] [Netty NIO IO #4/DEBUG] (FabricRegistrySync) Not syncing registry: minecraft:slot_source_type
[19:51:36] [Netty NIO IO #4/DEBUG] (FabricRegistrySync) Syncing registry: minecraft:potion
[19:51:36] [Netty NIO IO #4/DEBUG] (FabricRegistrySync) Not syncing registry: minecraft:enchantment_entity_effect_type
[19:51:36] [Netty NIO IO #4/DEBUG] (FabricRegistrySync) Not syncing registry: minecraft:recipe_type
[19:51:36] [Netty NIO IO #4/DEBUG] (FabricRegistrySync) Not syncing registry: minecraft:int_provider_type
[19:51:36] [Netty NIO IO #4/DEBUG] (FabricRegistrySync) Not syncing registry: minecraft:worldgen/feature
[19:51:36] [Netty NIO IO #4/DEBUG] (FabricRegistrySync) Not syncing registry: minecraft:enchantment_level_based_value_type
[19:51:36] [Netty NIO IO #4/DEBUG] (FabricRegistrySync) Not syncing registry: minecraft:incoming_rpc_methods
[19:51:36] [Netty NIO IO #4/DEBUG] (FabricRegistrySync) Not syncing registry: minecraft:pos_rule_test
[19:51:36] [Netty NIO IO #4/DEBUG] (FabricRegistrySync) Not syncing registry: minecraft:worldgen/structure_placement
[19:51:36] [Netty NIO IO #4/DEBUG] (FabricRegistrySync) Not syncing registry: minecraft:enchantment_value_effect_type
[19:51:36] [Netty NIO IO #4/DEBUG] (FabricRegistrySync) Not syncing registry: minecraft:loot_nbt_provider_type
[19:51:36] [Netty NIO IO #4/DEBUG] (FabricRegistrySync) Skipping un-modded registry: minecraft:data_component_predicate_type
[19:51:36] [Netty NIO IO #4/DEBUG] (FabricRegistrySync) Syncing registry: minecraft:menu
[19:51:36] [Netty NIO IO #4/DEBUG] (FabricRegistrySync) Not syncing registry: minecraft:worldgen/trunk_placer_type
[19:51:36] [Netty NIO IO #4/DEBUG] (FabricRegistrySync) Not syncing registry: minecraft:creative_mode_tab
[19:51:36] [Netty NIO IO #4/DEBUG] (FabricRegistrySync) Not syncing registry: minecraft:entity_sub_predicate_type
[19:51:36] [Netty NIO IO #4/DEBUG] (FabricRegistrySync) Not syncing registry: minecraft:enchantment_location_based_effect_type
[19:51:36] [Netty NIO IO #4/DEBUG] (FabricRegistrySync) Not syncing registry: minecraft:worldgen/placement_modifier_type
[19:51:36] [Netty NIO IO #4/DEBUG] (FabricRegistrySync) Not syncing registry: minecraft:worldgen/carver
[19:51:36] [Netty NIO IO #4/DEBUG] (FabricRegistrySync) Not syncing registry: minecraft:loot_number_provider_type
[19:51:36] [Netty NIO IO #4/DEBUG] (FabricRegistrySync) Skipping un-modded registry: minecraft:slot_display
[19:51:36] [Netty NIO IO #4/DEBUG] (FabricRegistrySync) Skipping un-modded registry: minecraft:debug_subscription
[19:51:36] [Netty NIO IO #4/DEBUG] (FabricRegistrySync) Not syncing registry: minecraft:ticket_type
[19:51:36] [Netty NIO IO #4/DEBUG] (FabricRegistrySync) Not syncing registry: minecraft:game_rule
[19:51:36] [Netty NIO IO #4/DEBUG] (FabricRegistrySync) Not syncing registry: minecraft:test_instance_type
[19:51:36] [Netty NIO IO #4/DEBUG] (FabricRegistrySync) Not syncing registry: minecraft:worldgen/structure_piece
[19:51:36] [Netty NIO IO #4/DEBUG] (FabricRegistrySync) Skipping un-modded registry: minecraft:sound_event
[19:51:36] [Netty NIO IO #4/DEBUG] (FabricRegistrySync) Skipping un-modded registry: minecraft:particle_type
[19:51:36] [Netty NIO IO #4/DEBUG] (FabricRegistrySync) Skipping un-modded registry: minecraft:game_event
[19:51:36] [Netty NIO IO #4/DEBUG] (FabricRegistrySync) Not syncing registry: minecraft:worldgen/biome_source
[19:51:36] [Netty NIO IO #4/DEBUG] (FabricRegistrySync) Not syncing registry: minecraft:worldgen/root_placer_type
[19:51:36] [Netty NIO IO #4/DEBUG] (FabricRegistrySync) Skipping un-modded registry: minecraft:villager_type
[19:51:36] [Netty NIO IO #4/DEBUG] (FabricRegistrySync) Not syncing registry: minecraft:dialog_body_type
[19:51:36] [Netty NIO IO #4/DEBUG] (FabricRegistrySync) Not syncing registry: minecraft:block_predicate_type
[19:51:36] [Netty NIO IO #4/DEBUG] (FabricRegistrySync) Skipping un-modded registry: minecraft:block
[19:51:36] [Netty NIO IO #4/DEBUG] (FabricRegistrySync) Not syncing registry: minecraft:trigger_type
[19:51:36] [Netty NIO IO #4/DEBUG] (FabricRegistrySync) Not syncing registry: minecraft:sensor_type
[19:51:36] [Netty NIO IO #4/DEBUG] (FabricRegistrySync) Not syncing registry: minecraft:rule_test
[19:51:36] [Netty NIO IO #4/DEBUG] (FabricRegistrySync) Skipping un-modded registry: minecraft:map_decoration_type
[19:51:36] [Netty NIO IO #4/DEBUG] (FabricRegistrySync) Not syncing registry: minecraft:memory_module_type
[19:51:36] [Netty NIO IO #4/DEBUG] (FabricRegistrySync) Not syncing registry: minecraft:dialog_type
[19:51:36] [Netty NIO IO #4/DEBUG] (ServerConfigurationNetworkAddon for Player840) Handling inbound packet from channel with name "fabric:registry/sync/complete"
[19:51:36] [Netty NIO IO #4/DEBUG] (ServerConfigurationNetworkAddon for Player840) Handling inbound packet from channel with name "fabric:accepted_attachments_v1"
[19:51:36] [Netty NIO IO #4/DEBUG] (ServerConfigurationNetworkAddon for Player840) Handling inbound packet from channel with name "fabric:custom_ingredient_sync"
[19:51:36] [Netty NIO IO #4/DEBUG] (ServerConfigurationNetworkAddon for Player840) Handling inbound packet from channel with name "c:version"
[19:51:36] [Netty NIO IO #4/DEBUG] (ServerConfigurationNetworkAddon for Player840) Negotiated common packet version 1
[19:51:36] [Netty NIO IO #4/DEBUG] (ServerConfigurationNetworkAddon for Player840) Handling inbound packet from channel with name "c:register"
[19:51:36] [Netty NIO IO #4/DEBUG] (fabric-networking-api-v1) Received accepted channels from the client for play phase
[19:51:36] [Netty NIO IO #4/DEBUG] (ServerConfigurationNetworkAddon for Player840) Handling inbound packet from channel with name "fabric:recipe_sync/supported_serializers"
[19:51:36] [Server thread/DEBUG] (SynchronizeRegistriesTaskMixin) Synchronizing registries with common known packs: [vanilla:djs-fixed-progression:1.0.0, vanilla:ali:1.12.0, vanilla:dynamiclights:1.9.3+mod, vanilla:fabric-gametest-api-v1:3.1.27+4fc5413f3e, minecraft:core:1.21.11, vanilla:fabric-convention-tags-v2:2.17.3+8ef948ba3e]
[19:51:36] [Server thread/INFO] (net.minecraft.server.players.PlayerList) Player840[/127.0.0.1:57178] logged in with entity id 425 at (-15.509940329282157, 74.5625, 5.9686384787053255)
[19:51:36] [Netty NIO IO #4/DEBUG] (ServerPlayNetworkAddon for literal{Player840}[style={clickEvent=SuggestCommand[command=/tell Player840 ],hoverEvent=ShowEntity[entity=net.minecraft.network.chat.HoverEvent$EntityTooltipInfo@4d270255],insertion=Player840}]) Handling inbound packet from channel with name "jade:client_handshake"
[19:51:36] [Netty NIO IO #4/DEBUG] (ServerPlayNetworkAddon for literal{Player840}[style={clickEvent=SuggestCommand[command=/tell Player840 ],hoverEvent=ShowEntity[entity=net.minecraft.network.chat.HoverEvent$EntityTooltipInfo@4d270255],insertion=Player840}]) Handling inbound packet from channel with name "minecraft:register"
[19:51:36] [Server thread/INFO] (net.minecraft.server.MinecraftServer) Player840 joined the game
[19:51:36] [Server thread/DEBUG] (ServerPlayNetworkAddon for literal{Player840}[style={clickEvent=SuggestCommand[command=/tell Player840 ],hoverEvent=ShowEntity[entity=net.minecraft.network.chat.HoverEvent$EntityTooltipInfo@4d270255],insertion=Player840}]) Handling inbound packet from channel with name "jade:client_handshake"
[19:51:38] [Netty NIO IO #4/DEBUG] (ServerPlayNetworkAddon for literal{Player840}[style={clickEvent=SuggestCommand[command=/tell Player840 ],hoverEvent=ShowEntity[entity=net.minecraft.network.chat.HoverEvent$EntityTooltipInfo@4d270255],insertion=Player840}]) Handling inbound packet from channel with name "ali:request_loot_data"
[19:51:38] [Server thread/DEBUG] (ServerPlayNetworkAddon for literal{Player840}[style={clickEvent=SuggestCommand[command=/tell Player840 ],hoverEvent=ShowEntity[entity=net.minecraft.network.chat.HoverEvent$EntityTooltipInfo@4d270255],insertion=Player840}]) Handling inbound packet from channel with name "ali:request_loot_data"
[19:51:38] [Server thread/INFO] (com.yanny.ali.network.AbstractServer) Started syncing loot info to Player840
[19:51:38] [Server thread/INFO] (com.yanny.ali.network.AbstractServer) Finished syncing loot info to Player840
[19:51:40] [Netty NIO IO #4/DEBUG] (ServerPlayNetworkAddon for literal{Player840}[style={clickEvent=SuggestCommand[command=/tell Player840 ],hoverEvent=ShowEntity[entity=net.minecraft.network.chat.HoverEvent$EntityTooltipInfo@4d270255],insertion=Player840}]) Handling inbound packet from channel with name "jade:request_block"
[19:51:40] [Server thread/DEBUG] (ServerPlayNetworkAddon for literal{Player840}[style={clickEvent=SuggestCommand[command=/tell Player840 ],hoverEvent=ShowEntity[entity=net.minecraft.network.chat.HoverEvent$EntityTooltipInfo@4d270255],insertion=Player840}]) Handling inbound packet from channel with name "jade:request_block"
[19:51:40] [Netty NIO IO #4/DEBUG] (ServerPlayNetworkAddon for literal{Player840}[style={clickEvent=SuggestCommand[command=/tell Player840 ],hoverEvent=ShowEntity[entity=net.minecraft.network.chat.HoverEvent$EntityTooltipInfo@4d270255],insertion=Player840}]) Handling inbound packet from channel with name "jade:request_block"
[19:51:40] [Server thread/DEBUG] (ServerPlayNetworkAddon for literal{Player840}[style={clickEvent=SuggestCommand[command=/tell Player840 ],hoverEvent=ShowEntity[entity=net.minecraft.network.chat.HoverEvent$EntityTooltipInfo@4d270255],insertion=Player840}]) Handling inbound packet from channel with name "jade:request_block"
[19:51:42] [Netty NIO IO #3/DEBUG] (ServerPlayNetworkAddon for literal{Player548}[style={clickEvent=SuggestCommand[command=/tell Player548 ],hoverEvent=ShowEntity[entity=net.minecraft.network.chat.HoverEvent$EntityTooltipInfo@70cb61f5],insertion=Player548}]) Handling inbound packet from channel with name "jade:request_block"
[19:51:42] [Server thread/DEBUG] (ServerPlayNetworkAddon for literal{Player548}[style={clickEvent=SuggestCommand[command=/tell Player548 ],hoverEvent=ShowEntity[entity=net.minecraft.network.chat.HoverEvent$EntityTooltipInfo@70cb61f5],insertion=Player548}]) Handling inbound packet from channel with name "jade:request_block"
[19:51:42] [Netty NIO IO #3/DEBUG] (ServerPlayNetworkAddon for literal{Player548}[style={clickEvent=SuggestCommand[command=/tell Player548 ],hoverEvent=ShowEntity[entity=net.minecraft.network.chat.HoverEvent$EntityTooltipInfo@70cb61f5],insertion=Player548}]) Handling inbound packet from channel with name "jade:request_block"
[19:51:42] [Server thread/DEBUG] (ServerPlayNetworkAddon for literal{Player548}[style={clickEvent=SuggestCommand[command=/tell Player548 ],hoverEvent=ShowEntity[entity=net.minecraft.network.chat.HoverEvent$EntityTooltipInfo@70cb61f5],insertion=Player548}]) Handling inbound packet from channel with name "jade:request_block"
[19:51:42] [Netty NIO IO #3/DEBUG] (ServerPlayNetworkAddon for literal{Player548}[style={clickEvent=SuggestCommand[command=/tell Player548 ],hoverEvent=ShowEntity[entity=net.minecraft.network.chat.HoverEvent$EntityTooltipInfo@70cb61f5],insertion=Player548}]) Handling inbound packet from channel with name "jade:request_block"
[19:51:42] [Server thread/DEBUG] (ServerPlayNetworkAddon for literal{Player548}[style={clickEvent=SuggestCommand[command=/tell Player548 ],hoverEvent=ShowEntity[entity=net.minecraft.network.chat.HoverEvent$EntityTooltipInfo@70cb61f5],insertion=Player548}]) Handling inbound packet from channel with name "jade:request_block"
[19:51:42] [Netty NIO IO #3/DEBUG] (ServerPlayNetworkAddon for literal{Player548}[style={clickEvent=SuggestCommand[command=/tell Player548 ],hoverEvent=ShowEntity[entity=net.minecraft.network.chat.HoverEvent$EntityTooltipInfo@70cb61f5],insertion=Player548}]) Handling inbound packet from channel with name "jade:request_block"
[19:51:42] [Server thread/DEBUG] (ServerPlayNetworkAddon for literal{Player548}[style={clickEvent=SuggestCommand[command=/tell Player548 ],hoverEvent=ShowEntity[entity=net.minecraft.network.chat.HoverEvent$EntityTooltipInfo@70cb61f5],insertion=Player548}]) Handling inbound packet from channel with name "jade:request_block"
[19:51:43] [Netty NIO IO #3/DEBUG] (ServerPlayNetworkAddon for literal{Player548}[style={clickEvent=SuggestCommand[command=/tell Player548 ],hoverEvent=ShowEntity[entity=net.minecraft.network.chat.HoverEvent$EntityTooltipInfo@70cb61f5],insertion=Player548}]) Handling inbound packet from channel with name "jade:request_block"
[19:51:43] [Server thread/DEBUG] (ServerPlayNetworkAddon for literal{Player548}[style={clickEvent=SuggestCommand[command=/tell Player548 ],hoverEvent=ShowEntity[entity=net.minecraft.network.chat.HoverEvent$EntityTooltipInfo@70cb61f5],insertion=Player548}]) Handling inbound packet from channel with name "jade:request_block"
[19:51:43] [Netty NIO IO #3/DEBUG] (ServerPlayNetworkAddon for literal{Player548}[style={clickEvent=SuggestCommand[command=/tell Player548 ],hoverEvent=ShowEntity[entity=net.minecraft.network.chat.HoverEvent$EntityTooltipInfo@70cb61f5],insertion=Player548}]) Handling inbound packet from channel with name "jade:request_block"
[19:51:43] [Server thread/DEBUG] (ServerPlayNetworkAddon for literal{Player548}[style={clickEvent=SuggestCommand[command=/tell Player548 ],hoverEvent=ShowEntity[entity=net.minecraft.network.chat.HoverEvent$EntityTooltipInfo@70cb61f5],insertion=Player548}]) Handling inbound packet from channel with name "jade:request_block"
[19:51:43] [Netty NIO IO #3/DEBUG] (ServerPlayNetworkAddon for literal{Player548}[style={clickEvent=SuggestCommand[command=/tell Player548 ],hoverEvent=ShowEntity[entity=net.minecraft.network.chat.HoverEvent$EntityTooltipInfo@70cb61f5],insertion=Player548}]) Handling inbound packet from channel with name "jade:request_block"
[19:51:43] [Server thread/DEBUG] (ServerPlayNetworkAddon for literal{Player548}[style={clickEvent=SuggestCommand[command=/tell Player548 ],hoverEvent=ShowEntity[entity=net.minecraft.network.chat.HoverEvent$EntityTooltipInfo@70cb61f5],insertion=Player548}]) Handling inbound packet from channel with name "jade:request_block"
[19:51:45] [Netty NIO IO #4/DEBUG] (ServerPlayNetworkAddon for literal{Player840}[style={clickEvent=SuggestCommand[command=/tell Player840 ],hoverEvent=ShowEntity[entity=net.minecraft.network.chat.HoverEvent$EntityTooltipInfo@4d270255],insertion=Player840}]) Handling inbound packet from channel with name "djsfixedprogression:sleep_vote"
[19:51:45] [Server thread/DEBUG] (ServerPlayNetworkAddon for literal{Player840}[style={clickEvent=SuggestCommand[command=/tell Player840 ],hoverEvent=ShowEntity[entity=net.minecraft.network.chat.HoverEvent$EntityTooltipInfo@4d270255],insertion=Player840}]) Handling inbound packet from channel with name "djsfixedprogression:sleep_vote"
[19:51:46] [Netty NIO IO #4/DEBUG] (ServerPlayNetworkAddon for literal{Player840}[style={clickEvent=SuggestCommand[command=/tell Player840 ],hoverEvent=ShowEntity[entity=net.minecraft.network.chat.HoverEvent$EntityTooltipInfo@4d270255],insertion=Player840}]) Handling inbound packet from channel with name "jade:request_block"
[19:51:46] [Server thread/DEBUG] (ServerPlayNetworkAddon for literal{Player840}[style={clickEvent=SuggestCommand[command=/tell Player840 ],hoverEvent=ShowEntity[entity=net.minecraft.network.chat.HoverEvent$EntityTooltipInfo@4d270255],insertion=Player840}]) Handling inbound packet from channel with name "jade:request_block"
[19:51:47] [Netty NIO IO #4/DEBUG] (ServerPlayNetworkAddon for literal{Player840}[style={clickEvent=SuggestCommand[command=/tell Player840 ],hoverEvent=ShowEntity[entity=net.minecraft.network.chat.HoverEvent$EntityTooltipInfo@4d270255],insertion=Player840}]) Handling inbound packet from channel with name "jade:request_block"
[19:51:47] [Server thread/DEBUG] (ServerPlayNetworkAddon for literal{Player840}[style={clickEvent=SuggestCommand[command=/tell Player840 ],hoverEvent=ShowEntity[entity=net.minecraft.network.chat.HoverEvent$EntityTooltipInfo@4d270255],insertion=Player840}]) Handling inbound packet from channel with name "jade:request_block"
[19:51:47] [Netty NIO IO #4/DEBUG] (ServerPlayNetworkAddon for literal{Player840}[style={clickEvent=SuggestCommand[command=/tell Player840 ],hoverEvent=ShowEntity[entity=net.minecraft.network.chat.HoverEvent$EntityTooltipInfo@4d270255],insertion=Player840}]) Handling inbound packet from channel with name "jade:request_block"
[19:51:47] [Server thread/DEBUG] (ServerPlayNetworkAddon for literal{Player840}[style={clickEvent=SuggestCommand[command=/tell Player840 ],hoverEvent=ShowEntity[entity=net.minecraft.network.chat.HoverEvent$EntityTooltipInfo@4d270255],insertion=Player840}]) Handling inbound packet from channel with name "jade:request_block"
[19:52:06] [Netty NIO IO #3/DEBUG] (ServerPlayNetworkAddon for literal{Player548}[style={clickEvent=SuggestCommand[command=/tell Player548 ],hoverEvent=ShowEntity[entity=net.minecraft.network.chat.HoverEvent$EntityTooltipInfo@70cb61f5],insertion=Player548}]) Handling inbound packet from channel with name "djsfixedprogression:sleep_vote"
[19:52:06] [Server thread/DEBUG] (ServerPlayNetworkAddon for literal{Player548}[style={clickEvent=SuggestCommand[command=/tell Player548 ],hoverEvent=ShowEntity[entity=net.minecraft.network.chat.HoverEvent$EntityTooltipInfo@70cb61f5],insertion=Player548}]) Handling inbound packet from channel with name "djsfixedprogression:sleep_vote"
[19:52:09] [Netty NIO IO #4/DEBUG] (ServerPlayNetworkAddon for literal{Player840}[style={clickEvent=SuggestCommand[command=/tell Player840 ],hoverEvent=ShowEntity[entity=net.minecraft.network.chat.HoverEvent$EntityTooltipInfo@4d270255],insertion=Player840}]) Handling inbound packet from channel with name "djsfixedprogression:sleep_vote"
[19:52:09] [Server thread/DEBUG] (ServerPlayNetworkAddon for literal{Player840}[style={clickEvent=SuggestCommand[command=/tell Player840 ],hoverEvent=ShowEntity[entity=net.minecraft.network.chat.HoverEvent$EntityTooltipInfo@4d270255],insertion=Player840}]) Handling inbound packet from channel with name "djsfixedprogression:sleep_vote"
[19:52:09] [Server thread/INFO] (net.minecraft.server.MinecraftServer) The night was skipped
[19:52:09] [Netty NIO IO #3/DEBUG] (ServerPlayNetworkAddon for literal{Player548}[style={clickEvent=SuggestCommand[command=/tell Player548 ],hoverEvent=ShowEntity[entity=net.minecraft.network.chat.HoverEvent$EntityTooltipInfo@70cb61f5],insertion=Player548}]) Handling inbound packet from channel with name "jade:request_entity"
[19:52:09] [Netty NIO IO #4/DEBUG] (ServerPlayNetworkAddon for literal{Player840}[style={clickEvent=SuggestCommand[command=/tell Player840 ],hoverEvent=ShowEntity[entity=net.minecraft.network.chat.HoverEvent$EntityTooltipInfo@4d270255],insertion=Player840}]) Handling inbound packet from channel with name "jade:request_block"
[19:52:09] [Server thread/DEBUG] (ServerPlayNetworkAddon for literal{Player548}[style={clickEvent=SuggestCommand[command=/tell Player548 ],hoverEvent=ShowEntity[entity=net.minecraft.network.chat.HoverEvent$EntityTooltipInfo@70cb61f5],insertion=Player548}]) Handling inbound packet from channel with name "jade:request_entity"
[19:52:09] [Server thread/DEBUG] (ServerPlayNetworkAddon for literal{Player840}[style={clickEvent=SuggestCommand[command=/tell Player840 ],hoverEvent=ShowEntity[entity=net.minecraft.network.chat.HoverEvent$EntityTooltipInfo@4d270255],insertion=Player840}]) Handling inbound packet from channel with name "jade:request_block"
[19:52:09] [Netty NIO IO #3/DEBUG] (ServerPlayNetworkAddon for literal{Player548}[style={clickEvent=SuggestCommand[command=/tell Player548 ],hoverEvent=ShowEntity[entity=net.minecraft.network.chat.HoverEvent$EntityTooltipInfo@70cb61f5],insertion=Player548}]) Handling inbound packet from channel with name "jade:request_entity"
[19:52:09] [Server thread/DEBUG] (ServerPlayNetworkAddon for literal{Player548}[style={clickEvent=SuggestCommand[command=/tell Player548 ],hoverEvent=ShowEntity[entity=net.minecraft.network.chat.HoverEvent$EntityTooltipInfo@70cb61f5],insertion=Player548}]) Handling inbound packet from channel with name "jade:request_entity"
[19:53:40] [Netty NIO IO #1/DEBUG] (ServerPlayNetworkAddon for literal{Player995}[style={clickEvent=SuggestCommand[command=/tell Player995 ],hoverEvent=ShowEntity[entity=net.minecraft.network.chat.HoverEvent$EntityTooltipInfo@1b252f4e],insertion=Player995}]) Handling inbound packet from channel with name "jade:request_block"
[19:53:40] [Server thread/DEBUG] (ServerPlayNetworkAddon for literal{Player995}[style={clickEvent=SuggestCommand[command=/tell Player995 ],hoverEvent=ShowEntity[entity=net.minecraft.network.chat.HoverEvent$EntityTooltipInfo@1b252f4e],insertion=Player995}]) Handling inbound packet from channel with name "jade:request_block"
[19:53:40] [Netty NIO IO #1/DEBUG] (ServerPlayNetworkAddon for literal{Player995}[style={clickEvent=SuggestCommand[command=/tell Player995 ],hoverEvent=ShowEntity[entity=net.minecraft.network.chat.HoverEvent$EntityTooltipInfo@1b252f4e],insertion=Player995}]) Handling inbound packet from channel with name "jade:request_block"
[19:53:40] [Server thread/DEBUG] (ServerPlayNetworkAddon for literal{Player995}[style={clickEvent=SuggestCommand[command=/tell Player995 ],hoverEvent=ShowEntity[entity=net.minecraft.network.chat.HoverEvent$EntityTooltipInfo@1b252f4e],insertion=Player995}]) Handling inbound packet from channel with name "jade:request_block"
[19:53:40] [Netty NIO IO #1/DEBUG] (ServerPlayNetworkAddon for literal{Player995}[style={clickEvent=SuggestCommand[command=/tell Player995 ],hoverEvent=ShowEntity[entity=net.minecraft.network.chat.HoverEvent$EntityTooltipInfo@1b252f4e],insertion=Player995}]) Handling inbound packet from channel with name "jade:request_block"
[19:53:40] [Server thread/DEBUG] (ServerPlayNetworkAddon for literal{Player995}[style={clickEvent=SuggestCommand[command=/tell Player995 ],hoverEvent=ShowEntity[entity=net.minecraft.network.chat.HoverEvent$EntityTooltipInfo@1b252f4e],insertion=Player995}]) Handling inbound packet from channel with name "jade:request_block"
[19:53:41] [Netty NIO IO #1/DEBUG] (ServerPlayNetworkAddon for literal{Player995}[style={clickEvent=SuggestCommand[command=/tell Player995 ],hoverEvent=ShowEntity[entity=net.minecraft.network.chat.HoverEvent$EntityTooltipInfo@1b252f4e],insertion=Player995}]) Handling inbound packet from channel with name "jade:request_block"
[19:53:41] [Server thread/DEBUG] (ServerPlayNetworkAddon for literal{Player995}[style={clickEvent=SuggestCommand[command=/tell Player995 ],hoverEvent=ShowEntity[entity=net.minecraft.network.chat.HoverEvent$EntityTooltipInfo@1b252f4e],insertion=Player995}]) Handling inbound packet from channel with name "jade:request_block"
[19:53:42] [Server thread/INFO] (net.minecraft.server.MinecraftServer) [Player995: Set the time to 13500]
[19:53:42] [Netty NIO IO #1/DEBUG] (ServerPlayNetworkAddon for literal{Player995}[style={clickEvent=SuggestCommand[command=/tell Player995 ],hoverEvent=ShowEntity[entity=net.minecraft.network.chat.HoverEvent$EntityTooltipInfo@1b252f4e],insertion=Player995}]) Handling inbound packet from channel with name "jade:request_block"
[19:53:42] [Server thread/DEBUG] (ServerPlayNetworkAddon for literal{Player995}[style={clickEvent=SuggestCommand[command=/tell Player995 ],hoverEvent=ShowEntity[entity=net.minecraft.network.chat.HoverEvent$EntityTooltipInfo@1b252f4e],insertion=Player995}]) Handling inbound packet from channel with name "jade:request_block"
[19:53:43] [Netty NIO IO #1/DEBUG] (ServerPlayNetworkAddon for literal{Player995}[style={clickEvent=SuggestCommand[command=/tell Player995 ],hoverEvent=ShowEntity[entity=net.minecraft.network.chat.HoverEvent$EntityTooltipInfo@1b252f4e],insertion=Player995}]) Handling inbound packet from channel with name "jade:request_block"
[19:53:43] [Server thread/DEBUG] (ServerPlayNetworkAddon for literal{Player995}[style={clickEvent=SuggestCommand[command=/tell Player995 ],hoverEvent=ShowEntity[entity=net.minecraft.network.chat.HoverEvent$EntityTooltipInfo@1b252f4e],insertion=Player995}]) Handling inbound packet from channel with name "jade:request_block"
[19:53:43] [Netty NIO IO #1/DEBUG] (ServerPlayNetworkAddon for literal{Player995}[style={clickEvent=SuggestCommand[command=/tell Player995 ],hoverEvent=ShowEntity[entity=net.minecraft.network.chat.HoverEvent$EntityTooltipInfo@1b252f4e],insertion=Player995}]) Handling inbound packet from channel with name "jade:request_block"
[19:53:43] [Server thread/DEBUG] (ServerPlayNetworkAddon for literal{Player995}[style={clickEvent=SuggestCommand[command=/tell Player995 ],hoverEvent=ShowEntity[entity=net.minecraft.network.chat.HoverEvent$EntityTooltipInfo@1b252f4e],insertion=Player995}]) Handling inbound packet from channel with name "jade:request_block"
[19:53:43] [Netty NIO IO #1/DEBUG] (ServerPlayNetworkAddon for literal{Player995}[style={clickEvent=SuggestCommand[command=/tell Player995 ],hoverEvent=ShowEntity[entity=net.minecraft.network.chat.HoverEvent$EntityTooltipInfo@1b252f4e],insertion=Player995}]) Handling inbound packet from channel with name "jade:request_block"
[19:53:43] [Server thread/DEBUG] (ServerPlayNetworkAddon for literal{Player995}[style={clickEvent=SuggestCommand[command=/tell Player995 ],hoverEvent=ShowEntity[entity=net.minecraft.network.chat.HoverEvent$EntityTooltipInfo@1b252f4e],insertion=Player995}]) Handling inbound packet from channel with name "jade:request_block"
[19:53:44] [Netty NIO IO #1/DEBUG] (ServerPlayNetworkAddon for literal{Player995}[style={clickEvent=SuggestCommand[command=/tell Player995 ],hoverEvent=ShowEntity[entity=net.minecraft.network.chat.HoverEvent$EntityTooltipInfo@1b252f4e],insertion=Player995}]) Handling inbound packet from channel with name "jade:request_block"
[19:53:44] [Server thread/DEBUG] (ServerPlayNetworkAddon for literal{Player995}[style={clickEvent=SuggestCommand[command=/tell Player995 ],hoverEvent=ShowEntity[entity=net.minecraft.network.chat.HoverEvent$EntityTooltipInfo@1b252f4e],insertion=Player995}]) Handling inbound packet from channel with name "jade:request_block"
[19:53:44] [Netty NIO IO #1/DEBUG] (ServerPlayNetworkAddon for literal{Player995}[style={clickEvent=SuggestCommand[command=/tell Player995 ],hoverEvent=ShowEntity[entity=net.minecraft.network.chat.HoverEvent$EntityTooltipInfo@1b252f4e],insertion=Player995}]) Handling inbound packet from channel with name "jade:request_block"
[19:53:44] [Server thread/DEBUG] (ServerPlayNetworkAddon for literal{Player995}[style={clickEvent=SuggestCommand[command=/tell Player995 ],hoverEvent=ShowEntity[entity=net.minecraft.network.chat.HoverEvent$EntityTooltipInfo@1b252f4e],insertion=Player995}]) Handling inbound packet from channel with name "jade:request_block"
[19:53:44] [Netty NIO IO #1/DEBUG] (ServerPlayNetworkAddon for literal{Player995}[style={clickEvent=SuggestCommand[command=/tell Player995 ],hoverEvent=ShowEntity[entity=net.minecraft.network.chat.HoverEvent$EntityTooltipInfo@1b252f4e],insertion=Player995}]) Handling inbound packet from channel with name "jade:request_block"
[19:53:44] [Server thread/DEBUG] (ServerPlayNetworkAddon for literal{Player995}[style={clickEvent=SuggestCommand[command=/tell Player995 ],hoverEvent=ShowEntity[entity=net.minecraft.network.chat.HoverEvent$EntityTooltipInfo@1b252f4e],insertion=Player995}]) Handling inbound packet from channel with name "jade:request_block"
[19:53:47] [Netty NIO IO #1/DEBUG] (ServerPlayNetworkAddon for literal{Player995}[style={clickEvent=SuggestCommand[command=/tell Player995 ],hoverEvent=ShowEntity[entity=net.minecraft.network.chat.HoverEvent$EntityTooltipInfo@1b252f4e],insertion=Player995}]) Handling inbound packet from channel with name "jade:request_block"
[19:53:47] [Server thread/DEBUG] (ServerPlayNetworkAddon for literal{Player995}[style={clickEvent=SuggestCommand[command=/tell Player995 ],hoverEvent=ShowEntity[entity=net.minecraft.network.chat.HoverEvent$EntityTooltipInfo@1b252f4e],insertion=Player995}]) Handling inbound packet from channel with name "jade:request_block"
[19:53:47] [Netty NIO IO #1/DEBUG] (ServerPlayNetworkAddon for literal{Player995}[style={clickEvent=SuggestCommand[command=/tell Player995 ],hoverEvent=ShowEntity[entity=net.minecraft.network.chat.HoverEvent$EntityTooltipInfo@1b252f4e],insertion=Player995}]) Handling inbound packet from channel with name "jade:request_block"
[19:53:47] [Server thread/DEBUG] (ServerPlayNetworkAddon for literal{Player995}[style={clickEvent=SuggestCommand[command=/tell Player995 ],hoverEvent=ShowEntity[entity=net.minecraft.network.chat.HoverEvent$EntityTooltipInfo@1b252f4e],insertion=Player995}]) Handling inbound packet from channel with name "jade:request_block"
[19:53:47] [Netty NIO IO #1/DEBUG] (ServerPlayNetworkAddon for literal{Player995}[style={clickEvent=SuggestCommand[command=/tell Player995 ],hoverEvent=ShowEntity[entity=net.minecraft.network.chat.HoverEvent$EntityTooltipInfo@1b252f4e],insertion=Player995}]) Handling inbound packet from channel with name "jade:request_block"
[19:53:47] [Server thread/DEBUG] (ServerPlayNetworkAddon for literal{Player995}[style={clickEvent=SuggestCommand[command=/tell Player995 ],hoverEvent=ShowEntity[entity=net.minecraft.network.chat.HoverEvent$EntityTooltipInfo@1b252f4e],insertion=Player995}]) Handling inbound packet from channel with name "jade:request_block"
[19:53:48] [Netty NIO IO #1/DEBUG] (ServerPlayNetworkAddon for literal{Player995}[style={clickEvent=SuggestCommand[command=/tell Player995 ],hoverEvent=ShowEntity[entity=net.minecraft.network.chat.HoverEvent$EntityTooltipInfo@1b252f4e],insertion=Player995}]) Handling inbound packet from channel with name "jade:request_block"
[19:53:48] [Server thread/DEBUG] (ServerPlayNetworkAddon for literal{Player995}[style={clickEvent=SuggestCommand[command=/tell Player995 ],hoverEvent=ShowEntity[entity=net.minecraft.network.chat.HoverEvent$EntityTooltipInfo@1b252f4e],insertion=Player995}]) Handling inbound packet from channel with name "jade:request_block"
[19:53:52] [Netty NIO IO #1/DEBUG] (ServerPlayNetworkAddon for literal{Player995}[style={clickEvent=SuggestCommand[command=/tell Player995 ],hoverEvent=ShowEntity[entity=net.minecraft.network.chat.HoverEvent$EntityTooltipInfo@1b252f4e],insertion=Player995}]) Handling inbound packet from channel with name "jade:request_block"
[19:53:52] [Server thread/DEBUG] (ServerPlayNetworkAddon for literal{Player995}[style={clickEvent=SuggestCommand[command=/tell Player995 ],hoverEvent=ShowEntity[entity=net.minecraft.network.chat.HoverEvent$EntityTooltipInfo@1b252f4e],insertion=Player995}]) Handling inbound packet from channel with name "jade:request_block"
[19:53:53] [Netty NIO IO #1/DEBUG] (ServerPlayNetworkAddon for literal{Player995}[style={clickEvent=SuggestCommand[command=/tell Player995 ],hoverEvent=ShowEntity[entity=net.minecraft.network.chat.HoverEvent$EntityTooltipInfo@1b252f4e],insertion=Player995}]) Handling inbound packet from channel with name "jade:request_block"
[19:53:53] [Server thread/DEBUG] (ServerPlayNetworkAddon for literal{Player995}[style={clickEvent=SuggestCommand[command=/tell Player995 ],hoverEvent=ShowEntity[entity=net.minecraft.network.chat.HoverEvent$EntityTooltipInfo@1b252f4e],insertion=Player995}]) Handling inbound packet from channel with name "jade:request_block"
[19:57:47] [Server thread/INFO] (net.minecraft.server.network.ServerGamePacketListenerImpl) Player840 lost connection: Disconnected
[19:57:47] [Server thread/INFO] (net.minecraft.server.MinecraftServer) Player840 left the game
[19:57:48] [Server thread/INFO] (net.minecraft.server.network.ServerGamePacketListenerImpl) Player548 lost connection: Disconnected
[19:57:48] [Server thread/INFO] (net.minecraft.server.MinecraftServer) Player548 left the game
[19:57:53] [Netty NIO IO #1/DEBUG] (ServerPlayNetworkAddon for literal{Player995}[style={clickEvent=SuggestCommand[command=/tell Player995 ],hoverEvent=ShowEntity[entity=net.minecraft.network.chat.HoverEvent$EntityTooltipInfo@1b252f4e],insertion=Player995}]) Handling inbound packet from channel with name "jade:request_block"
[19:57:53] [Server thread/DEBUG] (ServerPlayNetworkAddon for literal{Player995}[style={clickEvent=SuggestCommand[command=/tell Player995 ],hoverEvent=ShowEntity[entity=net.minecraft.network.chat.HoverEvent$EntityTooltipInfo@1b252f4e],insertion=Player995}]) Handling inbound packet from channel with name "jade:request_block"
[19:57:54] [Netty NIO IO #1/DEBUG] (ServerPlayNetworkAddon for literal{Player995}[style={clickEvent=SuggestCommand[command=/tell Player995 ],hoverEvent=ShowEntity[entity=net.minecraft.network.chat.HoverEvent$EntityTooltipInfo@1b252f4e],insertion=Player995}]) Handling inbound packet from channel with name "jade:request_block"
[19:57:54] [Server thread/DEBUG] (ServerPlayNetworkAddon for literal{Player995}[style={clickEvent=SuggestCommand[command=/tell Player995 ],hoverEvent=ShowEntity[entity=net.minecraft.network.chat.HoverEvent$EntityTooltipInfo@1b252f4e],insertion=Player995}]) Handling inbound packet from channel with name "jade:request_block"
[19:58:05] [Netty NIO IO #1/DEBUG] (ServerPlayNetworkAddon for literal{Player995}[style={clickEvent=SuggestCommand[command=/tell Player995 ],hoverEvent=ShowEntity[entity=net.minecraft.network.chat.HoverEvent$EntityTooltipInfo@1b252f4e],insertion=Player995}]) Handling inbound packet from channel with name "jade:request_block"
[19:58:05] [Server thread/DEBUG] (ServerPlayNetworkAddon for literal{Player995}[style={clickEvent=SuggestCommand[command=/tell Player995 ],hoverEvent=ShowEntity[entity=net.minecraft.network.chat.HoverEvent$EntityTooltipInfo@1b252f4e],insertion=Player995}]) Handling inbound packet from channel with name "jade:request_block"
[19:58:06] [Server thread/INFO] (net.minecraft.server.network.ServerGamePacketListenerImpl) Player995 lost connection: Disconnected
[19:58:06] [Server thread/INFO] (net.minecraft.server.MinecraftServer) Player995 left the game
[19:58:16] [Server thread/INFO] (net.minecraft.server.MinecraftServer) Stopping the server
[19:58:16] [Server thread/INFO] (com.yanny.aci.manager.CorePluginManager) Deregistering server plugin data...
[19:58:16] [Server thread/INFO] (com.yanny.aci.manager.CorePluginManager) Deregistering server plugin data finished
[19:58:16] [Server thread/INFO] (net.minecraft.server.MinecraftServer) Stopping server
[19:58:16] [Server thread/INFO] (net.minecraft.server.MinecraftServer) Saving players
[19:58:16] [Server thread/INFO] (net.minecraft.server.MinecraftServer) Saving worlds
[19:58:16] [Server thread/INFO] (net.minecraft.server.MinecraftServer) Saving chunks for level 'ServerLevel[world]'/minecraft:overworld
[19:58:16] [Server thread/INFO] (net.minecraft.server.MinecraftServer) Saving chunks for level 'ServerLevel[world]'/minecraft:the_nether
[19:58:16] [Server thread/INFO] (net.minecraft.server.MinecraftServer) Saving chunks for level 'ServerLevel[world]'/minecraft:the_end
[19:58:16] [Server thread/INFO] (net.minecraft.server.MinecraftServer) ThreadedAnvilChunkStorage (world): All chunks are saved
[19:58:16] [Server thread/INFO] (net.minecraft.server.MinecraftServer) ThreadedAnvilChunkStorage (DIM-1): All chunks are saved
[19:58:16] [Server thread/INFO] (net.minecraft.server.MinecraftServer) ThreadedAnvilChunkStorage (DIM1): All chunks are saved
[19:58:16] [Server thread/INFO] (net.minecraft.server.MinecraftServer) ThreadedAnvilChunkStorage: All dimensions are saved
